{
  "features": [
    {
      "geometry": {
        "coordinates": [
          [
            4.351048824914489e-05,
            1.106971760168208e-05,
            0
          ],
          [
            4.0758283663742355e-05,
            1.1071197850297082e-05,
            0
          ],
          [
            3.989510150610521e-05,
            1.1071312364827693e-05,
            0
          ]
        ],
        "type": "LineString"
      },
      "properties": {
        "Id": "{2b499a0d-9e4b-3627-9a24-4d33619a020c}",
        "LaneType": "Shoulder",
        "LeftBoundary": {
          "Dir": "Forward",
          "Id": "{24434bde-47ef-3579-890e-48534511c511}"
        },
        "Predecessors": [],
        "RightBoundary": {
          "Dir": "Forward",
          "Id": "{6d279f98-fcf2-3bbd-a786-b762ed589dd4}"
        },
        "Successors": [],
        "TravelDir": "Undirected",
        "Type": "Lane"
      },
      "type": "Feature"
    },
    {
      "geometry": {
        "coordinates": [
          [
            4.3511620954355545e-05,
            1.2426271337964419e-05,
            0
          ],
          [
            4.075859070758573e-05,
            1.2427752030654053e-05,
            0
          ],
          [
            3.989514959529463e-05,
            1.242786657953904e-05,
            0
          ]
        ],
        "type": "LineString"
      },
      "properties": {
        "Id": "{1c0d6342-89f9-3f21-97a1-b302c5a611c2}",
        "LaneType": "Driving",
        "LeftBoundary": {
          "Dir": "Forward",
          "Id": "{6d279f98-fcf2-3bbd-a786-b762ed589dd4}"
        },
        "Predecessors": [
          {
            "Dir": "Forward",
            "Id": "{c5771a52-88b2-3751-8491-b0b3989db886}"
          }
        ],
        "RightBoundary": {
          "Dir": "Forward",
          "Id": "{745dea6a-812d-34ab-a15f-5c1a9149737b}"
        },
        "SpeedLimit": "40mph",
        "Successors": [
          {
            "Dir": "Forward",
            "Id": "{251646c6-ab00-3c9c-86e8-4a18ec32fba7}"
          }
        ],
        "TravelDir": "Backward",
        "Type": "Lane"
      },
      "type": "Feature"
    },
    {
      "geometry": {
        "coordinates": [
          [
            4.3513886364790235e-05,
            1.5139378810529093e-05,
            0
          ],
          [
            4.075920479526721e-05,
            1.5140860391367997e-05,
            0
          ],
          [
            3.9895245773684184e-05,
            1.5140975008961727e-05,
            0
          ]
        ],
        "type": "LineString"
      },
      "properties": {
        "Id": "{858ddf59-0553-3bfe-8a4a-007d9519a5f6}",
        "LaneType": "Driving",
        "LeftBoundary": {
          "Dir": "Forward",
          "Id": "{745dea6a-812d-34ab-a15f-5c1a9149737b}"
        },
        "Predecessors": [
          {
            "Dir": "Forward",
            "Id": "{2d34777d-b04a-3612-be64-f7a45c388396}"
          }
        ],
        "RightBoundary": {
          "Dir": "Forward",
          "Id": "{4cb8dfd3-f5a2-3040-8202-fe19bcd5749f}"
        },
        "SpeedLimit": "40mph",
        "Successors": [
          {
            "Dir": "Forward",
            "Id": "{70d6262f-cf98-39bb-b6c6-cd47fcd6e62d}"
          },
          {
            "Dir": "Forward",
            "Id": "{a902bcc4-cd8c-39b3-a497-b72c70289c47}"
          }
        ],
        "TravelDir": "Forward",
        "Type": "Lane"
      },
      "type": "Feature"
    },
    {
      "geometry": {
        "coordinates": [
          [
            4.35152078542112e-05,
            1.6722024836191823e-05,
            0
          ],
          [
            4.075956301307435e-05,
            1.6723506935117794e-05,
            0
          ],
          [
            3.9895301877751024e-05,
            1.672362159279163e-05,
            0
          ]
        ],
        "type": "LineString"
      },
      "properties": {
        "Id": "{df457a4e-91b8-3d76-bc25-b630c8c91eae}",
        "LaneType": "Shoulder",
        "LeftBoundary": {
          "Dir": "Forward",
          "Id": "{4cb8dfd3-f5a2-3040-8202-fe19bcd5749f}"
        },
        "Predecessors": [
          {
            "Dir": "Forward",
            "Id": "{ef032f18-b3c9-36b9-899e-0bcf29cb515d}"
          }
        ],
        "RightBoundary": {
          "Dir": "Forward",
          "Id": "{72c92d6b-9e01-3737-a039-dfce2f1818c6}"
        },
        "Successors": [
          {
            "Dir": "Forward",
            "Id": "{2e170bab-3bb3-3210-af10-ae84ee40c25c}"
          }
        ],
        "TravelDir": "Undirected",
        "Type": "Lane"
      },
      "type": "Feature"
    },
    {
      "geometry": {
        "coordinates": [
          [
            3.989514959529463e-05,
            1.242786657953904e-05,
            0
          ],
          [
            3.842160790447196e-05,
            1.2427676255509512e-05,
            0
          ]
        ],
        "type": "LineString"
      },
      "properties": {
        "Id": "{251646c6-ab00-3c9c-86e8-4a18ec32fba7}",
        "LaneType": "Driving",
        "LeftBoundary": {
          "Dir": "Forward",
          "Id": "{616af63d-2ec5-37d9-b80c-55e704d3f8c1}"
        },
        "Predecessors": [
          {
            "Dir": "Forward",
            "Id": "{1c0d6342-89f9-3f21-97a1-b302c5a611c2}"
          }
        ],
        "RightBoundary": {
          "Dir": "Forward",
          "Id": "{10bd0029-1c56-3f3c-9523-f47c318cf8ff}"
        },
        "SpeedLimit": "40mph",
        "Successors": [
          {
            "Dir": "Forward",
            "Id": "{a30a4456-8c80-34b5-bde4-f43494272aaf}"
          },
          {
            "Dir": "Backward",
            "Id": "{6789762e-ebe9-33e6-8167-d529a7b5a473}"
          }
        ],
        "TravelDir": "Backward",
        "Type": "Lane"
      },
      "type": "Feature"
    },
    {
      "geometry": {
        "coordinates": [
          [
            3.9895245773684184e-05,
            1.5140975008961727e-05,
            0
          ],
          [
            3.842082022299502e-05,
            1.5140784570772073e-05,
            0
          ]
        ],
        "type": "LineString"
      },
      "properties": {
        "Id": "{70d6262f-cf98-39bb-b6c6-cd47fcd6e62d}",
        "LaneType": "Driving",
        "LeftBoundary": {
          "Dir": "Forward",
          "Id": "{10bd0029-1c56-3f3c-9523-f47c318cf8ff}"
        },
        "Predecessors": [
          {
            "Dir": "Forward",
            "Id": "{858ddf59-0553-3bfe-8a4a-007d9519a5f6}"
          }
        ],
        "RightBoundary": {
          "Dir": "Forward",
          "Id": "{22adbcd7-a470-3caa-90b2-08b595f1dc59}"
        },
        "SpeedLimit": "40mph",
        "Successors": [
          {
            "Dir": "Forward",
            "Id": "{45692e26-a4ea-3c9f-8525-e6f36f09e683}"
          }
        ],
        "TravelDir": "Forward",
        "Type": "Lane"
      },
      "type": "Feature"
    },
    {
      "geometry": {
        "coordinates": [
          [
            3.9895301877751024e-05,
            1.672362159279163e-05,
            0
          ],
          [
            3.842036074213773e-05,
            1.6723431088008574e-05,
            0
          ]
        ],
        "type": "LineString"
      },
      "properties": {
        "Id": "{2e170bab-3bb3-3210-af10-ae84ee40c25c}",
        "LaneType": "Shoulder",
        "LeftBoundary": {
          "Dir": "Forward",
          "Id": "{22adbcd7-a470-3caa-90b2-08b595f1dc59}"
        },
        "Predecessors": [
          {
            "Dir": "Forward",
            "Id": "{df457a4e-91b8-3d76-bc25-b630c8c91eae}"
          }
        ],
        "RightBoundary": {
          "Dir": "Forward",
          "Id": "{3b62b4f3-a269-3b55-ad24-05780b068653}"
        },
        "Successors": [
          {
            "Dir": "Forward",
            "Id": "{4852a463-e14c-39dc-bbae-39218fbeae03}"
          }
        ],
        "TravelDir": "Undirected",
        "Type": "Lane"
      },
      "type": "Feature"
    },
    {
      "geometry": {
        "coordinates": [
          [
            3.842160790447196e-05,
            1.2427676255509512e-05,
            0
          ],
          [
            3.7278803131124164e-05,
            1.2427193664736128e-05,
            0
          ],
          [
            3.7273867484119566e-05,
            1.24271909458131e-05,
            0
          ],
          [
            3.333168587655536e-05,
            1.2423317119416148e-05,
            0
          ]
        ],
        "type": "LineString"
      },
      "properties": {
        "Id": "{a30a4456-8c80-34b5-bde4-f43494272aaf}",
        "LaneType": "Driving",
        "LeftBoundary": {
          "Dir": "Forward",
          "Id": "{3f4b1275-0b53-3cd1-a238-30983db16ed3}"
        },
        "Predecessors": [
          {
            "Dir": "Forward",
            "Id": "{251646c6-ab00-3c9c-86e8-4a18ec32fba7}"
          }
        ],
        "RightBoundary": {
          "Dir": "Forward",
          "Id": "{c7a3961b-4133-317c-9440-69f408d285f9}"
        },
        "SpeedLimit": "40mph",
        "Successors": [
          {
            "Dir": "Forward",
            "Id": "{9d564438-ca4a-388f-9b5a-077d63bb940b}"
          }
        ],
        "TravelDir": "Backward",
        "Type": "Lane"
      },
      "type": "Feature"
    },
    {
      "geometry": {
        "coordinates": [
          [
            3.842082022299502e-05,
            1.5140784570772073e-05,
            0
          ],
          [
            3.7277329972442e-05,
            1.5140301690531112e-05,
            0
          ],
          [
            3.7272391364924685e-05,
            1.5140298969977217e-05,
            0
          ],
          [
            3.332802342149649e-05,
            1.5136423045139107e-05,
            0
          ]
        ],
        "type": "LineString"
      },
      "properties": {
        "Id": "{45692e26-a4ea-3c9f-8525-e6f36f09e683}",
        "LaneType": "Driving",
        "LeftBoundary": {
          "Dir": "Forward",
          "Id": "{c7a3961b-4133-317c-9440-69f408d285f9}"
        },
        "Predecessors": [
          {
            "Dir": "Forward",
            "Id": "{70d6262f-cf98-39bb-b6c6-cd47fcd6e62d}"
          }
        ],
        "RightBoundary": {
          "Dir": "Forward",
          "Id": "{66696217-753e-3f00-ac38-7636fa7f8937}"
        },
        "SpeedLimit": "40mph",
        "Successors": [
          {
            "Dir": "Forward",
            "Id": "{a4b5ede2-e8ca-3587-a649-fe65ed2be61a}"
          }
        ],
        "TravelDir": "Forward",
        "Type": "Lane"
      },
      "type": "Feature"
    },
    {
      "geometry": {
        "coordinates": [
          [
            3.842036074213773e-05,
            1.6723431088008574e-05,
            0
          ],
          [
            3.727647062987101e-05,
            1.6722948038911518e-05,
            0
          ],
          [
            3.727153029539594e-05,
            1.672294531740629e-05,
            0
          ],
          [
            3.3325886989366846e-05,
            1.6719068168477496e-05,
            0
          ]
        ],
        "type": "LineString"
      },
      "properties": {
        "Id": "{4852a463-e14c-39dc-bbae-39218fbeae03}",
        "LaneType": "Shoulder",
        "LeftBoundary": {
          "Dir": "Forward",
          "Id": "{66696217-753e-3f00-ac38-7636fa7f8937}"
        },
        "Predecessors": [
          {
            "Dir": "Forward",
            "Id": "{2e170bab-3bb3-3210-af10-ae84ee40c25c}"
          }
        ],
        "RightBoundary": {
          "Dir": "Forward",
          "Id": "{eaa8aee6-f0f1-305d-9b55-c1728a10e0ad}"
        },
        "Successors": [
          {
            "Dir": "Forward",
            "Id": "{a5d0cef0-5b48-3c56-9fe2-497a5eb17158}"
          }
        ],
        "TravelDir": "Undirected",
        "Type": "Lane"
      },
      "type": "Feature"
    },
    {
      "geometry": {
        "coordinates": [
          [
            3.333168587655536e-05,
            1.2423317119416148e-05,
            0
          ],
          [
            3.1819723666418105e-05,
            1.242109688354634e-05,
            0
          ]
        ],
        "type": "LineString"
      },
      "properties": {
        "Id": "{9d564438-ca4a-388f-9b5a-077d63bb940b}",
        "LaneType": "Driving",
        "LeftBoundary": {
          "Dir": "Forward",
          "Id": "{d2537641-92c7-3471-be1a-86192b6d68e7}"
        },
        "Predecessors": [
          {
            "Dir": "Forward",
            "Id": "{a30a4456-8c80-34b5-bde4-f43494272aaf}"
          },
          {
            "Dir": "Backward",
            "Id": "{a3bfca82-750c-358f-a988-00ee20f634d4}"
          }
        ],
        "RightBoundary": {
          "Dir": "Forward",
          "Id": "{e95706df-e87d-3952-9a4c-31d5768bd302}"
        },
        "SpeedLimit": "40mph",
        "Successors": [
          {
            "Dir": "Forward",
            "Id": "{c3a188ab-d809-39ee-8aa2-31a8aaa3cd62}"
          }
        ],
        "TravelDir": "Backward",
        "Type": "Lane"
      },
      "type": "Feature"
    },
    {
      "geometry": {
        "coordinates": [
          [
            3.332802342149649e-05,
            1.5136423045139107e-05,
            0
          ],
          [
            3.1815563914867126e-05,
            1.5134202082691404e-05,
            0
          ]
        ],
        "type": "LineString"
      },
      "properties": {
        "Id": "{a4b5ede2-e8ca-3587-a649-fe65ed2be61a}",
        "LaneType": "Driving",
        "LeftBoundary": {
          "Dir": "Forward",
          "Id": "{e95706df-e87d-3952-9a4c-31d5768bd302}"
        },
        "Predecessors": [
          {
            "Dir": "Forward",
            "Id": "{45692e26-a4ea-3c9f-8525-e6f36f09e683}"
          }
        ],
        "RightBoundary": {
          "Dir": "Forward",
          "Id": "{a84b1dac-99e2-318d-ab30-be527af3447e}"
        },
        "SpeedLimit": "40mph",
        "Successors": [
          {
            "Dir": "Forward",
            "Id": "{57e997d7-f91a-3111-86b7-0829931085c7}"
          }
        ],
        "TravelDir": "Forward",
        "Type": "Lane"
      },
      "type": "Feature"
    },
    {
      "geometry": {
        "coordinates": [
          [
            3.3325886989366846e-05,
            1.6719068168477496e-05,
            0
          ],
          [
            3.1813137393125084e-05,
            1.6716846782192685e-05,
            0
          ]
        ],
        "type": "LineString"
      },
      "properties": {
        "Id": "{a5d0cef0-5b48-3c56-9fe2-497a5eb17158}",
        "LaneType": "Shoulder",
        "LeftBoundary": {
          "Dir": "Forward",
          "Id": "{a84b1dac-99e2-318d-ab30-be527af3447e}"
        },
        "Predecessors": [
          {
            "Dir": "Forward",
            "Id": "{4852a463-e14c-39dc-bbae-39218fbeae03}"
          }
        ],
        "RightBoundary": {
          "Dir": "Forward",
          "Id": "{1659ba7e-d208-3407-8469-aa6575ba7163}"
        },
        "Successors": [
          {
            "Dir": "Forward",
            "Id": "{5b0f3f14-5ef9-37e0-bc4b-5936bfd4488b}"
          }
        ],
        "TravelDir": "Undirected",
        "Type": "Lane"
      },
      "type": "Feature"
    },
    {
      "geometry": {
        "coordinates": [
          [
            3.182180354220694e-05,
            1.1064544283973814e-05,
            0
          ],
          [
            2.9444451192576937e-05,
            1.1060672574318742e-05,
            0
          ],
          [
            2.824503715888082e-05,
            1.1058673539894144e-05,
            0
          ]
        ],
        "type": "LineString"
      },
      "properties": {
        "Id": "{66499891-e4a9-35af-bcb3-a46112c9fc1b}",
        "LaneType": "Shoulder",
        "LeftBoundary": {
          "Dir": "Forward",
          "Id": "{ae6f4703-1bf9-3c51-ab9b-c3da77399715}"
        },
        "Predecessors": [],
        "RightBoundary": {
          "Dir": "Forward",
          "Id": "{131acf13-4de1-374c-9df1-4476d0d70b60}"
        },
        "Successors": [],
        "TravelDir": "Undirected",
        "Type": "Lane"
      },
      "type": "Feature"
    },
    {
      "geometry": {
        "coordinates": [
          [
            3.1819723666418105e-05,
            1.242109688354634e-05,
            0
          ],
          [
            2.9442220456892027e-05,
            1.2417224930961769e-05,
            0
          ],
          [
            2.824280639532234e-05,
            1.2415225896490716e-05,
            0
          ]
        ],
        "type": "LineString"
      },
      "properties": {
        "Id": "{c3a188ab-d809-39ee-8aa2-31a8aaa3cd62}",
        "LaneType": "Driving",
        "LeftBoundary": {
          "Dir": "Forward",
          "Id": "{131acf13-4de1-374c-9df1-4476d0d70b60}"
        },
        "Predecessors": [
          {
            "Dir": "Forward",
            "Id": "{9d564438-ca4a-388f-9b5a-077d63bb940b}"
          }
        ],
        "RightBoundary": {
          "Dir": "Forward",
          "Id": "{8c8d99b4-0e17-367c-ac30-fb0faeb5dedc}"
        },
        "SpeedLimit": "40mph",
        "Successors": [
          {
            "Dir": "Forward",
            "Id": "{a7a8fcf7-84e1-36d4-99a8-1f5a335e608a}"
          }
        ],
        "TravelDir": "Backward",
        "Type": "Lane"
      },
      "type": "Feature"
    },
    {
      "geometry": {
        "coordinates": [
          [
            3.1815563914867126e-05,
            1.5134202082691404e-05,
            0
          ],
          [
            2.9437758985530244e-05,
            1.5130329644247814e-05,
            0
          ],
          [
            2.8238344868202758e-05,
            1.512833060968386e-05,
            0
          ]
        ],
        "type": "LineString"
      },
      "properties": {
        "Id": "{57e997d7-f91a-3111-86b7-0829931085c7}",
        "LaneType": "Driving",
        "LeftBoundary": {
          "Dir": "Forward",
          "Id": "{8c8d99b4-0e17-367c-ac30-fb0faeb5dedc}"
        },
        "Predecessors": [
          {
            "Dir": "Forward",
            "Id": "{a4b5ede2-e8ca-3587-a649-fe65ed2be61a}"
          },
          {
            "Dir": "Forward",
            "Id": "{c1384ad2-0c45-32d8-b136-73a8fd5fcdf2}"
          }
        ],
        "RightBoundary": {
          "Dir": "Forward",
          "Id": "{e2bd5dd2-60b3-36e0-b78c-04e1c9b85808}"
        },
        "SpeedLimit": "40mph",
        "Successors": [
          {
            "Dir": "Forward",
            "Id": "{d8fca83d-2dac-3722-9cf9-fd42cd7d4916}"
          }
        ],
        "TravelDir": "Forward",
        "Type": "Lane"
      },
      "type": "Feature"
    },
    {
      "geometry": {
        "coordinates": [
          [
            3.1813137393125084e-05,
            1.6716846782192685e-05,
            0
          ],
          [
            2.9435156460569464e-05,
            1.6712974060331344e-05,
            0
          ],
          [
            2.8235742310713924e-05,
            1.6710975025713194e-05,
            0
          ]
        ],
        "type": "LineString"
      },
      "properties": {
        "Id": "{5b0f3f14-5ef9-37e0-bc4b-5936bfd4488b}",
        "LaneType": "Shoulder",
        "LeftBoundary": {
          "Dir": "Forward",
          "Id": "{e2bd5dd2-60b3-36e0-b78c-04e1c9b85808}"
        },
        "Predecessors": [
          {
            "Dir": "Forward",
            "Id": "{a5d0cef0-5b48-3c56-9fe2-497a5eb17158}"
          }
        ],
        "RightBoundary": {
          "Dir": "Forward",
          "Id": "{7a7072f6-d881-3c16-a388-94156ab100ab}"
        },
        "Successors": [
          {
            "Dir": "Forward",
            "Id": "{55d3a33e-a9c9-33d0-82ff-6c114dcf77d5}"
          }
        ],
        "TravelDir": "Undirected",
        "Type": "Lane"
      },
      "type": "Feature"
    },
    {
      "geometry": {
        "coordinates": [
          [
            5.694711974685829e-05,
            9.375667119339016e-06,
            0
          ],
          [
            5.75354798038199e-05,
            9.498611779280888e-06,
            0
          ],
          [
            5.858741773642248e-05,
            9.755864045081815e-06,
            0
          ],
          [
            5.951769294821319e-05,
            1.0050587931444527e-05,
            0
          ],
          [
            6.0746799341385215e-05,
            1.0630481786343866e-05,
            0
          ],
          [
            6.122346407538613e-05,
            1.0982122675157726e-05,
            0
          ],
          [
            6.169792411102393e-05,
            1.143776941547875e-05,
            0
          ],
          [
            6.21536230001758e-05,
            1.1994683592719855e-05,
            0
          ],
          [
            6.257688310924017e-05,
            1.2646618180878642e-05,
            0
          ],
          [
            6.303699929048578e-05,
            1.3563556922560302e-05,
            0
          ],
          [
            6.342090633162475e-05,
            1.4592039674750197e-05,
            0
          ],
          [
            6.380935135364801e-05,
            1.6115809304101413e-05,
            0
          ],
          [
            6.405886668889837e-05,
            1.7767231102409925e-05,
            0
          ],
          [
            6.418712958709647e-05,
            1.944314164250782e-05,
            0
          ],
          [
            6.422954281453935e-05,
            2.1167920065282655e-05,
            0
          ]
        ],
        "type": "LineString"
      },
      "properties": {
        "Id": "{0cdb6331-2b94-3d00-a2c5-6f6c6d918aee}",
        "LaneType": "Shoulder",
        "LeftBoundary": {
          "Dir": "Forward",
          "Id": "{284d8af6-e7e1-3411-8e89-8f2738c4ce1a}"
        },
        "Predecessors": [
          {
            "Dir": "Forward",
            "Id": "{8f080502-2375-3eac-b7fc-56633bf4fe13}"
          }
        ],
        "RightBoundary": {
          "Dir": "Forward",
          "Id": "{9ee03003-8fe6-327f-99c8-241783267ba3}"
        },
        "Successors": [
          {
            "Dir": "Forward",
            "Id": "{f64d4bb3-c929-3963-a14b-f0776bbd06cc}"
          }
        ],
        "TravelDir": "Undirected",
        "Type": "Lane"
      },
      "type": "Feature"
    },
    {
      "geometry": {
        "coordinates": [
          [
            5.725375224510607e-05,
            7.82341871431635e-06,
            0
          ],
          [
            5.79276276228841e-05,
            7.97198011809114e-06,
            0
          ],
          [
            5.915995430509067e-05,
            8.333392207397723e-06,
            0
          ],
          [
            6.026808974353208e-05,
            8.80307821324611e-06,
            0
          ],
          [
            6.103136921317259e-05,
            9.249126988516323e-06,
            0
          ],
          [
            6.170413128330682e-05,
            9.773687967290169e-06,
            0
          ],
          [
            6.22104140609491e-05,
            1.0293304980581741e-05,
            0
          ],
          [
            6.267981761066515e-05,
            1.0902139417865876e-05,
            0
          ],
          [
            6.34753830214588e-05,
            1.2356746783986461e-05,
            0
          ],
          [
            6.385635425934433e-05,
            1.3381387677593984e-05,
            0
          ],
          [
            6.415383424563852e-05,
            1.4487277375914555e-05,
            0
          ],
          [
            6.44304540616132e-05,
            1.6075470286071497e-05,
            0
          ],
          [
            6.45878583239602e-05,
            1.775793878241917e-05,
            0
          ],
          [
            6.467870045659318e-05,
            2.116792006528246e-05,
            0
          ]
        ],
        "type": "LineString"
      },
      "properties": {
        "Id": "{238ee232-911b-3680-9140-764001a85f2a}",
        "LaneType": "Driving",
        "LeftBoundary": {
          "Dir": "Forward",
          "Id": "{9ee03003-8fe6-327f-99c8-241783267ba3}"
        },
        "Predecessors": [
          {
            "Dir": "Forward",
            "Id": "{1e12637d-f37c-3239-a22d-4768bc623264}"
          }
        ],
        "RightBoundary": {
          "Dir": "Forward",
          "Id": "{2e42738d-2cb8-37d5-a48c-9d2bd48134ab}"
        },
        "SpeedLimit": "40mph",
        "Successors": [],
        "TravelDir": "Backward",
        "Type": "Lane"
      },
      "type": "Feature"
    },
    {
      "geometry": {
        "coordinates": [
          [
            5.769179867117667e-05,
            5.605920992855429e-06,
            0
          ],
          [
            5.848845633141534e-05,
            5.788673667498006e-06,
            0
          ],
          [
            5.998551056098067e-05,
            6.282290865264494e-06,
            0
          ],
          [
            6.136747837288344e-05,
            6.975381176482454e-06,
            0
          ],
          [
            6.232848189824611e-05,
            7.657726392858693e-06,
            0
          ],
          [
            6.316499496092876e-05,
            8.466242853799203e-06,
            0
          ],
          [
            6.375105971754416e-05,
            9.21804888365292e-06,
            0
          ],
          [
            6.425407534514471e-05,
            1.0043370450694094e-05,
            0
          ],
          [
            6.467446063345138e-05,
            1.0928042885454024e-05,
            0
          ],
          [
            6.501548058054717e-05,
            1.1859885042847106e-05,
            0
          ],
          [
            6.533359346926439e-05,
            1.305294937949906e-05,
            0
          ],
          [
            6.555380891284617e-05,
            1.4287169614093672e-05,
            0
          ],
          [
            6.57238955885343e-05,
            1.5991464596826383e-05,
            0
          ],
          [
            6.57904838858754e-05,
            1.7736813341467717e-05,
            0
          ],
          [
            6.580159456174237e-05,
            2.1167920065281984e-05,
            0
          ]
        ],
        "type": "LineString"
      },
      "properties": {
        "Id": "{d37cd5d9-6651-33c9-ae06-945b4ac67729}",
        "LaneType": "Driving",
        "LeftBoundary": {
          "Dir": "Forward",
          "Id": "{2e42738d-2cb8-37d5-a48c-9d2bd48134ab}"
        },
        "Predecessors": [
          {
            "Dir": "Forward",
            "Id": "{e4a93cf2-c019-3e0f-a62b-a0a523137103}"
          }
        ],
        "RightBoundary": {
          "Dir": "Forward",
          "Id": "{dbdf335b-e453-3d20-b858-823172da200c}"
        },
        "SpeedLimit": "40mph",
        "Successors": [
          {
            "Dir": "Forward",
            "Id": "{2dd62432-f786-3a1a-a110-b3e948be9a8e}"
          }
        ],
        "TravelDir": "Backward",
        "Type": "Lane"
      },
      "type": "Feature"
    },
    {
      "geometry": {
        "coordinates": [
          [
            5.8129845097250025e-05,
            3.3884232713945414e-06,
            0
          ],
          [
            5.905072596296227e-05,
            3.599757702820036e-06,
            0
          ],
          [
            6.082890951835277e-05,
            4.186859183767324e-06,
            0
          ],
          [
            6.253078448634284e-05,
            5.041423447931591e-06,
            0
          ],
          [
            6.375308133169521e-05,
            5.9099149551460065e-06,
            0
          ],
          [
            6.484343407989078e-05,
            6.964071872341573e-06,
            0
          ],
          [
            6.559671195434166e-05,
            7.929920875810109e-06,
            0
          ],
          [
            6.62286227946057e-05,
            8.966240552164383e-06,
            0
          ],
          [
            6.674481766312376e-05,
            1.0052013800014347e-05,
            0
          ],
          [
            6.715413940339935e-05,
            1.1169917228689883e-05,
            0
          ],
          [
            6.752654093947838e-05,
            1.2565385869070375e-05,
            0
          ],
          [
            6.77772980901671e-05,
            1.3969351404142863e-05,
            0
          ],
          [
            6.796502498503449e-05,
            1.584590902610899e-05,
            0
          ],
          [
            6.803593030870474e-05,
            1.7697369604932062e-05,
            0
          ],
          [
            6.804738277204603e-05,
            2.116792006528101e-05,
            0
          ]
        ],
        "type": "LineString"
      },
      "properties": {
        "Id": "{9477ae27-d456-30ad-83c6-9732581f9af6}",
        "LaneType": "Driving",
        "LeftBoundary": {
          "Dir": "Forward",
          "Id": "{dbdf335b-e453-3d20-b858-823172da200c}"
        },
        "Predecessors": [
          {
            "Dir": "Forward",
            "Id": "{86c90519-5442-3557-a1a6-0300bfe276c7}"
          }
        ],
        "RightBoundary": {
          "Dir": "Forward",
          "Id": "{f824bc39-aba3-3615-baed-56a7b18065d6}"
        },
        "SpeedLimit": "40mph",
        "Successors": [
          {
            "Dir": "Forward",
            "Id": "{5d6aa09d-674b-374e-893c-e5e51d84853d}"
          }
        ],
        "TravelDir": "Forward",
        "Type": "Lane"
      },
      "type": "Feature"
    },
    {
      "geometry": {
        "coordinates": [
          [
            5.8524086880713186e-05,
            1.3926753220797717e-06,
            0
          ],
          [
            5.955676863136604e-05,
            1.6297333346099019e-06,
            0
          ],
          [
            6.158796857999945e-05,
            2.3009706704199257e-06,
            0
          ],
          [
            6.259297799284917e-05,
            2.7560761043570785e-06,
            0
          ],
          [
            6.357775998844834e-05,
            3.3008614922358886e-06,
            0
          ],
          [
            6.503522082179305e-05,
            4.336884661204666e-06,
            0
          ],
          [
            6.635402928695977e-05,
            5.6121179890297876e-06,
            0
          ],
          [
            6.725779896746442e-05,
            6.770605668751654e-06,
            0
          ],
          [
            6.800571549912319e-05,
            7.996823643487712e-06,
            0
          ],
          [
            6.86081389898224e-05,
            9.263587623118688e-06,
            0
          ],
          [
            6.907893234397659e-05,
            1.0548946195948418e-05,
            0
          ],
          [
            6.950019366268155e-05,
            1.212657870968458e-05,
            0
          ],
          [
            6.97784383497593e-05,
            1.3683315015187146e-05,
            0
          ],
          [
            6.998204144187018e-05,
            1.5714909012463333e-05,
            0
          ],
          [
            7.005683208924064e-05,
            1.7661870242049947e-05,
            0
          ],
          [
            7.006859216130802e-05,
            2.1167920065280107e-05,
            0
          ]
        ],
        "type": "LineString"
      },
      "properties": {
        "Id": "{fced2539-87b7-34d6-b168-d047f97a06fc}",
        "LaneType": "Shoulder",
        "LeftBoundary": {
          "Dir": "Forward",
          "Id": "{f824bc39-aba3-3615-baed-56a7b18065d6}"
        },
        "Predecessors": [
          {
            "Dir": "Forward",
            "Id": "{cf3110de-4a60-3d17-81d9-2f8c45a9fd5a}"
          }
        ],
        "RightBoundary": {
          "Dir": "Forward",
          "Id": "{8d5d3746-2e97-33db-a28b-c30a35f598f5}"
        },
        "Successors": [
          {
            "Dir": "Forward",
            "Id": "{9a2752bd-4593-304e-b10f-64e7ec0b9554}"
          }
        ],
        "TravelDir": "Undirected",
        "Type": "Lane"
      },
      "type": "Feature"
    },
    {
      "geometry": {
        "coordinates": [
          [
            3.27089467533311e-05,
            1.874924480824368e-05,
            0
          ],
          [
            3.2597545941286034e-05,
            1.8315516663468204e-05,
            0
          ],
          [
            3.244552211713122e-05,
            1.81120450459451e-05,
            0
          ],
          [
            3.2445479315790724e-05,
            1.8112002029692873e-05,
            0
          ],
          [
            3.244543721626597e-05,
            1.811195971878626e-05,
            0
          ],
          [
            3.244092475529962e-05,
            1.8107456536310575e-05,
            0
          ],
          [
            3.203730347340508e-05,
            1.787669596228118e-05,
            0
          ],
          [
            3.1811404163302886e-05,
            1.7847307281836458e-05,
            0
          ]
        ],
        "type": "LineString"
      },
      "properties": {
        "Id": "{c6cd91c4-b372-3f38-9271-da4835fdfbb9}",
        "LaneType": "Sidewalk",
        "LeftBoundary": {
          "Dir": "Forward",
          "Id": "{9269afa2-d95e-38c4-aa23-ea19e01a0d79}"
        },
        "Predecessors": [
          {
            "Dir": "Forward",
            "Id": "{f51b1982-3085-31f5-a159-a94f9e7b3da3}"
          }
        ],
        "RightBoundary": {
          "Dir": "Forward",
          "Id": "{8fa6e56a-cf38-3974-87fd-dfcc1791011b}"
        },
        "Successors": [],
        "TravelDir": "Undirected",
        "Type": "Lane"
      },
      "type": "Feature"
    },
    {
      "geometry": {
        "coordinates": [
          [
            6.422954281453935e-05,
            2.1167920065282655e-05,
            0
          ],
          [
            6.42295428145394e-05,
            2.1252682088410614e-05,
            0
          ]
        ],
        "type": "LineString"
      },
      "properties": {
        "Id": "{f64d4bb3-c929-3963-a14b-f0776bbd06cc}",
        "LaneType": "Shoulder",
        "LeftBoundary": {
          "Dir": "Forward",
          "Id": "{6fd7d05b-2fad-3cf8-908c-50e56f9f4519}"
        },
        "Predecessors": [
          {
            "Dir": "Forward",
            "Id": "{0cdb6331-2b94-3d00-a2c5-6f6c6d918aee}"
          }
        ],
        "RightBoundary": {
          "Dir": "Forward",
          "Id": "{76147ce7-7851-30ce-98c7-cc71467bccf2}"
        },
        "Successors": [
          {
            "Dir": "Forward",
            "Id": "{cc7ad28e-31bb-3ba0-b764-26134a9c0cc5}"
          }
        ],
        "TravelDir": "Undirected",
        "Type": "Lane"
      },
      "type": "Feature"
    },
    {
      "geometry": {
        "coordinates": [
          [
            6.580159456174237e-05,
            2.1167920065281984e-05,
            0
          ],
          [
            6.58015945617424e-05,
            2.1252682088409946e-05,
            0
          ]
        ],
        "type": "LineString"
      },
      "properties": {
        "Id": "{2dd62432-f786-3a1a-a110-b3e948be9a8e}",
        "LaneType": "Driving",
        "LeftBoundary": {
          "Dir": "Forward",
          "Id": "{76147ce7-7851-30ce-98c7-cc71467bccf2}"
        },
        "Predecessors": [
          {
            "Dir": "Forward",
            "Id": "{d37cd5d9-6651-33c9-ae06-945b4ac67729}"
          }
        ],
        "RightBoundary": {
          "Dir": "Forward",
          "Id": "{21dfda17-7d54-3f03-b4e0-4e04b8337230}"
        },
        "SpeedLimit": "40mph",
        "Successors": [
          {
            "Dir": "Backward",
            "Id": "{7aa0615d-0a7d-3265-ac8e-33a1d5abffa5}"
          },
          {
            "Dir": "Forward",
            "Id": "{82bb4345-b8e5-3140-9bef-502824194b4c}"
          }
        ],
        "TravelDir": "Backward",
        "Type": "Lane"
      },
      "type": "Feature"
    },
    {
      "geometry": {
        "coordinates": [
          [
            6.804738277204603e-05,
            2.116792006528101e-05,
            0
          ],
          [
            6.804738277204605e-05,
            2.1252682088408964e-05,
            0
          ]
        ],
        "type": "LineString"
      },
      "properties": {
        "Id": "{5d6aa09d-674b-374e-893c-e5e51d84853d}",
        "LaneType": "Driving",
        "LeftBoundary": {
          "Dir": "Forward",
          "Id": "{21dfda17-7d54-3f03-b4e0-4e04b8337230}"
        },
        "Predecessors": [
          {
            "Dir": "Forward",
            "Id": "{9477ae27-d456-30ad-83c6-9732581f9af6}"
          }
        ],
        "RightBoundary": {
          "Dir": "Forward",
          "Id": "{198742f7-373d-37fa-8255-0061f01f81c1}"
        },
        "SpeedLimit": "40mph",
        "Successors": [
          {
            "Dir": "Forward",
            "Id": "{8255e25d-c32e-3396-9260-b0939027a091}"
          }
        ],
        "TravelDir": "Forward",
        "Type": "Lane"
      },
      "type": "Feature"
    },
    {
      "geometry": {
        "coordinates": [
          [
            7.006859216130802e-05,
            2.1167920065280107e-05,
            0
          ],
          [
            7.006859216130806e-05,
            2.1252682088408056e-05,
            0
          ]
        ],
        "type": "LineString"
      },
      "properties": {
        "Id": "{9a2752bd-4593-304e-b10f-64e7ec0b9554}",
        "LaneType": "Shoulder",
        "LeftBoundary": {
          "Dir": "Forward",
          "Id": "{198742f7-373d-37fa-8255-0061f01f81c1}"
        },
        "Predecessors": [
          {
            "Dir": "Forward",
            "Id": "{fced2539-87b7-34d6-b168-d047f97a06fc}"
          }
        ],
        "RightBoundary": {
          "Dir": "Forward",
          "Id": "{6927459b-ebb6-303b-a35f-96d95282e208}"
        },
        "Successors": [
          {
            "Dir": "Forward",
            "Id": "{96e99a25-5ea9-3370-bf6a-ca739ed8ceff}"
          }
        ],
        "TravelDir": "Undirected",
        "Type": "Lane"
      },
      "type": "Feature"
    },
    {
      "geometry": {
        "coordinates": [
          [
            6.42295428145394e-05,
            2.1252682088410614e-05,
            0
          ],
          [
            6.422954281453979e-05,
            2.2163672207090295e-05,
            0
          ],
          [
            6.422954281454022e-05,
            2.3155641480686527e-05,
            0
          ]
        ],
        "type": "LineString"
      },
      "properties": {
        "Id": "{cc7ad28e-31bb-3ba0-b764-26134a9c0cc5}",
        "LaneType": "Shoulder",
        "LeftBoundary": {
          "Dir": "Forward",
          "Id": "{66bb46f8-d224-35c9-a3eb-270685dd67e5}"
        },
        "Predecessors": [
          {
            "Dir": "Forward",
            "Id": "{f64d4bb3-c929-3963-a14b-f0776bbd06cc}"
          }
        ],
        "RightBoundary": {
          "Dir": "Forward",
          "Id": "{451829e0-aa6a-3384-b57f-e152613af5f9}"
        },
        "Successors": [
          {
            "Dir": "Forward",
            "Id": "{cd7239e3-c782-3548-b03b-c7a0eb4eb08e}"
          }
        ],
        "TravelDir": "Undirected",
        "Type": "Lane"
      },
      "type": "Feature"
    },
    {
      "geometry": {
        "coordinates": [
          [
            6.58015945617424e-05,
            2.1252682088409946e-05,
            0
          ],
          [
            6.580159456174279e-05,
            2.2163672207089594e-05,
            0
          ],
          [
            6.580159456174325e-05,
            2.3155641480685798e-05,
            0
          ]
        ],
        "type": "LineString"
      },
      "properties": {
        "Id": "{82bb4345-b8e5-3140-9bef-502824194b4c}",
        "LaneType": "Driving",
        "LeftBoundary": {
          "Dir": "Forward",
          "Id": "{451829e0-aa6a-3384-b57f-e152613af5f9}"
        },
        "Predecessors": [
          {
            "Dir": "Forward",
            "Id": "{2dd62432-f786-3a1a-a110-b3e948be9a8e}"
          }
        ],
        "RightBoundary": {
          "Dir": "Forward",
          "Id": "{9dbfcd9c-51c0-3e46-9d0c-37611b079b0e}"
        },
        "SpeedLimit": "40mph",
        "Successors": [
          {
            "Dir": "Forward",
            "Id": "{fe4fa9df-01f2-3827-8962-f9bbf086bfc1}"
          }
        ],
        "TravelDir": "Backward",
        "Type": "Lane"
      },
      "type": "Feature"
    },
    {
      "geometry": {
        "coordinates": [
          [
            6.804738277204605e-05,
            2.1252682088408964e-05,
            0
          ],
          [
            6.804738277204646e-05,
            2.2163672207088574e-05,
            0
          ],
          [
            6.804738277204692e-05,
            2.3155641480684734e-05,
            0
          ]
        ],
        "type": "LineString"
      },
      "properties": {
        "Id": "{8255e25d-c32e-3396-9260-b0939027a091}",
        "LaneType": "Driving",
        "LeftBoundary": {
          "Dir": "Forward",
          "Id": "{9dbfcd9c-51c0-3e46-9d0c-37611b079b0e}"
        },
        "Predecessors": [
          {
            "Dir": "Forward",
            "Id": "{5d6aa09d-674b-374e-893c-e5e51d84853d}"
          }
        ],
        "RightBoundary": {
          "Dir": "Forward",
          "Id": "{e11de327-47cc-338b-9ef7-c86a2fafbd37}"
        },
        "SpeedLimit": "40mph",
        "Successors": [
          {
            "Dir": "Forward",
            "Id": "{7fbba338-806a-3254-bab8-1d5c1b9bc361}"
          },
          {
            "Dir": "Forward",
            "Id": "{efebe81d-afa6-342a-848b-e545cda75a02}"
          }
        ],
        "TravelDir": "Forward",
        "Type": "Lane"
      },
      "type": "Feature"
    },
    {
      "geometry": {
        "coordinates": [
          [
            7.006859216130806e-05,
            2.1252682088408056e-05,
            0
          ],
          [
            7.006859216130847e-05,
            2.216367220708763e-05,
            0
          ],
          [
            7.006859216130894e-05,
            2.315564148068374e-05,
            0
          ]
        ],
        "type": "LineString"
      },
      "properties": {
        "Id": "{96e99a25-5ea9-3370-bf6a-ca739ed8ceff}",
        "LaneType": "Shoulder",
        "LeftBoundary": {
          "Dir": "Forward",
          "Id": "{e11de327-47cc-338b-9ef7-c86a2fafbd37}"
        },
        "Predecessors": [
          {
            "Dir": "Forward",
            "Id": "{9a2752bd-4593-304e-b10f-64e7ec0b9554}"
          }
        ],
        "RightBoundary": {
          "Dir": "Forward",
          "Id": "{03482969-78aa-308e-aceb-4a377eabde38}"
        },
        "Successors": [
          {
            "Dir": "Forward",
            "Id": "{b86ebae7-5bd7-3cbd-8ad0-a2a5e199c473}"
          }
        ],
        "TravelDir": "Undirected",
        "Type": "Lane"
      },
      "type": "Feature"
    },
    {
      "geometry": {
        "coordinates": [
          [
            6.422954281454022e-05,
            2.3155641480686527e-05,
            0
          ],
          [
            6.422954281454067e-05,
            2.4149502188388468e-05,
            0
          ],
          [
            6.422954281454068e-05,
            2.415139362249417e-05,
            0
          ],
          [
            6.422954281454068e-05,
            2.4153285056599873e-05,
            0
          ],
          [
            6.422954281454166e-05,
            2.6141006472003756e-05,
            0
          ],
          [
            6.422954281454216e-05,
            2.7131084311494277e-05,
            0
          ]
        ],
        "type": "LineString"
      },
      "properties": {
        "Id": "{cd7239e3-c782-3548-b03b-c7a0eb4eb08e}",
        "LaneType": "Shoulder",
        "LeftBoundary": {
          "Dir": "Forward",
          "Id": "{95040cff-eda4-3828-8398-8e82809c3ad7}"
        },
        "Predecessors": [
          {
            "Dir": "Forward",
            "Id": "{cc7ad28e-31bb-3ba0-b764-26134a9c0cc5}"
          }
        ],
        "RightBoundary": {
          "Dir": "Forward",
          "Id": "{7f9bdd60-47db-36ec-9516-afd45485bfdb}"
        },
        "Successors": [
          {
            "Dir": "Forward",
            "Id": "{c8f7516e-8add-3a8f-8554-3588eca00744}"
          }
        ],
        "TravelDir": "Undirected",
        "Type": "Lane"
      },
      "type": "Feature"
    },
    {
      "geometry": {
        "coordinates": [
          [
            6.580159456174325e-05,
            2.3155641480685798e-05,
            0
          ],
          [
            6.580159456174371e-05,
            2.4149502188387705e-05,
            0
          ],
          [
            6.580159456174371e-05,
            2.415139362249341e-05,
            0
          ],
          [
            6.580159456174371e-05,
            2.4153285056599115e-05,
            0
          ],
          [
            6.580159456174472e-05,
            2.614100647200293e-05,
            0
          ],
          [
            6.580159456174523e-05,
            2.713108431149343e-05,
            0
          ]
        ],
        "type": "LineString"
      },
      "properties": {
        "Id": "{fe4fa9df-01f2-3827-8962-f9bbf086bfc1}",
        "LaneType": "Driving",
        "LeftBoundary": {
          "Dir": "Forward",
          "Id": "{7f9bdd60-47db-36ec-9516-afd45485bfdb}"
        },
        "Predecessors": [
          {
            "Dir": "Forward",
            "Id": "{82bb4345-b8e5-3140-9bef-502824194b4c}"
          }
        ],
        "RightBoundary": {
          "Dir": "Forward",
          "Id": "{e3d16d75-5442-3227-b25d-b7bbd03a6ca8}"
        },
        "SpeedLimit": "40mph",
        "Successors": [
          {
            "Dir": "Forward",
            "Id": "{84c31fc3-f8c7-366c-a4f4-48e8186e65be}"
          }
        ],
        "TravelDir": "Backward",
        "Type": "Lane"
      },
      "type": "Feature"
    },
    {
      "geometry": {
        "coordinates": [
          [
            6.804738277204692e-05,
            2.3155641480684734e-05,
            0
          ],
          [
            6.804738277204741e-05,
            2.4149502188386594e-05,
            0
          ],
          [
            6.804738277204742e-05,
            2.4151393622492304e-05,
            0
          ],
          [
            6.804738277204742e-05,
            2.4153285056598e-05,
            0
          ],
          [
            6.804738277204844e-05,
            2.6141006472001726e-05,
            0
          ],
          [
            6.804738277204898e-05,
            2.7131084311492183e-05,
            0
          ]
        ],
        "type": "LineString"
      },
      "properties": {
        "Id": "{7fbba338-806a-3254-bab8-1d5c1b9bc361}",
        "LaneType": "Driving",
        "LeftBoundary": {
          "Dir": "Forward",
          "Id": "{e3d16d75-5442-3227-b25d-b7bbd03a6ca8}"
        },
        "Predecessors": [
          {
            "Dir": "Forward",
            "Id": "{8255e25d-c32e-3396-9260-b0939027a091}"
          }
        ],
        "RightBoundary": {
          "Dir": "Forward",
          "Id": "{a86b7f9c-5ef8-3a74-96e9-004acc2ae0c5}"
        },
        "SpeedLimit": "40mph",
        "Successors": [
          {
            "Dir": "Forward",
            "Id": "{02200d70-8145-380c-b8c7-a73c4f8ebaa6}"
          }
        ],
        "TravelDir": "Forward",
        "Type": "Lane"
      },
      "type": "Feature"
    },
    {
      "geometry": {
        "coordinates": [
          [
            7.006859216130894e-05,
            2.315564148068374e-05,
            0
          ],
          [
            7.006859216130944e-05,
            2.414950218838556e-05,
            0
          ],
          [
            7.006859216130946e-05,
            2.4151393622491267e-05,
            0
          ],
          [
            7.006859216130946e-05,
            2.4153285056596966e-05,
            0
          ],
          [
            7.006859216131051e-05,
            2.6141006472000608e-05,
            0
          ],
          [
            7.006859216131107e-05,
            2.7131084311491018e-05,
            0
          ]
        ],
        "type": "LineString"
      },
      "properties": {
        "Id": "{b86ebae7-5bd7-3cbd-8ad0-a2a5e199c473}",
        "LaneType": "Shoulder",
        "LeftBoundary": {
          "Dir": "Forward",
          "Id": "{a86b7f9c-5ef8-3a74-96e9-004acc2ae0c5}"
        },
        "Predecessors": [
          {
            "Dir": "Forward",
            "Id": "{96e99a25-5ea9-3370-bf6a-ca739ed8ceff}"
          }
        ],
        "RightBoundary": {
          "Dir": "Forward",
          "Id": "{11894796-fdc5-3eaa-b0b5-76494bb0a9a2}"
        },
        "Successors": [
          {
            "Dir": "Forward",
            "Id": "{e823f108-1b63-3703-938e-d1b2c0c63b9a}"
          }
        ],
        "TravelDir": "Undirected",
        "Type": "Lane"
      },
      "type": "Feature"
    },
    {
      "geometry": {
        "coordinates": [
          [
            3.275081430800308e-05,
            3.544054986647265e-05,
            0
          ],
          [
            3.2695812411900974e-05,
            3.4767343483320184e-05,
            0
          ],
          [
            3.253557371192931e-05,
            3.411140960153533e-05,
            0
          ],
          [
            3.221044698536511e-05,
            3.3370702841453136e-05,
            0
          ],
          [
            3.175168486006563e-05,
            3.270551531069168e-05,
            0
          ],
          [
            3.1510436740141e-05,
            3.2441907767834524e-05,
            0
          ],
          [
            3.134176774015909e-05,
            3.228159119884937e-05,
            0
          ],
          [
            3.060906939507815e-05,
            3.1752528984413446e-05,
            0
          ],
          [
            2.9781490308378925e-05,
            3.139216196483106e-05,
            0
          ],
          [
            2.9162291365526066e-05,
            3.124887316153997e-05,
            0
          ],
          [
            2.852874593444451e-05,
            3.120074695823426e-05,
            0
          ]
        ],
        "type": "LineString"
      },
      "properties": {
        "Id": "{0c79d649-1481-339f-b8f1-83687784b288}",
        "LaneType": "Sidewalk",
        "LeftBoundary": {
          "Dir": "Forward",
          "Id": "{c0fbc265-5083-3842-bf95-c94e34e74f46}"
        },
        "Predecessors": [
          {
            "Dir": "Forward",
            "Id": "{688bc956-5a6a-3f66-8532-482405eb32de}"
          }
        ],
        "RightBoundary": {
          "Dir": "Forward",
          "Id": "{97949f6b-b774-37a1-a6a9-38483fae081b}"
        },
        "Successors": [
          {
            "Dir": "Backward",
            "Id": "{39e1d50a-8d95-3e1f-a4c2-caa86b32262f}"
          }
        ],
        "TravelDir": "Undirected",
        "Type": "Lane"
      },
      "type": "Feature"
    },
    {
      "geometry": {
        "coordinates": [
          [
            6.737364630899475e-06,
            2.004966653764333e-05,
            0
          ],
          [
            6.83524772927389e-06,
            1.7297528758117332e-05,
            0
          ],
          [
            7.096134792509638e-06,
            1.457401225719889e-05,
            0
          ],
          [
            7.375349639520432e-06,
            1.2988284758710469e-05,
            0
          ],
          [
            7.81457574363621e-06,
            1.1574725777805837e-05,
            0
          ],
          [
            8.379549349565189e-06,
            1.0516840997785921e-05,
            0
          ],
          [
            8.696976684261954e-06,
            1.0121675853462463e-05,
            0
          ],
          [
            9.020356891373342e-06,
            9.823624643959034e-06,
            0
          ],
          [
            9.337419456618242e-06,
            9.621450009123767e-06,
            0
          ],
          [
            9.630539184437923e-06,
            9.508000829180001e-06,
            0
          ],
          [
            1.0315618139248941e-05,
            9.333309067503336e-06,
            0
          ],
          [
            1.0961472756202364e-05,
            9.229207777489202e-06,
            0
          ],
          [
            1.1733965069096305e-05,
            9.15217050719234e-06,
            0
          ],
          [
            1.2645303176869416e-05,
            9.100045718875428e-06,
            0
          ],
          [
            1.3704841587270516e-05,
            9.062242056668179e-06,
            0
          ]
        ],
        "type": "LineString"
      },
      "properties": {
        "Id": "{b0996242-6c81-3a5f-9407-ae2de7ce3ad6}",
        "LaneType": "Shoulder",
        "LeftBoundary": {
          "Dir": "Forward",
          "Id": "{5ddb8e97-a874-3b9d-a7f0-375dd1aa229f}"
        },
        "Predecessors": [
          {
            "Dir": "Forward",
            "Id": "{d5f2ba19-463c-3114-9418-df51c2036ecc}"
          }
        ],
        "RightBoundary": {
          "Dir": "Forward",
          "Id": "{ddfd9811-dbbc-3ce6-8b26-e0a21ad2c0f6}"
        },
        "Successors": [
          {
            "Dir": "Forward",
            "Id": "{08813237-5729-3f61-8a5a-532e9b19147d}"
          }
        ],
        "TravelDir": "Undirected",
        "Type": "Lane"
      },
      "type": "Feature"
    },
    {
      "geometry": {
        "coordinates": [
          [
            6.288206988834713e-06,
            2.0049666537643347e-05,
            0
          ],
          [
            6.469180632660557e-06,
            1.4568130223756192e-05,
            0
          ],
          [
            6.636747433392841e-06,
            1.2938161709218274e-05,
            0
          ],
          [
            6.954848621285107e-06,
            1.1412976018426697e-05,
            0
          ],
          [
            7.430123368454538e-06,
            1.016457950847934e-05,
            0
          ],
          [
            8.056429974726753e-06,
            9.194030801678135e-06,
            0
          ],
          [
            8.789477213818722e-06,
            8.535363794458182e-06,
            0
          ],
          [
            9.692029057369725e-06,
            8.075795262315832e-06,
            0
          ],
          [
            1.051594284983631e-05,
            7.820892229797741e-06,
            0
          ],
          [
            1.1453727655915637e-05,
            7.644412448803767e-06,
            0
          ],
          [
            1.2500549428444309e-05,
            7.536912229058445e-06,
            0
          ],
          [
            1.3654080279430063e-05,
            7.480420747661546e-06,
            0
          ]
        ],
        "type": "LineString"
      },
      "properties": {
        "Id": "{80afe9e1-fbda-3cc4-83c9-0be05e4e49d5}",
        "LaneType": "Driving",
        "LeftBoundary": {
          "Dir": "Forward",
          "Id": "{ddfd9811-dbbc-3ce6-8b26-e0a21ad2c0f6}"
        },
        "Predecessors": [],
        "RightBoundary": {
          "Dir": "Forward",
          "Id": "{4a43f565-d906-3a33-8c8d-971f2af1282b}"
        },
        "SpeedLimit": "40mph",
        "Successors": [
          {
            "Dir": "Forward",
            "Id": "{8ac7a352-1683-3a54-9a41-9cc2acd5d423}"
          }
        ],
        "TravelDir": "Backward",
        "Type": "Lane"
      },
      "type": "Feature"
    },
    {
      "geometry": {
        "coordinates": [
          [
            5.165312883687467e-06,
            2.004966653764338e-05,
            0
          ],
          [
            5.168519263432028e-06,
            1.4555927523524835e-05,
            0
          ],
          [
            5.225934230663203e-06,
            1.2842421052884856e-05,
            0
          ],
          [
            5.432850571187179e-06,
            1.1126626068565173e-05,
            0
          ],
          [
            5.848526213831868e-06,
            9.577766233663294e-06,
            0
          ],
          [
            6.527298840420486e-06,
            8.195270906528669e-06,
            0
          ],
          [
            6.980622714101748e-06,
            7.583776487778014e-06,
            0
          ],
          [
            7.506038492416951e-06,
            7.051144942772265e-06,
            0
          ],
          [
            8.103853797709404e-06,
            6.595355786858116e-06,
            0
          ],
          [
            8.76750604211071e-06,
            6.211425778182519e-06,
            0
          ],
          [
            9.865954710228081e-06,
            5.766286265631392e-06,
            0
          ],
          [
            1.1049573833776234e-05,
            5.4699483926758215e-06,
            0
          ],
          [
            1.2293255129507385e-05,
            5.2984302246416955e-06,
            0
          ],
          [
            1.3581564125372288e-05,
            5.2206760205092105e-06,
            0
          ]
        ],
        "type": "LineString"
      },
      "properties": {
        "Id": "{278d42e4-a5fc-3026-aee9-78483516fd73}",
        "LaneType": "Driving",
        "LeftBoundary": {
          "Dir": "Forward",
          "Id": "{4a43f565-d906-3a33-8c8d-971f2af1282b}"
        },
        "Predecessors": [
          {
            "Dir": "Forward",
            "Id": "{1a617349-a7a8-3a90-ae83-1ed2be395acb}"
          }
        ],
        "RightBoundary": {
          "Dir": "Forward",
          "Id": "{1a914a3a-4502-3280-8698-ca045e7725cd}"
        },
        "SpeedLimit": "40mph",
        "Successors": [
          {
            "Dir": "Forward",
            "Id": "{a83713ba-fed9-3654-a4f6-d0973bec2c3b}"
          }
        ],
        "TravelDir": "Backward",
        "Type": "Lane"
      },
      "type": "Feature"
    },
    {
      "geometry": {
        "coordinates": [
          [
            2.9195246733876376e-06,
            2.0049666537643436e-05,
            0
          ],
          [
            2.922828565502311e-06,
            1.4534858634229322e-05,
            0
          ],
          [
            2.9852309086910193e-06,
            1.2690362363414113e-05,
            0
          ],
          [
            3.2252808120062195e-06,
            1.0711292100290563e-05,
            0
          ],
          [
            3.7412889687802735e-06,
            8.795926948631738e-06,
            0
          ],
          [
            4.1382996492682246e-06,
            7.861867216890582e-06,
            0
          ],
          [
            4.643284781538914e-06,
            6.9647173969667776e-06,
            0
          ],
          [
            5.2768945665622285e-06,
            6.110742487355313e-06,
            0
          ],
          [
            6.031449323153247e-06,
            5.345872219558649e-06,
            0
          ],
          [
            6.867876974138655e-06,
            4.707638430719056e-06,
            0
          ],
          [
            7.7643929308749e-06,
            4.188573515029833e-06,
            0
          ],
          [
            9.184427266063508e-06,
            3.6119848773817734e-06,
            0
          ],
          [
            1.0636519137266633e-05,
            3.2475950668779244e-06,
            0
          ],
          [
            1.2084786627799536e-05,
            3.047268509309147e-06,
            0
          ],
          [
            1.3509047971317205e-05,
            2.9609312933568755e-06,
            0
          ]
        ],
        "type": "LineString"
      },
      "properties": {
        "Id": "{2e5ac310-6ac1-3540-9344-1ce3ddefd2cf}",
        "LaneType": "Driving",
        "LeftBoundary": {
          "Dir": "Forward",
          "Id": "{1a914a3a-4502-3280-8698-ca045e7725cd}"
        },
        "Predecessors": [
          {
            "Dir": "Forward",
            "Id": "{ee9b3651-b3e0-3be6-9a67-7f8f91255d77}"
          }
        ],
        "RightBoundary": {
          "Dir": "Forward",
          "Id": "{4047c25e-dbd2-37ba-9339-4fd56c18782b}"
        },
        "SpeedLimit": "40mph",
        "Successors": [
          {
            "Dir": "Forward",
            "Id": "{e3a70a5e-f0c4-35cd-bb9e-10ab5c9a61eb}"
          }
        ],
        "TravelDir": "Forward",
        "Type": "Lane"
      },
      "type": "Feature"
    },
    {
      "geometry": {
        "coordinates": [
          [
            8.983152841161894e-07,
            2.0049666537643453e-05,
            0
          ],
          [
            9.017069373692925e-07,
            1.4515896633863332e-05,
            0
          ],
          [
            9.68597918911523e-07,
            1.255350954289043e-05,
            0
          ],
          [
            1.2384680287470885e-06,
            1.0337491528843399e-05,
            0
          ],
          [
            1.4890932245287947e-06,
            9.222648479670628e-06,
            0
          ],
          [
            1.8447754482362377e-06,
            8.092271592103321e-06,
            0
          ],
          [
            2.324994303508862e-06,
            6.962982946381853e-06,
            0
          ],
          [
            2.9476721285545663e-06,
            5.857219238361066e-06,
            0
          ],
          [
            3.743539233770272e-06,
            4.78501188697487e-06,
            0
          ],
          [
            4.7043190708215186e-06,
            3.8111267686663815e-06,
            0
          ],
          [
            5.755497832915395e-06,
            3.0086928101938914e-06,
            0
          ],
          [
            6.8615911307461576e-06,
            2.368006478192406e-06,
            0
          ],
          [
            8.571052566313007e-06,
            1.6731136279571105e-06,
            0
          ],
          [
            1.0264769910411741e-05,
            1.2474770736598125e-06,
            0
          ],
          [
            1.189716497625876e-05,
            1.0212229655098501e-06,
            0
          ],
          [
            1.3443783432657253e-05,
            9.271610389197714e-07,
            0
          ]
        ],
        "type": "LineString"
      },
      "properties": {
        "Id": "{5246f757-1b46-3170-9854-8a2936d9a41e}",
        "LaneType": "Shoulder",
        "LeftBoundary": {
          "Dir": "Forward",
          "Id": "{4047c25e-dbd2-37ba-9339-4fd56c18782b}"
        },
        "Predecessors": [
          {
            "Dir": "Forward",
            "Id": "{5249159a-55d3-3e31-b5f1-f7885ba7cfa4}"
          }
        ],
        "RightBoundary": {
          "Dir": "Forward",
          "Id": "{cb82f17c-6ff8-3a13-960f-e30cac76cd80}"
        },
        "Successors": [
          {
            "Dir": "Forward",
            "Id": "{af92f6b8-7bd6-37fd-b59d-256a84ed59c3}"
          }
        ],
        "TravelDir": "Undirected",
        "Type": "Lane"
      },
      "type": "Feature"
    },
    {
      "geometry": {
        "coordinates": [
          [
            2.8482537146758594e-05,
            2.572931162208016e-05,
            0
          ],
          [
            2.9429522445856958e-05,
            2.5639745313830807e-05,
            0
          ],
          [
            3.034336751031217e-05,
            2.5374180807827614e-05,
            0
          ],
          [
            3.111026288755902e-05,
            2.4992712469846755e-05,
            0
          ],
          [
            3.180278351543075e-05,
            2.4487212932310728e-05,
            0
          ],
          [
            3.2027378044205725e-05,
            2.4280126147227864e-05,
            0
          ],
          [
            3.208233306710231e-05,
            2.422549702040537e-05,
            0
          ],
          [
            3.287070772049381e-05,
            2.3196105831118523e-05,
            0
          ],
          [
            3.337611306786817e-05,
            2.19999881370764e-05,
            0
          ],
          [
            3.3519928980542186e-05,
            2.1305495289101436e-05,
            0
          ],
          [
            3.3566985443420614e-05,
            2.0597654346261033e-05,
            0
          ]
        ],
        "type": "LineString"
      },
      "properties": {
        "Id": "{79d326fe-a5f5-3181-b911-df4c705e0284}",
        "LaneType": "Curb",
        "LeftBoundary": {
          "Dir": "Forward",
          "Id": "{5ba33972-c54f-3516-bf1f-9c2404e50d75}"
        },
        "Predecessors": [],
        "RightBoundary": {
          "Dir": "Forward",
          "Id": "{d6a9d6d8-150d-393e-a248-e530463cbcc4}"
        },
        "Successors": [],
        "TravelDir": "Undirected",
        "Type": "Lane"
      },
      "type": "Feature"
    },
    {
      "geometry": {
        "coordinates": [
          [
            2.8482537146758404e-05,
            2.48701606188824e-05,
            0
          ],
          [
            2.9270576150077967e-05,
            2.479562752491519e-05,
            0
          ],
          [
            3.003103732561457e-05,
            2.4574636566739403e-05,
            0
          ],
          [
            3.06692135141035e-05,
            2.4257195599974407e-05,
            0
          ],
          [
            3.1245498347543783e-05,
            2.3836541391176773e-05,
            0
          ],
          [
            3.143239591477851e-05,
            2.3664212988749158e-05,
            0
          ],
          [
            3.14781270380647e-05,
            2.3618753061658354e-05,
            0
          ],
          [
            3.2134177323834586e-05,
            2.276213954548502e-05,
            0
          ],
          [
            3.255475315177381e-05,
            2.1766783655213222e-05,
            0
          ],
          [
            3.2713588644507836e-05,
            2.0599823910559434e-05,
            0
          ]
        ],
        "type": "LineString"
      },
      "properties": {
        "Id": "{5fa5540b-082e-346d-ba23-7987c2216997}",
        "LaneType": "Sidewalk",
        "LeftBoundary": {
          "Dir": "Forward",
          "Id": "{d6a9d6d8-150d-393e-a248-e530463cbcc4}"
        },
        "Predecessors": [
          {
            "Dir": "Forward",
            "Id": "{9cf94e3e-135e-3aa3-bbea-a9a862fa7075}"
          }
        ],
        "RightBoundary": {
          "Dir": "Forward",
          "Id": "{20a61ab7-ac21-3714-9aee-896d3a1b1e58}"
        },
        "Successors": [
          {
            "Dir": "Forward",
            "Id": "{e872b7f3-246b-3f9c-8c9f-bbe0b7e2547c}"
          }
        ],
        "TravelDir": "Undirected",
        "Type": "Lane"
      },
      "type": "Feature"
    },
    {
      "geometry": {
        "coordinates": [
          [
            6.737364630899795e-06,
            2.7131084311511265e-05,
            0
          ],
          [
            6.737364630899736e-06,
            2.5955403991345773e-05,
            0
          ],
          [
            6.7373646308996226e-06,
            2.36040433510148e-05,
            0
          ],
          [
            6.737364630899572e-06,
            2.242836303084932e-05,
            0
          ],
          [
            6.737364630899571e-06,
            2.241013912893264e-05,
            0
          ]
        ],
        "type": "LineString"
      },
      "properties": {
        "Id": "{3065ec27-04f8-3b9a-b634-ace9058c6393}",
        "LaneType": "Shoulder",
        "LeftBoundary": {
          "Dir": "Forward",
          "Id": "{5af83250-3291-3803-99c4-11aa508a65f3}"
        },
        "Predecessors": [
          {
            "Dir": "Forward",
            "Id": "{09cf9e69-26cd-39ea-803d-93b4d530c4bb}"
          }
        ],
        "RightBoundary": {
          "Dir": "Forward",
          "Id": "{5cbacd90-376a-3955-a482-15c298906ba5}"
        },
        "Successors": [
          {
            "Dir": "Forward",
            "Id": "{27a579e1-75c2-36d9-a604-a8d514b7006a}"
          }
        ],
        "TravelDir": "Undirected",
        "Type": "Lane"
      },
      "type": "Feature"
    },
    {
      "geometry": {
        "coordinates": [
          [
            5.165312883687708e-06,
            2.7131084311511333e-05,
            0
          ],
          [
            5.165312883687663e-06,
            2.5955403991345844e-05,
            0
          ],
          [
            5.165312883687578e-06,
            2.3604043351014865e-05,
            0
          ],
          [
            5.165312883687539e-06,
            2.2428363030849376e-05,
            0
          ],
          [
            5.165312883687539e-06,
            2.24101391289327e-05,
            0
          ]
        ],
        "type": "LineString"
      },
      "properties": {
        "Id": "{b1ea243f-1da3-3595-b06c-17b96d4fe95b}",
        "LaneType": "Driving",
        "LeftBoundary": {
          "Dir": "Forward",
          "Id": "{5cbacd90-376a-3955-a482-15c298906ba5}"
        },
        "Predecessors": [
          {
            "Dir": "Forward",
            "Id": "{dde3a446-09b7-392e-b739-06a50fc44f45}"
          }
        ],
        "RightBoundary": {
          "Dir": "Forward",
          "Id": "{64737326-5011-3845-88be-8ac6ac7a96f8}"
        },
        "SpeedLimit": "40mph",
        "Successors": [
          {
            "Dir": "Forward",
            "Id": "{30cc3cf6-75ca-3a2b-b980-0f8f4653d60d}"
          }
        ],
        "TravelDir": "Backward",
        "Type": "Lane"
      },
      "type": "Feature"
    },
    {
      "geometry": {
        "coordinates": [
          [
            2.919524673387766e-06,
            2.71310843115114e-05,
            0
          ],
          [
            2.919524673387742e-06,
            2.595540399134591e-05,
            0
          ],
          [
            2.9195246733876965e-06,
            2.3604043351014923e-05,
            0
          ],
          [
            2.919524673387676e-06,
            2.242836303084943e-05,
            0
          ],
          [
            2.9195246733876757e-06,
            2.2410139128932754e-05,
            0
          ]
        ],
        "type": "LineString"
      },
      "properties": {
        "Id": "{54023330-459e-323c-beae-81df9fbde295}",
        "LaneType": "Driving",
        "LeftBoundary": {
          "Dir": "Forward",
          "Id": "{64737326-5011-3845-88be-8ac6ac7a96f8}"
        },
        "Predecessors": [
          {
            "Dir": "Forward",
            "Id": "{91ca2aef-915a-396f-8959-0f8db7572024}"
          }
        ],
        "RightBoundary": {
          "Dir": "Forward",
          "Id": "{979badd8-d588-3dc8-899e-120866f26865}"
        },
        "SpeedLimit": "40mph",
        "Successors": [
          {
            "Dir": "Forward",
            "Id": "{411e73c7-9247-3a25-b8b6-da9c43abd266}"
          }
        ],
        "TravelDir": "Forward",
        "Type": "Lane"
      },
      "type": "Feature"
    },
    {
      "geometry": {
        "coordinates": [
          [
            8.983152841162155e-07,
            2.7131084311511428e-05,
            0
          ],
          [
            8.983152841162097e-07,
            2.5955403991345935e-05,
            0
          ],
          [
            8.983152841162004e-07,
            2.360404335101495e-05,
            0
          ],
          [
            8.983152841161968e-07,
            2.2428363030849454e-05,
            0
          ],
          [
            8.983152841161966e-07,
            2.2410139128932778e-05,
            0
          ]
        ],
        "type": "LineString"
      },
      "properties": {
        "Id": "{261467b3-d276-3429-8b63-dbb6fc6b7d69}",
        "LaneType": "Shoulder",
        "LeftBoundary": {
          "Dir": "Forward",
          "Id": "{979badd8-d588-3dc8-899e-120866f26865}"
        },
        "Predecessors": [
          {
            "Dir": "Forward",
            "Id": "{eb33229a-479e-3132-ba64-005301592fbd}"
          }
        ],
        "RightBoundary": {
          "Dir": "Forward",
          "Id": "{a8f322c8-4ef4-347e-a46e-b53ba40267be}"
        },
        "Successors": [
          {
            "Dir": "Forward",
            "Id": "{f80ac171-84f7-3b43-9e73-825cc425e8b2}"
          }
        ],
        "TravelDir": "Undirected",
        "Type": "Lane"
      },
      "type": "Feature"
    },
    {
      "geometry": {
        "coordinates": [
          [
            6.737364630899571e-06,
            2.241013912893264e-05,
            0
          ],
          [
            6.737364630899521e-06,
            2.125268271068383e-05,
            0
          ],
          [
            6.737364630899496e-06,
            2.061962407674857e-05,
            0
          ]
        ],
        "type": "LineString"
      },
      "properties": {
        "Id": "{27a579e1-75c2-36d9-a604-a8d514b7006a}",
        "LaneType": "Shoulder",
        "LeftBoundary": {
          "Dir": "Forward",
          "Id": "{2c4daf41-bea3-3240-9202-72397c7379f2}"
        },
        "Predecessors": [
          {
            "Dir": "Forward",
            "Id": "{3065ec27-04f8-3b9a-b634-ace9058c6393}"
          }
        ],
        "RightBoundary": {
          "Dir": "Forward",
          "Id": "{316c073e-87b1-387c-8271-243c02d4676d}"
        },
        "Successors": [
          {
            "Dir": "Forward",
            "Id": "{d5f2ba19-463c-3114-9418-df51c2036ecc}"
          }
        ],
        "TravelDir": "Undirected",
        "Type": "Lane"
      },
      "type": "Feature"
    },
    {
      "geometry": {
        "coordinates": [
          [
            5.165312883687539e-06,
            2.24101391289327e-05,
            0
          ],
          [
            5.1653128836875025e-06,
            2.125268271068389e-05,
            0
          ],
          [
            5.165312883687483e-06,
            2.0619624076748623e-05,
            0
          ]
        ],
        "type": "LineString"
      },
      "properties": {
        "Id": "{30cc3cf6-75ca-3a2b-b980-0f8f4653d60d}",
        "LaneType": "Driving",
        "LeftBoundary": {
          "Dir": "Forward",
          "Id": "{316c073e-87b1-387c-8271-243c02d4676d}"
        },
        "Predecessors": [
          {
            "Dir": "Forward",
            "Id": "{b1ea243f-1da3-3595-b06c-17b96d4fe95b}"
          }
        ],
        "RightBoundary": {
          "Dir": "Forward",
          "Id": "{48eb65b6-a669-31b6-ac76-56b32586e72b}"
        },
        "SpeedLimit": "40mph",
        "Successors": [
          {
            "Dir": "Forward",
            "Id": "{1a617349-a7a8-3a90-ae83-1ed2be395acb}"
          }
        ],
        "TravelDir": "Backward",
        "Type": "Lane"
      },
      "type": "Feature"
    },
    {
      "geometry": {
        "coordinates": [
          [
            2.9195246733876757e-06,
            2.2410139128932754e-05,
            0
          ],
          [
            2.9195246733876563e-06,
            2.125268271068394e-05,
            0
          ],
          [
            2.9195246733876465e-06,
            2.061962407674867e-05,
            0
          ]
        ],
        "type": "LineString"
      },
      "properties": {
        "Id": "{411e73c7-9247-3a25-b8b6-da9c43abd266}",
        "LaneType": "Driving",
        "LeftBoundary": {
          "Dir": "Forward",
          "Id": "{48eb65b6-a669-31b6-ac76-56b32586e72b}"
        },
        "Predecessors": [
          {
            "Dir": "Forward",
            "Id": "{54023330-459e-323c-beae-81df9fbde295}"
          },
          {
            "Dir": "Forward",
            "Id": "{e33820e6-6026-33e3-b139-9fc2201d57ef}"
          }
        ],
        "RightBoundary": {
          "Dir": "Forward",
          "Id": "{bf441f81-b5cb-3dc9-b711-0d18e5275442}"
        },
        "SpeedLimit": "40mph",
        "Successors": [
          {
            "Dir": "Forward",
            "Id": "{ee9b3651-b3e0-3be6-9a67-7f8f91255d77}"
          }
        ],
        "TravelDir": "Forward",
        "Type": "Lane"
      },
      "type": "Feature"
    },
    {
      "geometry": {
        "coordinates": [
          [
            8.983152841161966e-07,
            2.2410139128932778e-05,
            0
          ],
          [
            8.983152841161925e-07,
            2.125268271068396e-05,
            0
          ],
          [
            8.98315284116191e-07,
            2.061962407674869e-05,
            0
          ]
        ],
        "type": "LineString"
      },
      "properties": {
        "Id": "{f80ac171-84f7-3b43-9e73-825cc425e8b2}",
        "LaneType": "Shoulder",
        "LeftBoundary": {
          "Dir": "Forward",
          "Id": "{bf441f81-b5cb-3dc9-b711-0d18e5275442}"
        },
        "Predecessors": [
          {
            "Dir": "Forward",
            "Id": "{261467b3-d276-3429-8b63-dbb6fc6b7d69}"
          }
        ],
        "RightBoundary": {
          "Dir": "Forward",
          "Id": "{25f2eb4a-8a8c-3223-a232-cfd871e2548c}"
        },
        "Successors": [
          {
            "Dir": "Forward",
            "Id": "{5249159a-55d3-3e31-b5f1-f7885ba7cfa4}"
          }
        ],
        "TravelDir": "Undirected",
        "Type": "Lane"
      },
      "type": "Feature"
    },
    {
      "geometry": {
        "coordinates": [
          [
            6.737364630899496e-06,
            2.061962407674857e-05,
            0
          ],
          [
            6.737364630899496e-06,
            2.0619624076748548e-05,
            0
          ],
          [
            6.737364630899475e-06,
            2.0049666537643334e-05,
            0
          ]
        ],
        "type": "LineString"
      },
      "properties": {
        "Id": "{d5f2ba19-463c-3114-9418-df51c2036ecc}",
        "LaneType": "Shoulder",
        "LeftBoundary": {
          "Dir": "Forward",
          "Id": "{c90b104d-7181-3c51-bd27-5e2184c0880f}"
        },
        "Predecessors": [
          {
            "Dir": "Forward",
            "Id": "{27a579e1-75c2-36d9-a604-a8d514b7006a}"
          }
        ],
        "RightBoundary": {
          "Dir": "Forward",
          "Id": "{e2761c51-bba6-35bf-8090-87fb08412e72}"
        },
        "Successors": [
          {
            "Dir": "Forward",
            "Id": "{b0996242-6c81-3a5f-9407-ae2de7ce3ad6}"
          }
        ],
        "TravelDir": "Undirected",
        "Type": "Lane"
      },
      "type": "Feature"
    },
    {
      "geometry": {
        "coordinates": [
          [
            5.165312883687483e-06,
            2.0619624076748623e-05,
            0
          ],
          [
            5.165312883687483e-06,
            2.0619624076748602e-05,
            0
          ],
          [
            5.165312883687467e-06,
            2.0049666537643385e-05,
            0
          ]
        ],
        "type": "LineString"
      },
      "properties": {
        "Id": "{1a617349-a7a8-3a90-ae83-1ed2be395acb}",
        "LaneType": "Driving",
        "LeftBoundary": {
          "Dir": "Forward",
          "Id": "{e2761c51-bba6-35bf-8090-87fb08412e72}"
        },
        "Predecessors": [
          {
            "Dir": "Forward",
            "Id": "{30cc3cf6-75ca-3a2b-b980-0f8f4653d60d}"
          },
          {
            "Dir": "Backward",
            "Id": "{23137bee-820e-35c9-ac6b-a2b0b0f41b3e}"
          }
        ],
        "RightBoundary": {
          "Dir": "Forward",
          "Id": "{e59cfe5f-e95b-37db-af84-88bccbd7040d}"
        },
        "SpeedLimit": "40mph",
        "Successors": [
          {
            "Dir": "Forward",
            "Id": "{278d42e4-a5fc-3026-aee9-78483516fd73}"
          }
        ],
        "TravelDir": "Backward",
        "Type": "Lane"
      },
      "type": "Feature"
    },
    {
      "geometry": {
        "coordinates": [
          [
            2.9195246733876465e-06,
            2.061962407674867e-05,
            0
          ],
          [
            2.9195246733876465e-06,
            2.061962407674865e-05,
            0
          ],
          [
            2.9195246733876376e-06,
            2.004966653764343e-05,
            0
          ]
        ],
        "type": "LineString"
      },
      "properties": {
        "Id": "{ee9b3651-b3e0-3be6-9a67-7f8f91255d77}",
        "LaneType": "Driving",
        "LeftBoundary": {
          "Dir": "Forward",
          "Id": "{e59cfe5f-e95b-37db-af84-88bccbd7040d}"
        },
        "Predecessors": [
          {
            "Dir": "Forward",
            "Id": "{411e73c7-9247-3a25-b8b6-da9c43abd266}"
          }
        ],
        "RightBoundary": {
          "Dir": "Forward",
          "Id": "{00d82928-2bbf-355b-ae7c-996e9a12f60d}"
        },
        "SpeedLimit": "40mph",
        "Successors": [
          {
            "Dir": "Forward",
            "Id": "{2e5ac310-6ac1-3540-9344-1ce3ddefd2cf}"
          }
        ],
        "TravelDir": "Forward",
        "Type": "Lane"
      },
      "type": "Feature"
    },
    {
      "geometry": {
        "coordinates": [
          [
            8.98315284116191e-07,
            2.061962407674869e-05,
            0
          ],
          [
            8.98315284116191e-07,
            2.0619624076748673e-05,
            0
          ],
          [
            8.983152841161894e-07,
            2.004966653764345e-05,
            0
          ]
        ],
        "type": "LineString"
      },
      "properties": {
        "Id": "{5249159a-55d3-3e31-b5f1-f7885ba7cfa4}",
        "LaneType": "Shoulder",
        "LeftBoundary": {
          "Dir": "Forward",
          "Id": "{00d82928-2bbf-355b-ae7c-996e9a12f60d}"
        },
        "Predecessors": [
          {
            "Dir": "Forward",
            "Id": "{f80ac171-84f7-3b43-9e73-825cc425e8b2}"
          }
        ],
        "RightBoundary": {
          "Dir": "Forward",
          "Id": "{f3ccf137-d73e-33a4-aa64-c0d72ad003ee}"
        },
        "Successors": [
          {
            "Dir": "Forward",
            "Id": "{5246f757-1b46-3170-9854-8a2936d9a41e}"
          }
        ],
        "TravelDir": "Undirected",
        "Type": "Lane"
      },
      "type": "Feature"
    },
    {
      "geometry": {
        "coordinates": [
          [
            3.989524577368419e-05,
            1.5140975008961727e-05,
            0
          ],
          [
            3.972723644264858e-05,
            1.5144258737737305e-05,
            0.0
          ],
          [
            3.95635570993931e-05,
            1.515806520350115e-05,
            0.0
          ],
          [
            3.940427011855384e-05,
            1.518205174506263e-05,
            0.0
          ],
          [
            3.9249437874766885e-05,
            1.5215875701231112e-05,
            0.0
          ],
          [
            3.9099122742668297e-05,
            1.5259194410815955e-05,
            0.0
          ],
          [
            3.8953387096894155e-05,
            1.531166521262652e-05,
            0.0
          ],
          [
            3.881229331208057e-05,
            1.537294544547218e-05,
            0.0
          ],
          [
            3.8675903762863603e-05,
            1.54426924481623e-05,
            0.0
          ],
          [
            3.854428082387934e-05,
            1.552056355950623e-05,
            0.0
          ],
          [
            3.841748686976386e-05,
            1.5606216118313352e-05,
            0.0
          ],
          [
            3.8295584275153235e-05,
            1.5699307463393016e-05,
            0.0
          ],
          [
            3.817863541468356e-05,
            1.5799494933554595e-05,
            0.0
          ],
          [
            3.80667026629909e-05,
            1.5906435867607452e-05,
            0.0
          ],
          [
            3.795984839471136e-05,
            1.6019787604360945e-05,
            0.0
          ],
          [
            3.785813498448099e-05,
            1.6139207482624447e-05,
            0.0
          ],
          [
            3.776162480693591e-05,
            1.626435284120732e-05,
            0.0
          ],
          [
            3.767038023671216e-05,
            1.6394881018918924e-05,
            0.0
          ],
          [
            3.7584463648445854e-05,
            1.6530449354568623e-05,
            0.0
          ],
          [
            3.750393741677305e-05,
            1.6670715186965786e-05,
            0.0
          ],
          [
            3.742886391632983e-05,
            1.6815335854919777e-05,
            0.0
          ],
          [
            3.73593055217523e-05,
            1.6963968697239953e-05,
            0.0
          ],
          [
            3.729532460767651e-05,
            1.711627105273569e-05,
            0.0
          ],
          [
            3.7236983548738555e-05,
            1.727190026021634e-05,
            0.0
          ],
          [
            3.7184344719574515e-05,
            1.7430513658491274e-05,
            0.0
          ],
          [
            3.713747049482047e-05,
            1.7591768586369856e-05,
            0.0
          ],
          [
            3.70964232491125e-05,
            1.775532238266145e-05,
            0.0
          ],
          [
            3.706126535708669e-05,
            1.792083238617542e-05,
            0.0
          ],
          [
            3.7032059193379115e-05,
            1.808795593572113e-05,
            0.0
          ],
          [
            3.7008867132625865e-05,
            1.8256350370107943e-05,
            0.0
          ],
          [
            3.6991751549463015e-05,
            1.8425673028145223e-05,
            0.0
          ],
          [
            3.698077481852665e-05,
            1.859558124864234e-05,
            0.0
          ],
          [
            3.6975999314452834e-05,
            1.876573237040865e-05,
            0
          ]
        ],
        "type": "LineString"
      },
      "properties": {
        "Id": "{a902bcc4-cd8c-39b3-a497-b72c70289c47}",
        "LaneType": "Driving",
        "LeftBoundary": {
          "Dir": "Forward",
          "Id": "{a0c62419-2dd5-3743-9571-2632e0075677}"
        },
        "Predecessors": [
          {
            "Dir": "Forward",
            "Id": "{858ddf59-0553-3bfe-8a4a-007d9519a5f6}"
          }
        ],
        "RightBoundary": {
          "Dir": "Forward",
          "Id": "{0a5e94ab-e0dc-3177-b813-12fe5c56b504}"
        },
        "SpeedLimit": "40mph",
        "Successors": [
          {
            "Dir": "Backward",
            "Id": "{7d5647b7-d851-310a-846e-973bd0396fdc}"
          }
        ],
        "TravelDir": "Forward",
        "Type": "Lane"
      },
      "type": "Feature"
    },
    {
      "geometry": {
        "coordinates": [
          [
            3.1278390562352886e-05,
            2.6904991942244817e-05,
            0
          ],
          [
            3.38529534111549e-05,
            2.6904991942244122e-05,
            0
          ],
          [
            3.488573503546025e-05,
            2.690499194224383e-05,
            0
          ],
          [
            3.5334320575236195e-05,
            2.6954501818031566e-05,
            0
          ],
          [
            3.576230522104024e-05,
            2.7101376472978206e-05,
            0
          ],
          [
            3.6148242243270365e-05,
            2.7338565192335626e-05,
            0
          ],
          [
            3.647360299642754e-05,
            2.765468066303177e-05,
            0
          ],
          [
            3.680481487319465e-05,
            2.8216726175290644e-05,
            0
          ],
          [
            3.694613797108062e-05,
            2.8853322324350637e-05,
            0
          ],
          [
            3.696829372707246e-05,
            2.9249344879394554e-05,
            0
          ],
          [
            3.7005929945742796e-05,
            3.0698153581680735e-05,
            0
          ],
          [
            3.7010063988185694e-05,
            3.234626902797868e-05,
            0
          ],
          [
            3.7015039363942556e-05,
            3.4329798161833565e-05,
            0
          ]
        ],
        "type": "LineString"
      },
      "properties": {
        "Id": "{0863c21f-0a5d-39f8-9f83-8664a19dd3ca}",
        "LaneType": "Driving",
        "LeftBoundary": {
          "Dir": "Forward",
          "Id": "{c707f444-8d1a-3a21-8440-c044280576d8}"
        },
        "Predecessors": [
          {
            "Dir": "Forward",
            "Id": "{aac5c63d-4c7d-3bb4-a30d-fa6f3c312af7}"
          }
        ],
        "RightBoundary": {
          "Dir": "Forward",
          "Id": "{8309bb0f-1a90-3abf-b348-d721afbe909d}"
        },
        "SpeedLimit": "40mph",
        "Successors": [
          {
            "Dir": "Backward",
            "Id": "{becf583d-91ca-3e65-ac66-f66089686169}"
          }
        ],
        "TravelDir": "Forward",
        "Type": "Lane"
      },
      "type": "Feature"
    },
    {
      "geometry": {
        "coordinates": [
          [
            4.326116345681287e-05,
            3.120074675615298e-05,
            0
          ],
          [
            4.241465584082329e-05,
            3.1287055362127094e-05,
            0
          ],
          [
            4.160252547686196e-05,
            3.154247608472506e-05,
            0
          ],
          [
            4.0827863840723346e-05,
            3.197766328575365e-05,
            0
          ],
          [
            4.033558767255761e-05,
            3.238659551676732e-05,
            0
          ],
          [
            4.027193370009396e-05,
            3.244949743630313e-05,
            0
          ],
          [
            3.960712039294716e-05,
            3.332185826463332e-05,
            0
          ],
          [
            3.918681945677793e-05,
            3.433671077656051e-05,
            0
          ],
          [
            3.903909519320711e-05,
            3.5462016932186874e-05,
            0
          ]
        ],
        "type": "LineString"
      },
      "properties": {
        "Id": "{553f22e6-065c-38c2-97b6-64b8e34c2d25}",
        "LaneType": "Sidewalk",
        "LeftBoundary": {
          "Dir": "Forward",
          "Id": "{1a20b068-e0b3-3a51-9f62-96c9abec6b62}"
        },
        "Predecessors": [
          {
            "Dir": "Backward",
            "Id": "{ec7f2b0f-c388-365e-9044-4fa5e3208437}"
          }
        ],
        "RightBoundary": {
          "Dir": "Forward",
          "Id": "{1a5c1053-2872-379e-a56c-52fccc729967}"
        },
        "Successors": [
          {
            "Dir": "Backward",
            "Id": "{0bc2f83b-65da-3fae-95c3-a1fb15ad03fc}"
          }
        ],
        "TravelDir": "Undirected",
        "Type": "Lane"
      },
      "type": "Feature"
    },
    {
      "geometry": {
        "coordinates": [
          [
            5.946847075142232e-05,
            2.69049913152643e-05,
            0
          ],
          [
            6.102968093548227e-05,
            2.7048365233054662e-05,
            0
          ],
          [
            6.253935567633915e-05,
            2.7473754304217184e-05,
            0
          ],
          [
            6.394766070510622e-05,
            2.8167116462091696e-05,
            0
          ],
          [
            6.520810796078841e-05,
            2.9105563865169065e-05,
            0
          ],
          [
            6.615255056000904e-05,
            3.009826767850271e-05,
            0
          ],
          [
            6.692962360198504e-05,
            3.1228527361877305e-05,
            0
          ],
          [
            6.751986915394158e-05,
            3.246804117824405e-05,
            0
          ],
          [
            6.790847412376241e-05,
            3.378561349612558e-05,
            0
          ],
          [
            6.808602761895318e-05,
            3.4626042442272424e-05,
            0
          ],
          [
            6.827704103612483e-05,
            3.5530182373300334e-05,
            0
          ],
          [
            6.83036511123618e-05,
            3.5656138093311355e-05,
            0
          ],
          [
            6.864561581617898e-05,
            3.727478852483654e-05,
            0
          ],
          [
            6.890144219364271e-05,
            3.9297456839975896e-05,
            0
          ],
          [
            6.882224310458614e-05,
            4.133489691396818e-05,
            0
          ],
          [
            6.841018978981257e-05,
            4.333125238483612e-05,
            0
          ],
          [
            6.767657867927675e-05,
            4.5231793223834715e-05,
            0
          ],
          [
            6.661837505846403e-05,
            4.701699395483335e-05,
            0
          ],
          [
            6.527696584390068e-05,
            4.8597553001371585e-05,
            0
          ]
        ],
        "type": "LineString"
      },
      "properties": {
        "Id": "{2d9b7396-75ec-358f-a5f1-ba34b6bca5a4}",
        "LaneType": "Driving",
        "LeftBoundary": {
          "Dir": "Forward",
          "Id": "{5e721135-c5d1-366b-b5eb-76115e7c6a03}"
        },
        "Predecessors": [
          {
            "Dir": "Forward",
            "Id": "{02ded283-f52b-3fc2-b4e2-2dddf2bdb289}"
          }
        ],
        "RightBoundary": {
          "Dir": "Forward",
          "Id": "{e7062ee6-8639-3cf3-8cdc-46cd7eba8733}"
        },
        "SpeedLimit": "40mph",
        "Successors": [
          {
            "Dir": "Forward",
            "Id": "{33a6ca6a-93cc-39b6-a711-e7d7ff017342}"
          }
        ],
        "TravelDir": "Forward",
        "Type": "Lane"
      },
      "type": "Feature"
    },
    {
      "geometry": {
        "coordinates": [
          [
            4.325913730020105e-05,
            4.7479397545131326e-05,
            0
          ],
          [
            4.318766474236417e-05,
            4.7479397545131374e-05,
            0
          ]
        ],
        "type": "LineString"
      },
      "properties": {
        "Id": "{f6a1f604-8781-374e-acb0-9dbbc4e0a5c1}",
        "LaneType": "Shoulder",
        "LeftBoundary": {
          "Dir": "Forward",
          "Id": "{6587b900-b3d0-30f6-b1e7-6262455632de}"
        },
        "Predecessors": [
          {
            "Dir": "Forward",
            "Id": "{0e42fcc3-32e5-3fd8-bd60-7b257125fe52}"
          }
        ],
        "RightBoundary": {
          "Dir": "Forward",
          "Id": "{2acafb21-b71a-396f-a996-00d170269408}"
        },
        "Successors": [
          {
            "Dir": "Forward",
            "Id": "{2ad6fc0b-5f8f-326a-8b08-3b46886cb124}"
          }
        ],
        "TravelDir": "Undirected",
        "Type": "Lane"
      },
      "type": "Feature"
    },
    {
      "geometry": {
        "coordinates": [
          [
            4.325913730020205e-05,
            4.9062044129969026e-05,
            0
          ],
          [
            4.3187664742365175e-05,
            4.9062044129969073e-05,
            0
          ]
        ],
        "type": "LineString"
      },
      "properties": {
        "Id": "{f3bfd945-629c-378b-895e-11ad350d0e17}",
        "LaneType": "Driving",
        "LeftBoundary": {
          "Dir": "Forward",
          "Id": "{2acafb21-b71a-396f-a996-00d170269408}"
        },
        "Predecessors": [
          {
            "Dir": "Forward",
            "Id": "{342ce16e-c729-3950-8d5b-40b90658ec0e}"
          }
        ],
        "RightBoundary": {
          "Dir": "Forward",
          "Id": "{65ff40e2-0ebb-38ba-88e9-aafc2a26578f}"
        },
        "SpeedLimit": "40mph",
        "Successors": [
          {
            "Dir": "Backward",
            "Id": "{90a5fd41-0552-3aa1-89b4-08079c2711d8}"
          },
          {
            "Dir": "Forward",
            "Id": "{61233b2c-e5d4-336b-b31b-0463a10b0e9c}"
          }
        ],
        "TravelDir": "Backward",
        "Type": "Lane"
      },
      "type": "Feature"
    },
    {
      "geometry": {
        "coordinates": [
          [
            4.3259137300203535e-05,
            5.1322967822594325e-05,
            0
          ],
          [
            4.318766474236666e-05,
            5.1322967822594366e-05,
            0
          ]
        ],
        "type": "LineString"
      },
      "properties": {
        "Id": "{9f8b1b7e-0b59-3fc0-8bd6-5331d2183088}",
        "LaneType": "Driving",
        "LeftBoundary": {
          "Dir": "Forward",
          "Id": "{65ff40e2-0ebb-38ba-88e9-aafc2a26578f}"
        },
        "Predecessors": [
          {
            "Dir": "Forward",
            "Id": "{33a6ca6a-93cc-39b6-a711-e7d7ff017342}"
          }
        ],
        "RightBoundary": {
          "Dir": "Forward",
          "Id": "{514de294-4481-3e3f-9a01-205a8fa84206}"
        },
        "SpeedLimit": "40mph",
        "Successors": [
          {
            "Dir": "Forward",
            "Id": "{46074810-9d02-30c5-a7f2-622cd6212e3e}"
          }
        ],
        "TravelDir": "Forward",
        "Type": "Lane"
      },
      "type": "Feature"
    },
    {
      "geometry": {
        "coordinates": [
          [
            4.325913730020494e-05,
            5.3357799145957075e-05,
            0
          ],
          [
            4.3187664742368055e-05,
            5.335779914595713e-05,
            0
          ]
        ],
        "type": "LineString"
      },
      "properties": {
        "Id": "{5574367a-06d0-3011-b3d8-2e484623472b}",
        "LaneType": "Shoulder",
        "LeftBoundary": {
          "Dir": "Forward",
          "Id": "{514de294-4481-3e3f-9a01-205a8fa84206}"
        },
        "Predecessors": [
          {
            "Dir": "Forward",
            "Id": "{99f53ded-feac-3ee6-b32d-a36096c9c3bb}"
          }
        ],
        "RightBoundary": {
          "Dir": "Forward",
          "Id": "{66fac0d7-a6d8-326e-89a5-497380d1d2c5}"
        },
        "Successors": [
          {
            "Dir": "Forward",
            "Id": "{771fe9b2-81f1-3da9-bf3f-cf0dc5567a34}"
          }
        ],
        "TravelDir": "Undirected",
        "Type": "Lane"
      },
      "type": "Feature"
    },
    {
      "geometry": {
        "coordinates": [
          [
            4.318766474236417e-05,
            4.7479397545131374e-05,
            0
          ],
          [
            4.204641166663819e-05,
            4.7479397545132085e-05,
            0
          ],
          [
            4.081696198839536e-05,
            4.7479397545132824e-05,
            0
          ]
        ],
        "type": "LineString"
      },
      "properties": {
        "Id": "{2ad6fc0b-5f8f-326a-8b08-3b46886cb124}",
        "LaneType": "Shoulder",
        "LeftBoundary": {
          "Dir": "Forward",
          "Id": "{6b82356d-a07b-3e40-b9cb-103424ad763c}"
        },
        "Predecessors": [
          {
            "Dir": "Forward",
            "Id": "{f6a1f604-8781-374e-acb0-9dbbc4e0a5c1}"
          }
        ],
        "RightBoundary": {
          "Dir": "Forward",
          "Id": "{8189e25a-ffd9-3647-955f-38ed551bc904}"
        },
        "Successors": [
          {
            "Dir": "Forward",
            "Id": "{fd442275-8836-3f6a-a64c-23440798eef2}"
          }
        ],
        "TravelDir": "Undirected",
        "Type": "Lane"
      },
      "type": "Feature"
    },
    {
      "geometry": {
        "coordinates": [
          [
            4.3187664742365175e-05,
            4.9062044129969073e-05,
            0
          ],
          [
            4.204641166663916e-05,
            4.9062044129969805e-05,
            0
          ],
          [
            4.08169619883963e-05,
            4.9062044129970564e-05,
            0
          ]
        ],
        "type": "LineString"
      },
      "properties": {
        "Id": "{61233b2c-e5d4-336b-b31b-0463a10b0e9c}",
        "LaneType": "Driving",
        "LeftBoundary": {
          "Dir": "Forward",
          "Id": "{8189e25a-ffd9-3647-955f-38ed551bc904}"
        },
        "Predecessors": [
          {
            "Dir": "Forward",
            "Id": "{f3bfd945-629c-378b-895e-11ad350d0e17}"
          }
        ],
        "RightBoundary": {
          "Dir": "Forward",
          "Id": "{6d80aad7-bea5-36ec-832b-3490975e3216}"
        },
        "SpeedLimit": "40mph",
        "Successors": [
          {
            "Dir": "Forward",
            "Id": "{3f396bee-445b-3efa-bcfb-a8862c7904ec}"
          }
        ],
        "TravelDir": "Backward",
        "Type": "Lane"
      },
      "type": "Feature"
    },
    {
      "geometry": {
        "coordinates": [
          [
            4.318766474236666e-05,
            5.1322967822594366e-05,
            0
          ],
          [
            4.2046411666640606e-05,
            5.132296782259514e-05,
            0
          ],
          [
            4.0816961988397704e-05,
            5.132296782259594e-05,
            0
          ]
        ],
        "type": "LineString"
      },
      "properties": {
        "Id": "{46074810-9d02-30c5-a7f2-622cd6212e3e}",
        "LaneType": "Driving",
        "LeftBoundary": {
          "Dir": "Forward",
          "Id": "{6d80aad7-bea5-36ec-832b-3490975e3216}"
        },
        "Predecessors": [
          {
            "Dir": "Forward",
            "Id": "{9f8b1b7e-0b59-3fc0-8bd6-5331d2183088}"
          }
        ],
        "RightBoundary": {
          "Dir": "Forward",
          "Id": "{19e56d45-af8e-3d0b-9f25-48cc43222a60}"
        },
        "SpeedLimit": "40mph",
        "Successors": [
          {
            "Dir": "Forward",
            "Id": "{30e9a4a9-d292-369e-8c47-af8817e7bee2}"
          },
          {
            "Dir": "Forward",
            "Id": "{ab0e36c9-40d8-3502-8e27-35c4be0cdce8}"
          }
        ],
        "TravelDir": "Forward",
        "Type": "Lane"
      },
      "type": "Feature"
    },
    {
      "geometry": {
        "coordinates": [
          [
            4.3187664742368055e-05,
            5.335779914595713e-05,
            0
          ],
          [
            4.2046411666641954e-05,
            5.335779914595793e-05,
            0
          ],
          [
            4.081696198839902e-05,
            5.3357799145958756e-05,
            0
          ]
        ],
        "type": "LineString"
      },
      "properties": {
        "Id": "{771fe9b2-81f1-3da9-bf3f-cf0dc5567a34}",
        "LaneType": "Shoulder",
        "LeftBoundary": {
          "Dir": "Forward",
          "Id": "{19e56d45-af8e-3d0b-9f25-48cc43222a60}"
        },
        "Predecessors": [
          {
            "Dir": "Forward",
            "Id": "{5574367a-06d0-3011-b3d8-2e484623472b}"
          }
        ],
        "RightBoundary": {
          "Dir": "Forward",
          "Id": "{690e5a58-cd0e-3c29-8e1f-4041fbb2d522}"
        },
        "Successors": [
          {
            "Dir": "Forward",
            "Id": "{a7de5599-d70e-3ba5-882d-662f24067495}"
          }
        ],
        "TravelDir": "Undirected",
        "Type": "Lane"
      },
      "type": "Feature"
    },
    {
      "geometry": {
        "coordinates": [
          [
            4.081696198839536e-05,
            4.7479397545132824e-05,
            0
          ],
          [
            3.9620960399515046e-05,
            4.7479397545133515e-05,
            0
          ],
          [
            3.9595874332501815e-05,
            4.7479397545133535e-05,
            0
          ],
          [
            3.719550913239451e-05,
            4.747939754513488e-05,
            0
          ],
          [
            3.5932611364789076e-05,
            4.7479397545135555e-05,
            0
          ]
        ],
        "type": "LineString"
      },
      "properties": {
        "Id": "{fd442275-8836-3f6a-a64c-23440798eef2}",
        "LaneType": "Shoulder",
        "LeftBoundary": {
          "Dir": "Forward",
          "Id": "{e487a75c-c536-37eb-b2aa-89cc8fc71030}"
        },
        "Predecessors": [
          {
            "Dir": "Forward",
            "Id": "{2ad6fc0b-5f8f-326a-8b08-3b46886cb124}"
          }
        ],
        "RightBoundary": {
          "Dir": "Forward",
          "Id": "{6170277e-e5a2-3c06-a414-64dfdf5d65d6}"
        },
        "Successors": [
          {
            "Dir": "Forward",
            "Id": "{2a9b81d7-3aa6-3059-8736-2e4ed8205af7}"
          }
        ],
        "TravelDir": "Undirected",
        "Type": "Lane"
      },
      "type": "Feature"
    },
    {
      "geometry": {
        "coordinates": [
          [
            4.08169619883963e-05,
            4.9062044129970564e-05,
            0
          ],
          [
            3.962096039951596e-05,
            4.906204412997129e-05,
            0
          ],
          [
            3.9595874332502736e-05,
            4.90620441299713e-05,
            0
          ],
          [
            3.719550913239536e-05,
            4.90620441299727e-05,
            0
          ],
          [
            3.593261136478991e-05,
            4.906204412997339e-05,
            0
          ]
        ],
        "type": "LineString"
      },
      "properties": {
        "Id": "{3f396bee-445b-3efa-bcfb-a8862c7904ec}",
        "LaneType": "Driving",
        "LeftBoundary": {
          "Dir": "Forward",
          "Id": "{6170277e-e5a2-3c06-a414-64dfdf5d65d6}"
        },
        "Predecessors": [
          {
            "Dir": "Forward",
            "Id": "{61233b2c-e5d4-336b-b31b-0463a10b0e9c}"
          }
        ],
        "RightBoundary": {
          "Dir": "Forward",
          "Id": "{f563a851-d42c-379f-9f68-f9c3feaa71bc}"
        },
        "SpeedLimit": "40mph",
        "Successors": [
          {
            "Dir": "Forward",
            "Id": "{dbf76e61-e450-32e2-b26b-4b1fd1dc9ddd}"
          }
        ],
        "TravelDir": "Backward",
        "Type": "Lane"
      },
      "type": "Feature"
    },
    {
      "geometry": {
        "coordinates": [
          [
            4.0816961988397704e-05,
            5.132296782259594e-05,
            0
          ],
          [
            3.962096039951732e-05,
            5.132296782259669e-05,
            0
          ],
          [
            3.9595874332504085e-05,
            5.132296782259671e-05,
            0
          ],
          [
            3.7195509132396635e-05,
            5.132296782259816e-05,
            0
          ],
          [
            3.5932611364791136e-05,
            5.1322967822598885e-05,
            0
          ]
        ],
        "type": "LineString"
      },
      "properties": {
        "Id": "{ab0e36c9-40d8-3502-8e27-35c4be0cdce8}",
        "LaneType": "Driving",
        "LeftBoundary": {
          "Dir": "Forward",
          "Id": "{f563a851-d42c-379f-9f68-f9c3feaa71bc}"
        },
        "Predecessors": [
          {
            "Dir": "Forward",
            "Id": "{46074810-9d02-30c5-a7f2-622cd6212e3e}"
          }
        ],
        "RightBoundary": {
          "Dir": "Forward",
          "Id": "{84eca6c9-455a-39c0-8c43-cc23411bf928}"
        },
        "SpeedLimit": "40mph",
        "Successors": [
          {
            "Dir": "Forward",
            "Id": "{17f9fc39-fad1-30ff-b81d-b6876501008d}"
          }
        ],
        "TravelDir": "Forward",
        "Type": "Lane"
      },
      "type": "Feature"
    },
    {
      "geometry": {
        "coordinates": [
          [
            4.081696198839902e-05,
            5.3357799145958756e-05,
            0
          ],
          [
            3.962096039951861e-05,
            5.335779914595954e-05,
            0
          ],
          [
            3.959587433250537e-05,
            5.335779914595956e-05,
            0
          ],
          [
            3.719550913239784e-05,
            5.3357799145961066e-05,
            0
          ],
          [
            3.59326113647923e-05,
            5.3357799145961825e-05,
            0
          ]
        ],
        "type": "LineString"
      },
      "properties": {
        "Id": "{a7de5599-d70e-3ba5-882d-662f24067495}",
        "LaneType": "Shoulder",
        "LeftBoundary": {
          "Dir": "Forward",
          "Id": "{84eca6c9-455a-39c0-8c43-cc23411bf928}"
        },
        "Predecessors": [
          {
            "Dir": "Forward",
            "Id": "{771fe9b2-81f1-3da9-bf3f-cf0dc5567a34}"
          }
        ],
        "RightBoundary": {
          "Dir": "Forward",
          "Id": "{9917fb62-7767-374b-8777-1ef99095129b}"
        },
        "Successors": [
          {
            "Dir": "Forward",
            "Id": "{571b1208-4d36-3004-a2a4-c2abb4d68094}"
          }
        ],
        "TravelDir": "Undirected",
        "Type": "Lane"
      },
      "type": "Feature"
    },
    {
      "geometry": {
        "coordinates": [
          [
            2.824503715888082e-05,
            1.1058673539894144e-05,
            0
          ],
          [
            2.5751056158488387e-05,
            1.1054516881475136e-05,
            0
          ],
          [
            2.067790076459703e-05,
            1.1046061574848587e-05,
            0
          ],
          [
            2.063066605583832e-05,
            1.1045982849890458e-05,
            0
          ],
          [
            1.5557510661946794e-05,
            1.1037527543263823e-05,
            0
          ],
          [
            1.3025570977209186e-05,
            1.1033307620014372e-05,
            0
          ]
        ],
        "type": "LineString"
      },
      "properties": {
        "Id": "{6a8aac14-9e1b-35ea-bcdb-0441386562a4}",
        "LaneType": "Shoulder",
        "LeftBoundary": {
          "Dir": "Forward",
          "Id": "{63bb8e89-adf4-3c85-96bc-aed46881ed53}"
        },
        "Predecessors": [],
        "RightBoundary": {
          "Dir": "Forward",
          "Id": "{9afafe87-925b-321b-8269-dd3163f4368a}"
        },
        "Successors": [],
        "TravelDir": "Undirected",
        "Type": "Lane"
      },
      "type": "Feature"
    },
    {
      "geometry": {
        "coordinates": [
          [
            2.8242806395322335e-05,
            1.2415225896490716e-05,
            0
          ],
          [
            2.5748825394929896e-05,
            1.2411069238071733e-05,
            0
          ],
          [
            2.0675670001027855e-05,
            1.2402613931445236e-05,
            0
          ],
          [
            2.0628435292279797e-05,
            1.2402535206487106e-05,
            0
          ],
          [
            1.555527989838026e-05,
            1.2394079899860511e-05,
            0
          ],
          [
            1.302334021364264e-05,
            1.2389859976611076e-05,
            0
          ]
        ],
        "type": "LineString"
      },
      "properties": {
        "Id": "{a7a8fcf7-84e1-36d4-99a8-1f5a335e608a}",
        "LaneType": "Driving",
        "LeftBoundary": {
          "Dir": "Forward",
          "Id": "{9afafe87-925b-321b-8269-dd3163f4368a}"
        },
        "Predecessors": [
          {
            "Dir": "Forward",
            "Id": "{c3a188ab-d809-39ee-8aa2-31a8aaa3cd62}"
          }
        ],
        "RightBoundary": {
          "Dir": "Forward",
          "Id": "{f9e89a32-1cea-303b-91e3-ade719c2f2fd}"
        },
        "SpeedLimit": "40mph",
        "Successors": [],
        "TravelDir": "Backward",
        "Type": "Lane"
      },
      "type": "Feature"
    },
    {
      "geometry": {
        "coordinates": [
          [
            2.8238344868202758e-05,
            1.512833060968386e-05,
            0
          ],
          [
            2.574436386779963e-05,
            1.5124173951264935e-05,
            0
          ],
          [
            2.0671208473910853e-05,
            1.5115718644638532e-05,
            0
          ],
          [
            2.0623973765152143e-05,
            1.5115639919680407e-05,
            0
          ],
          [
            1.55508183712632e-05,
            1.5107184613053886e-05,
            0
          ],
          [
            1.3018878686525552e-05,
            1.5102964689804482e-05,
            0
          ]
        ],
        "type": "LineString"
      },
      "properties": {
        "Id": "{d8fca83d-2dac-3722-9cf9-fd42cd7d4916}",
        "LaneType": "Driving",
        "LeftBoundary": {
          "Dir": "Forward",
          "Id": "{f9e89a32-1cea-303b-91e3-ade719c2f2fd}"
        },
        "Predecessors": [
          {
            "Dir": "Forward",
            "Id": "{57e997d7-f91a-3111-86b7-0829931085c7}"
          }
        ],
        "RightBoundary": {
          "Dir": "Forward",
          "Id": "{8dfab29b-5f80-3785-8313-60a920399468}"
        },
        "SpeedLimit": "40mph",
        "Successors": [],
        "TravelDir": "Forward",
        "Type": "Lane"
      },
      "type": "Feature"
    },
    {
      "geometry": {
        "coordinates": [
          [
            2.823239616536964e-05,
            1.8745803560608052e-05,
            0
          ],
          [
            2.5738415164969128e-05,
            1.87416469021892e-05,
            0
          ],
          [
            2.0665259771082923e-05,
            1.873319159556293e-05,
            0
          ],
          [
            2.0618025062321547e-05,
            1.87331128706048e-05,
            0
          ],
          [
            1.554486966842452e-05,
            1.8724657563978385e-05,
            0
          ],
          [
            1.3012929983689484e-05,
            1.872043764072902e-05,
            0
          ]
        ],
        "type": "LineString"
      },
      "properties": {
        "Id": "{55d3a33e-a9c9-33d0-82ff-6c114dcf77d5}",
        "LaneType": "Parking",
        "LeftBoundary": {
          "Dir": "Forward",
          "Id": "{8dfab29b-5f80-3785-8313-60a920399468}"
        },
        "Predecessors": [
          {
            "Dir": "Forward",
            "Id": "{5b0f3f14-5ef9-37e0-bc4b-5936bfd4488b}"
          }
        ],
        "RightBoundary": {
          "Dir": "Forward",
          "Id": "{ff6341a2-37d0-3051-8c8c-4814b4760c1c}"
        },
        "Successors": [],
        "TravelDir": "Undirected",
        "Type": "Lane"
      },
      "type": "Feature"
    },
    {
      "geometry": {
        "coordinates": [
          [
            2.8228678226097664e-05,
            2.100672415493567e-05,
            0
          ],
          [
            2.573469722569712e-05,
            2.1002567496516867e-05,
            0
          ],
          [
            2.0661541831810848e-05,
            2.0994112189890678e-05,
            0
          ],
          [
            2.0614307123049468e-05,
            2.0994033464932552e-05,
            0
          ],
          [
            1.5541151729155033e-05,
            2.0985578158306197e-05,
            0
          ],
          [
            1.300921204441997e-05,
            2.098135823505686e-05,
            0
          ]
        ],
        "type": "LineString"
      },
      "properties": {
        "Id": "{44a2143c-2233-3140-ad9e-3e5a89efde41}",
        "LaneType": "Shoulder",
        "LeftBoundary": {
          "Dir": "Forward",
          "Id": "{ff6341a2-37d0-3051-8c8c-4814b4760c1c}"
        },
        "Predecessors": [],
        "RightBoundary": {
          "Dir": "Forward",
          "Id": "{968e0f04-00d9-32a2-a820-fd90006d49da}"
        },
        "Successors": [],
        "TravelDir": "Undirected",
        "Type": "Lane"
      },
      "type": "Feature"
    },
    {
      "geometry": {
        "coordinates": [
          [
            6.804738277204694e-05,
            2.3155641480684734e-05,
            0
          ],
          [
            6.793108494195707e-05,
            2.442824750660909e-05,
            0
          ],
          [
            6.758609590807303e-05,
            2.5658128447242315e-05,
            0
          ],
          [
            6.70239979555658e-05,
            2.6803993622659788e-05,
            0
          ],
          [
            6.626366234739351e-05,
            2.7827373006510333e-05,
            0
          ],
          [
            6.567780159835687e-05,
            2.8407924266922828e-05,
            0
          ],
          [
            6.502776104444383e-05,
            2.891452776694185e-05,
            0
          ],
          [
            6.432269271440046e-05,
            2.9340050951874762e-05,
            0
          ],
          [
            6.357252338217983e-05,
            2.9678502810231557e-05,
            0
          ],
          [
            6.2787814806216e-05,
            2.992511822216905e-05,
            0
          ],
          [
            6.197961502868827e-05,
            3.0076425048403532e-05,
            0
          ],
          [
            6.115930282830185e-05,
            3.013029301503548e-05,
            0
          ],
          [
            6.033894080049469e-05,
            3.0086022822020755e-05,
            0
          ],
          [
            5.9489706394100134e-05,
            2.9989438024726513e-05,
            0
          ],
          [
            5.864049459998589e-05,
            2.9892855822986102e-05,
            0
          ],
          [
            5.803870419700443e-05,
            2.9826050501159002e-05,
            0
          ],
          [
            5.801436024672008e-05,
            2.9823416401803713e-05,
            0
          ],
          [
            5.3838210968736874e-05,
            2.9449868243237234e-05,
            0
          ],
          [
            4.965126180575452e-05,
            2.9230787907841533e-05,
            0
          ],
          [
            4.581407946085311e-05,
            2.916591536586146e-05,
            0
          ]
        ],
        "type": "LineString"
      },
      "properties": {
        "Id": "{efebe81d-afa6-342a-848b-e545cda75a02}",
        "LaneType": "Driving",
        "LeftBoundary": {
          "Dir": "Forward",
          "Id": "{d2ff1b8b-bbdb-3805-a1ac-3326eed9e5ee}"
        },
        "Predecessors": [
          {
            "Dir": "Forward",
            "Id": "{8255e25d-c32e-3396-9260-b0939027a091}"
          }
        ],
        "RightBoundary": {
          "Dir": "Forward",
          "Id": "{cc5737b5-4a1f-3326-9546-10fa1ec1e3b8}"
        },
        "SpeedLimit": "40mph",
        "Successors": [
          {
            "Dir": "Backward",
            "Id": "{02dfc126-3096-31ae-bd99-ce26c505d26f}"
          }
        ],
        "TravelDir": "Forward",
        "Type": "Lane"
      },
      "type": "Feature"
    },
    {
      "geometry": {
        "coordinates": [
          [
            5.165312883687483e-06,
            2.0619624076748602e-05,
            0
          ],
          [
            5.16531288368755e-06,
            2.275327218258791e-05,
            0
          ],
          [
            5.178554802352482e-06,
            2.30672595111596e-05,
            0
          ],
          [
            5.318674501905776e-06,
            2.3810131943527777e-05,
            0
          ],
          [
            5.606253304688605e-06,
            2.450865785922388e-05,
            0
          ],
          [
            6.02921741740477e-06,
            2.513351014015986e-05,
            0
          ],
          [
            6.569808989991128e-06,
            2.5658454803860866e-05,
            0
          ],
          [
            6.609807725240751e-06,
            2.568956765129855e-05,
            0
          ],
          [
            6.712717757132211e-06,
            2.576672474166812e-05,
            0
          ],
          [
            7.472892141776207e-06,
            2.623961896753383e-05,
            0
          ],
          [
            8.295258576688277e-06,
            2.659157975806671e-05,
            0
          ],
          [
            9.160972805297165e-06,
            2.6814542047431433e-05,
            0
          ],
          [
            1.0050197270605438e-05,
            2.6903396728048728e-05,
            0
          ],
          [
            1.0187554737781136e-05,
            2.6904991942248425e-05,
            0
          ],
          [
            1.2306919392433776e-05,
            2.6904991942248222e-05,
            0
          ]
        ],
        "type": "LineString"
      },
      "properties": {
        "Id": "{23137bee-820e-35c9-ac6b-a2b0b0f41b3e}",
        "LaneType": "Driving",
        "LeftBoundary": {
          "Dir": "Forward",
          "Id": "{27d7f3a3-7bd6-3cad-b317-4ee847ef18e9}"
        },
        "Predecessors": [
          {
            "Dir": "Backward",
            "Id": "{1a617349-a7a8-3a90-ae83-1ed2be395acb}"
          }
        ],
        "RightBoundary": {
          "Dir": "Forward",
          "Id": "{e393ec86-fedd-3dcb-b955-1b72dff50c36}"
        },
        "SpeedLimit": "40mph",
        "Successors": [
          {
            "Dir": "Forward",
            "Id": "{82e38702-6749-3f64-8322-9e294a1ba678}"
          }
        ],
        "TravelDir": "Forward",
        "Type": "Lane"
      },
      "type": "Feature"
    },
    {
      "geometry": {
        "coordinates": [
          [
            3.70030075213566e-05,
            2.9533072953313112e-05,
            0
          ],
          [
            3.700686390945914e-05,
            3.1070496162318126e-05,
            0
          ],
          [
            3.700894183682452e-05,
            3.189890182925647e-05,
            0
          ],
          [
            3.7009023442649546e-05,
            3.1931435557573335e-05,
            0
          ],
          [
            3.7012952451026066e-05,
            3.349781023209627e-05,
            0
          ],
          [
            3.7015039363942556e-05,
            3.4329798161833565e-05,
            0
          ]
        ],
        "type": "LineString"
      },
      "properties": {
        "Id": "{3a24439d-fac6-3a8b-84c4-c7d9a74c4ce3}",
        "LaneType": "Driving",
        "LeftBoundary": {
          "Dir": "Forward",
          "Id": "{c7a4e5e8-ca54-30aa-ac49-58d362d9ba75}"
        },
        "Predecessors": [
          {
            "Dir": "Backward",
            "Id": "{4688b820-5ead-3b30-b8f7-b9edf48a7c08}"
          }
        ],
        "RightBoundary": {
          "Dir": "Forward",
          "Id": "{51228662-506b-3370-9892-75d5bc2d0569}"
        },
        "SpeedLimit": "40mph",
        "Successors": [
          {
            "Dir": "Backward",
            "Id": "{becf583d-91ca-3e65-ac66-f66089686169}"
          }
        ],
        "TravelDir": "Forward",
        "Type": "Lane"
      },
      "type": "Feature"
    },
    {
      "geometry": {
        "coordinates": [
          [
            3.905542761080218e-05,
            4.1973248993835003e-05,
            0
          ],
          [
            3.905508464818378e-05,
            4.1836520357986915e-05,
            0
          ]
        ],
        "type": "LineString"
      },
      "properties": {
        "Id": "{f234b490-577f-3960-92d6-1d34fe15733f}",
        "LaneType": "Sidewalk",
        "LeftBoundary": {
          "Dir": "Forward",
          "Id": "{0eba3e0d-f07a-3234-91d5-d26ae8aee1fd}"
        },
        "Predecessors": [
          {
            "Dir": "Backward",
            "Id": "{9fc74ac3-4aa6-3cd4-981c-48e62424cfdb}"
          }
        ],
        "RightBoundary": {
          "Dir": "Forward",
          "Id": "{a77de414-7f80-37d4-9a5c-fd3eef6f6d6d}"
        },
        "Successors": [
          {
            "Dir": "Forward",
            "Id": "{b27b77ed-1112-39bf-a140-ba4159650d33}"
          }
        ],
        "TravelDir": "Undirected",
        "Type": "Lane"
      },
      "type": "Feature"
    },
    {
      "geometry": {
        "coordinates": [
          [
            3.905508464818378e-05,
            4.1836520357986915e-05,
            0
          ],
          [
            3.9054020198552306e-05,
            4.141215706247185e-05,
            0
          ]
        ],
        "type": "LineString"
      },
      "properties": {
        "Id": "{b27b77ed-1112-39bf-a140-ba4159650d33}",
        "LaneType": "Sidewalk",
        "LeftBoundary": {
          "Dir": "Forward",
          "Id": "{6e1d1a85-4b31-35dd-85cc-3b635e54e785}"
        },
        "Predecessors": [
          {
            "Dir": "Forward",
            "Id": "{f234b490-577f-3960-92d6-1d34fe15733f}"
          }
        ],
        "RightBoundary": {
          "Dir": "Forward",
          "Id": "{c2a9ef7a-8a89-35f5-9603-a5910e35304a}"
        },
        "Successors": [
          {
            "Dir": "Forward",
            "Id": "{0bc2f83b-65da-3fae-95c3-a1fb15ad03fc}"
          }
        ],
        "TravelDir": "Undirected",
        "Type": "Lane"
      },
      "type": "Feature"
    },
    {
      "geometry": {
        "coordinates": [
          [
            3.2766897708846825e-05,
            4.1852506621239865e-05,
            0
          ],
          [
            3.276583325921539e-05,
            4.142814332572478e-05,
            0
          ]
        ],
        "type": "LineString"
      },
      "properties": {
        "Id": "{3014a4cb-2cdb-31dd-9ccc-8ce732b10493}",
        "LaneType": "Sidewalk",
        "LeftBoundary": {
          "Dir": "Forward",
          "Id": "{673ab8e9-a6a1-373e-bd4c-003f9405d309}"
        },
        "Predecessors": [
          {
            "Dir": "Forward",
            "Id": "{879abafb-ba8c-3f89-ab51-9ed730a23045}"
          }
        ],
        "RightBoundary": {
          "Dir": "Forward",
          "Id": "{dc67394c-f52d-31bb-b96c-fd98e94c5f3e}"
        },
        "Successors": [
          {
            "Dir": "Forward",
            "Id": "{0d179c16-54d0-3a6b-93f4-2dbbcfb1eec8}"
          }
        ],
        "TravelDir": "Undirected",
        "Type": "Lane"
      },
      "type": "Feature"
    },
    {
      "geometry": {
        "coordinates": [
          [
            3.9054020198552306e-05,
            4.141215706247185e-05,
            0
          ],
          [
            3.90390951932071e-05,
            3.546201693218688e-05,
            0
          ]
        ],
        "type": "LineString"
      },
      "properties": {
        "Id": "{0bc2f83b-65da-3fae-95c3-a1fb15ad03fc}",
        "LaneType": "Sidewalk",
        "LeftBoundary": {
          "Dir": "Forward",
          "Id": "{4406e484-bae0-3b1c-873a-a13e5a92ff45}"
        },
        "Predecessors": [
          {
            "Dir": "Forward",
            "Id": "{b27b77ed-1112-39bf-a140-ba4159650d33}"
          }
        ],
        "RightBoundary": {
          "Dir": "Forward",
          "Id": "{296dcea3-dc89-3728-a7fb-9bdd4f55d3ea}"
        },
        "Successors": [
          {
            "Dir": "Backward",
            "Id": "{553f22e6-065c-38c2-97b6-64b8e34c2d25}"
          }
        ],
        "TravelDir": "Undirected",
        "Type": "Lane"
      },
      "type": "Feature"
    },
    {
      "geometry": {
        "coordinates": [
          [
            3.703281725377207e-05,
            4.141729550423179e-05,
            0
          ],
          [
            3.701789224842699e-05,
            3.5467155373946664e-05,
            0
          ]
        ],
        "type": "LineString"
      },
      "properties": {
        "Id": "{317261be-5a4c-36c7-962d-a6c3b040e2fb}",
        "LaneType": "Driving",
        "LeftBoundary": {
          "Dir": "Forward",
          "Id": "{468e3cfd-f77d-3306-8d0e-09147a216e57}"
        },
        "Predecessors": [
          {
            "Dir": "Backward",
            "Id": "{9d6d87d3-9ff9-3441-899b-d20064845bdb}"
          },
          {
            "Dir": "Backward",
            "Id": "{90a5fd41-0552-3aa1-89b4-08079c2711d8}"
          }
        ],
        "RightBoundary": {
          "Dir": "Forward",
          "Id": "{df906269-d124-3467-89c5-5f33bbe226a8}"
        },
        "SpeedLimit": "40mph",
        "Successors": [
          {
            "Dir": "Forward",
            "Id": "{c9e82a50-36a6-3781-a258-001c7d22f858}"
          }
        ],
        "TravelDir": "Backward",
        "Type": "Lane"
      },
      "type": "Feature"
    },
    {
      "geometry": {
        "coordinates": [
          [
            3.276583325921539e-05,
            4.142814332572478e-05,
            0
          ],
          [
            3.275090825387594e-05,
            3.547800319543938e-05,
            0
          ]
        ],
        "type": "LineString"
      },
      "properties": {
        "Id": "{0d179c16-54d0-3a6b-93f4-2dbbcfb1eec8}",
        "LaneType": "Sidewalk",
        "LeftBoundary": {
          "Dir": "Forward",
          "Id": "{aa88ef7e-578a-355d-a546-c49b73158c32}"
        },
        "Predecessors": [
          {
            "Dir": "Forward",
            "Id": "{3014a4cb-2cdb-31dd-9ccc-8ce732b10493}"
          }
        ],
        "RightBoundary": {
          "Dir": "Forward",
          "Id": "{c0be7c81-c18b-3ffa-b488-0a1ddbac2377}"
        },
        "Successors": [
          {
            "Dir": "Forward",
            "Id": "{688bc956-5a6a-3f66-8532-482405eb32de}"
          }
        ],
        "TravelDir": "Undirected",
        "Type": "Lane"
      },
      "type": "Feature"
    },
    {
      "geometry": {
        "coordinates": [
          [
            3.701789224842699e-05,
            3.5467155373946664e-05,
            0
          ],
          [
            3.701779830254346e-05,
            3.542970204497994e-05,
            0
          ]
        ],
        "type": "LineString"
      },
      "properties": {
        "Id": "{c9e82a50-36a6-3781-a258-001c7d22f858}",
        "LaneType": "Driving",
        "LeftBoundary": {
          "Dir": "Forward",
          "Id": "{3a086be9-6910-387d-a9bc-ca377886ea05}"
        },
        "Predecessors": [
          {
            "Dir": "Forward",
            "Id": "{317261be-5a4c-36c7-962d-a6c3b040e2fb}"
          }
        ],
        "RightBoundary": {
          "Dir": "Forward",
          "Id": "{72c2d803-2a43-3de2-8160-a4e86ce127e2}"
        },
        "SpeedLimit": "40mph",
        "Successors": [
          {
            "Dir": "Forward",
            "Id": "{f81d12b2-eb71-3a01-8a13-fba7e30cf898}"
          }
        ],
        "TravelDir": "Backward",
        "Type": "Lane"
      },
      "type": "Feature"
    },
    {
      "geometry": {
        "coordinates": [
          [
            3.275090825387594e-05,
            3.547800319543938e-05,
            0
          ],
          [
            3.275081430800308e-05,
            3.544054986647265e-05,
            0
          ]
        ],
        "type": "LineString"
      },
      "properties": {
        "Id": "{688bc956-5a6a-3f66-8532-482405eb32de}",
        "LaneType": "Sidewalk",
        "LeftBoundary": {
          "Dir": "Forward",
          "Id": "{4b251f47-7273-30a2-adac-f596db49293e}"
        },
        "Predecessors": [
          {
            "Dir": "Forward",
            "Id": "{0d179c16-54d0-3a6b-93f4-2dbbcfb1eec8}"
          }
        ],
        "RightBoundary": {
          "Dir": "Forward",
          "Id": "{e71857fc-9b32-3c5f-ae46-0cd59867f23d}"
        },
        "Successors": [
          {
            "Dir": "Forward",
            "Id": "{0c79d649-1481-339f-b8f1-83687784b288}"
          }
        ],
        "TravelDir": "Undirected",
        "Type": "Lane"
      },
      "type": "Feature"
    },
    {
      "geometry": {
        "coordinates": [
          [
            3.701779830254346e-05,
            3.542970204497994e-05,
            0
          ],
          [
            3.701675089733844e-05,
            3.5012133833399064e-05,
            0
          ]
        ],
        "type": "LineString"
      },
      "properties": {
        "Id": "{f81d12b2-eb71-3a01-8a13-fba7e30cf898}",
        "LaneType": "Driving",
        "LeftBoundary": {
          "Dir": "Forward",
          "Id": "{64dda677-33b5-3dca-a677-eb2f43c4af77}"
        },
        "Predecessors": [
          {
            "Dir": "Forward",
            "Id": "{c9e82a50-36a6-3781-a258-001c7d22f858}"
          }
        ],
        "RightBoundary": {
          "Dir": "Forward",
          "Id": "{d239c5e7-93ed-310a-9fee-96f96a752237}"
        },
        "SpeedLimit": "40mph",
        "Successors": [
          {
            "Dir": "Forward",
            "Id": "{becf583d-91ca-3e65-ac66-f66089686169}"
          }
        ],
        "TravelDir": "Backward",
        "Type": "Lane"
      },
      "type": "Feature"
    },
    {
      "geometry": {
        "coordinates": [
          [
            3.701675089733844e-05,
            3.5012133833399064e-05,
            0
          ],
          [
            3.7015039363942556e-05,
            3.432979816183357e-05,
            0
          ],
          [
            3.7015039363942556e-05,
            3.4329798161833565e-05,
            0
          ]
        ],
        "type": "LineString"
      },
      "properties": {
        "Id": "{becf583d-91ca-3e65-ac66-f66089686169}",
        "LaneType": "Driving",
        "LeftBoundary": {
          "Dir": "Forward",
          "Id": "{63d412ff-59ae-3d75-94bb-7a4ee37a784f}"
        },
        "Predecessors": [
          {
            "Dir": "Forward",
            "Id": "{f81d12b2-eb71-3a01-8a13-fba7e30cf898}"
          }
        ],
        "RightBoundary": {
          "Dir": "Forward",
          "Id": "{c8f80a57-ae64-3cd8-ad9d-cb5d30aaf4c1}"
        },
        "SpeedLimit": "40mph",
        "Successors": [
          {
            "Dir": "Backward",
            "Id": "{0863c21f-0a5d-39f8-9f83-8664a19dd3ca}"
          },
          {
            "Dir": "Backward",
            "Id": "{3a24439d-fac6-3a8b-84c4-c7d9a74c4ce3}"
          },
          {
            "Dir": "Forward",
            "Id": "{6d16f79a-a358-3d03-beb1-20ebacd4dbdc}"
          }
        ],
        "TravelDir": "Backward",
        "Type": "Lane"
      },
      "type": "Feature"
    },
    {
      "geometry": {
        "coordinates": [
          [
            3.7015039363942556e-05,
            3.4329798161833565e-05,
            0
          ],
          [
            3.70030075213566e-05,
            2.9533072953313112e-05,
            0
          ]
        ],
        "type": "LineString"
      },
      "properties": {
        "Id": "{6d16f79a-a358-3d03-beb1-20ebacd4dbdc}",
        "LaneType": "Driving",
        "LeftBoundary": {
          "Dir": "Forward",
          "Id": "{a983fa59-6162-3aa6-9093-f1f70f08cec2}"
        },
        "Predecessors": [
          {
            "Dir": "Forward",
            "Id": "{becf583d-91ca-3e65-ac66-f66089686169}"
          }
        ],
        "RightBoundary": {
          "Dir": "Forward",
          "Id": "{45e237fe-e10f-3472-8785-fb2c1d5e7e7b}"
        },
        "SpeedLimit": "40mph",
        "Successors": [
          {
            "Dir": "Forward",
            "Id": "{4688b820-5ead-3b30-b8f7-b9edf48a7c08}"
          }
        ],
        "TravelDir": "Backward",
        "Type": "Lane"
      },
      "type": "Feature"
    },
    {
      "geometry": {
        "coordinates": [
          [
            3.70030075213566e-05,
            2.9533072953313112e-05,
            0
          ],
          [
            3.698068932693067e-05,
            2.0635495951298867e-05,
            0
          ]
        ],
        "type": "LineString"
      },
      "properties": {
        "Id": "{4688b820-5ead-3b30-b8f7-b9edf48a7c08}",
        "LaneType": "Driving",
        "LeftBoundary": {
          "Dir": "Forward",
          "Id": "{70757ec3-4479-3c4a-9d4b-db71609f139c}"
        },
        "Predecessors": [
          {
            "Dir": "Backward",
            "Id": "{2a9bc542-0e7f-32ab-a1cd-716779783e42}"
          },
          {
            "Dir": "Backward",
            "Id": "{3a24439d-fac6-3a8b-84c4-c7d9a74c4ce3}"
          },
          {
            "Dir": "Forward",
            "Id": "{6d16f79a-a358-3d03-beb1-20ebacd4dbdc}"
          }
        ],
        "RightBoundary": {
          "Dir": "Forward",
          "Id": "{410566af-aeca-3e4c-9d95-4dd06ec42741}"
        },
        "SpeedLimit": "40mph",
        "Successors": [
          {
            "Dir": "Forward",
            "Id": "{3f89e5c6-67a5-3601-9668-658e157d4b2a}"
          }
        ],
        "TravelDir": "Backward",
        "Type": "Lane"
      },
      "type": "Feature"
    },
    {
      "geometry": {
        "coordinates": [
          [
            3.475722647159122e-05,
            2.9538782333045996e-05,
            0
          ],
          [
            3.4734908277168114e-05,
            2.0641205331031533e-05,
            0
          ]
        ],
        "type": "LineString"
      },
      "properties": {
        "Id": "{5e908d81-9ee6-3afb-b55c-13d1d315612b}",
        "LaneType": "Driving",
        "LeftBoundary": {
          "Dir": "Forward",
          "Id": "{410566af-aeca-3e4c-9d95-4dd06ec42741}"
        },
        "Predecessors": [
          {
            "Dir": "Forward",
            "Id": "{97d85369-9c81-32c9-b684-1fb5b9835940}"
          },
          {
            "Dir": "Forward",
            "Id": "{30e9a4a9-d292-369e-8c47-af8817e7bee2}"
          },
          {
            "Dir": "Forward",
            "Id": "{78051476-0521-3558-87d5-ae9abf0d691f}"
          }
        ],
        "RightBoundary": {
          "Dir": "Forward",
          "Id": "{5b0f8d38-b063-300b-a04d-30f9b835d43e}"
        },
        "SpeedLimit": "40mph",
        "Successors": [
          {
            "Dir": "Forward",
            "Id": "{e2743ee3-0e29-34e0-8984-a16dfe626505}"
          }
        ],
        "TravelDir": "Forward",
        "Type": "Lane"
      },
      "type": "Feature"
    },
    {
      "geometry": {
        "coordinates": [
          [
            3.900189227171586e-05,
            2.0630357509539443e-05,
            0
          ],
          [
            3.9001775583846205e-05,
            2.0583837647307964e-05,
            0
          ]
        ],
        "type": "LineString"
      },
      "properties": {
        "Id": "{556e6c6a-2943-35ac-b9eb-b521eab67126}",
        "LaneType": "Sidewalk",
        "LeftBoundary": {
          "Dir": "Forward",
          "Id": "{133fa6e2-4025-39e8-8974-411ef5fd5335}"
        },
        "Predecessors": [
          {
            "Dir": "Backward",
            "Id": "{2808ab8e-0a60-339d-80b4-6b1e1e4a42ac}"
          }
        ],
        "RightBoundary": {
          "Dir": "Forward",
          "Id": "{a58c5def-d614-3a7c-a45c-6dc21a475566}"
        },
        "Successors": [
          {
            "Dir": "Forward",
            "Id": "{990ed62d-54aa-38b2-9815-30e05c94a85e}"
          }
        ],
        "TravelDir": "Undirected",
        "Type": "Lane"
      },
      "type": "Feature"
    },
    {
      "geometry": {
        "coordinates": [
          [
            3.698068932693067e-05,
            2.0635495951298867e-05,
            0
          ],
          [
            3.6980572639058345e-05,
            2.058897608906739e-05,
            0
          ]
        ],
        "type": "LineString"
      },
      "properties": {
        "Id": "{3f89e5c6-67a5-3601-9668-658e157d4b2a}",
        "LaneType": "Driving",
        "LeftBoundary": {
          "Dir": "Forward",
          "Id": "{ca4c1e56-faad-3864-9476-814a6365719a}"
        },
        "Predecessors": [
          {
            "Dir": "Forward",
            "Id": "{4688b820-5ead-3b30-b8f7-b9edf48a7c08}"
          }
        ],
        "RightBoundary": {
          "Dir": "Forward",
          "Id": "{83ba77f4-477a-3bd3-a8e0-7950320464c4}"
        },
        "SpeedLimit": "40mph",
        "Successors": [
          {
            "Dir": "Forward",
            "Id": "{c7bd3668-1afc-3494-9734-04e5ae57e5f1}"
          }
        ],
        "TravelDir": "Backward",
        "Type": "Lane"
      },
      "type": "Feature"
    },
    {
      "geometry": {
        "coordinates": [
          [
            3.4734908277168114e-05,
            2.0641205331031533e-05,
            0
          ],
          [
            3.4734791589298454e-05,
            2.0594685468800058e-05,
            0
          ]
        ],
        "type": "LineString"
      },
      "properties": {
        "Id": "{e2743ee3-0e29-34e0-8984-a16dfe626505}",
        "LaneType": "Driving",
        "LeftBoundary": {
          "Dir": "Forward",
          "Id": "{83ba77f4-477a-3bd3-a8e0-7950320464c4}"
        },
        "Predecessors": [
          {
            "Dir": "Forward",
            "Id": "{5e908d81-9ee6-3afb-b55c-13d1d315612b}"
          }
        ],
        "RightBoundary": {
          "Dir": "Forward",
          "Id": "{86540574-122e-3230-8c3a-9314c98f885e}"
        },
        "SpeedLimit": "40mph",
        "Successors": [
          {
            "Dir": "Forward",
            "Id": "{b51cb279-b60d-3922-8669-82ae30190e1b}"
          }
        ],
        "TravelDir": "Forward",
        "Type": "Lane"
      },
      "type": "Feature"
    },
    {
      "geometry": {
        "coordinates": [
          [
            3.9001775583846205e-05,
            2.0583837647307964e-05,
            0
          ],
          [
            3.900152583023835e-05,
            2.0484268576230075e-05,
            0
          ]
        ],
        "type": "LineString"
      },
      "properties": {
        "Id": "{990ed62d-54aa-38b2-9815-30e05c94a85e}",
        "LaneType": "Sidewalk",
        "LeftBoundary": {
          "Dir": "Forward",
          "Id": "{9b897c27-7a4d-399d-95d2-b2c9a22cbc64}"
        },
        "Predecessors": [
          {
            "Dir": "Forward",
            "Id": "{556e6c6a-2943-35ac-b9eb-b521eab67126}"
          }
        ],
        "RightBoundary": {
          "Dir": "Forward",
          "Id": "{ddc6775f-3cba-33df-969e-4e207ae16d3c}"
        },
        "Successors": [
          {
            "Dir": "Forward",
            "Id": "{d6eb4005-b6f4-3c88-82e2-90fb1dfb20b7}"
          }
        ],
        "TravelDir": "Undirected",
        "Type": "Lane"
      },
      "type": "Feature"
    },
    {
      "geometry": {
        "coordinates": [
          [
            3.81483787849388e-05,
            2.0586007211606396e-05,
            0
          ],
          [
            3.814812903133094e-05,
            2.04864381405285e-05,
            0
          ]
        ],
        "type": "LineString"
      },
      "properties": {
        "Id": "{2de72f38-8ff4-3cda-b2b9-2229d8cb6dcf}",
        "LaneType": "Curb",
        "LeftBoundary": {
          "Dir": "Forward",
          "Id": "{ddc6775f-3cba-33df-969e-4e207ae16d3c}"
        },
        "Predecessors": [],
        "RightBoundary": {
          "Dir": "Forward",
          "Id": "{dde59528-cfa9-359a-b6b2-3d61f2032751}"
        },
        "Successors": [],
        "TravelDir": "Undirected",
        "Type": "Lane"
      },
      "type": "Feature"
    },
    {
      "geometry": {
        "coordinates": [
          [
            3.6980572639058345e-05,
            2.058897608906739e-05,
            0
          ],
          [
            3.698032288545316e-05,
            2.04894070179895e-05,
            0
          ]
        ],
        "type": "LineString"
      },
      "properties": {
        "Id": "{c7bd3668-1afc-3494-9734-04e5ae57e5f1}",
        "LaneType": "Driving",
        "LeftBoundary": {
          "Dir": "Forward",
          "Id": "{dde59528-cfa9-359a-b6b2-3d61f2032751}"
        },
        "Predecessors": [
          {
            "Dir": "Forward",
            "Id": "{3f89e5c6-67a5-3601-9668-658e157d4b2a}"
          }
        ],
        "RightBoundary": {
          "Dir": "Forward",
          "Id": "{86bf16d8-0607-3b4e-9d37-f59c2c8002dd}"
        },
        "SpeedLimit": "40mph",
        "Successors": [
          {
            "Dir": "Forward",
            "Id": "{7d5647b7-d851-310a-846e-973bd0396fdc}"
          }
        ],
        "TravelDir": "Backward",
        "Type": "Lane"
      },
      "type": "Feature"
    },
    {
      "geometry": {
        "coordinates": [
          [
            3.4734791589298454e-05,
            2.0594685468800058e-05,
            0
          ],
          [
            3.4734541835693266e-05,
            2.0495116397722162e-05,
            0
          ]
        ],
        "type": "LineString"
      },
      "properties": {
        "Id": "{b51cb279-b60d-3922-8669-82ae30190e1b}",
        "LaneType": "Driving",
        "LeftBoundary": {
          "Dir": "Forward",
          "Id": "{86bf16d8-0607-3b4e-9d37-f59c2c8002dd}"
        },
        "Predecessors": [
          {
            "Dir": "Forward",
            "Id": "{e2743ee3-0e29-34e0-8984-a16dfe626505}"
          }
        ],
        "RightBoundary": {
          "Dir": "Forward",
          "Id": "{a420f6a0-8926-3ba2-bf2a-76d166b95c2b}"
        },
        "SpeedLimit": "40mph",
        "Successors": [
          {
            "Dir": "Forward",
            "Id": "{a3655513-043c-337a-aecf-df92488f276e}"
          }
        ],
        "TravelDir": "Forward",
        "Type": "Lane"
      },
      "type": "Feature"
    },
    {
      "geometry": {
        "coordinates": [
          [
            3.356698544342062e-05,
            2.0597654346261033e-05,
            0
          ],
          [
            3.356673568981277e-05,
            2.0498085275183144e-05,
            0
          ]
        ],
        "type": "LineString"
      },
      "properties": {
        "Id": "{9e9a3735-7ab2-32e9-966f-e370d83efc21}",
        "LaneType": "Curb",
        "LeftBoundary": {
          "Dir": "Forward",
          "Id": "{a420f6a0-8926-3ba2-bf2a-76d166b95c2b}"
        },
        "Predecessors": [],
        "RightBoundary": {
          "Dir": "Forward",
          "Id": "{fe0c1cf8-2c5f-3a1f-8922-52599a6b9f26}"
        },
        "Successors": [],
        "TravelDir": "Undirected",
        "Type": "Lane"
      },
      "type": "Feature"
    },
    {
      "geometry": {
        "coordinates": [
          [
            3.2713588644507836e-05,
            2.059982391055943e-05,
            0
          ],
          [
            3.271333889091065e-05,
            2.0500254839481535e-05,
            0
          ]
        ],
        "type": "LineString"
      },
      "properties": {
        "Id": "{e872b7f3-246b-3f9c-8c9f-bbe0b7e2547c}",
        "LaneType": "Sidewalk",
        "LeftBoundary": {
          "Dir": "Forward",
          "Id": "{fe0c1cf8-2c5f-3a1f-8922-52599a6b9f26}"
        },
        "Predecessors": [
          {
            "Dir": "Forward",
            "Id": "{5fa5540b-082e-346d-ba23-7987c2216997}"
          }
        ],
        "RightBoundary": {
          "Dir": "Forward",
          "Id": "{b4ede978-dd3e-3d21-a9a5-f7988901c59d}"
        },
        "Successors": [
          {
            "Dir": "Forward",
            "Id": "{8b136197-12dd-3622-87dc-24907bb58c99}"
          }
        ],
        "TravelDir": "Undirected",
        "Type": "Lane"
      },
      "type": "Feature"
    },
    {
      "geometry": {
        "coordinates": [
          [
            2.229523772115761e-05,
            3.1200746958235776e-05,
            0
          ],
          [
            2.6679035644339625e-05,
            3.120074695823476e-05,
            0
          ],
          [
            2.8482537146759932e-05,
            3.120074695823428e-05,
            0
          ]
        ],
        "type": "LineString"
      },
      "properties": {
        "Id": "{fdfd3050-d0ca-3888-a273-6de72dcc949e}",
        "LaneType": "Sidewalk",
        "LeftBoundary": {
          "Dir": "Forward",
          "Id": "{b4a129d9-edea-3cb7-b2cb-697b591c9c4b}"
        },
        "Predecessors": [
          {
            "Dir": "Forward",
            "Id": "{7486d4f4-73f2-3952-a392-129a1e5c1020}"
          }
        ],
        "RightBoundary": {
          "Dir": "Forward",
          "Id": "{056f4d65-6bf8-3d0c-947c-1f3a65c09649}"
        },
        "Successors": [
          {
            "Dir": "Forward",
            "Id": "{39e1d50a-8d95-3e1f-a4c2-caa86b32262f}"
          }
        ],
        "TravelDir": "Undirected",
        "Type": "Lane"
      },
      "type": "Feature"
    },
    {
      "geometry": {
        "coordinates": [
          [
            2.2295237721157435e-05,
            3.0341595955037973e-05,
            0
          ],
          [
            2.6679035644339415e-05,
            3.0341595955036977e-05,
            0
          ],
          [
            2.848253714675971e-05,
            3.034159595503651e-05,
            0
          ]
        ],
        "type": "LineString"
      },
      "properties": {
        "Id": "{0eb8cc7a-941d-3645-96b8-96066b5ee325}",
        "LaneType": "Curb",
        "LeftBoundary": {
          "Dir": "Forward",
          "Id": "{056f4d65-6bf8-3d0c-947c-1f3a65c09649}"
        },
        "Predecessors": [],
        "RightBoundary": {
          "Dir": "Forward",
          "Id": "{4ac2b9ba-8528-3740-a438-83bc54947f89}"
        },
        "Successors": [],
        "TravelDir": "Undirected",
        "Type": "Lane"
      },
      "type": "Feature"
    },
    {
      "geometry": {
        "coordinates": [
          [
            2.2295237721157194e-05,
            2.9165915634872582e-05,
            0
          ],
          [
            2.6679035644339127e-05,
            2.9165915634871617e-05,
            0
          ],
          [
            2.84825371467594e-05,
            2.9165915634871173e-05,
            0
          ]
        ],
        "type": "LineString"
      },
      "properties": {
        "Id": "{e2cee8a7-973a-3782-9787-da4bd95b164a}",
        "LaneType": "Driving",
        "LeftBoundary": {
          "Dir": "Forward",
          "Id": "{4ac2b9ba-8528-3740-a438-83bc54947f89}"
        },
        "Predecessors": [
          {
            "Dir": "Forward",
            "Id": "{f17276b1-f9be-37ab-9f82-10bd18e178a1}"
          }
        ],
        "RightBoundary": {
          "Dir": "Forward",
          "Id": "{2363c323-731c-3e55-8252-a95f71994a42}"
        },
        "SpeedLimit": "40mph",
        "Successors": [
          {
            "Dir": "Forward",
            "Id": "{4b682127-60bd-33a1-966b-faf4f5c750d1}"
          }
        ],
        "TravelDir": "Backward",
        "Type": "Lane"
      },
      "type": "Feature"
    },
    {
      "geometry": {
        "coordinates": [
          [
            2.2295237721156768e-05,
            2.69049919422468e-05,
            0
          ],
          [
            2.667903564433862e-05,
            2.6904991942245915e-05,
            0
          ],
          [
            2.8482537146758858e-05,
            2.6904991942245505e-05,
            0
          ]
        ],
        "type": "LineString"
      },
      "properties": {
        "Id": "{3a4ec57a-c1c6-34b1-918d-82c5f22986f8}",
        "LaneType": "Driving",
        "LeftBoundary": {
          "Dir": "Forward",
          "Id": "{2363c323-731c-3e55-8252-a95f71994a42}"
        },
        "Predecessors": [
          {
            "Dir": "Forward",
            "Id": "{b1fa3ebf-dd85-38f4-ac33-f4b35ecfed00}"
          }
        ],
        "RightBoundary": {
          "Dir": "Forward",
          "Id": "{d7836da0-dde8-3924-9db1-2a32dde313f2}"
        },
        "SpeedLimit": "40mph",
        "Successors": [
          {
            "Dir": "Forward",
            "Id": "{0e958036-e9ea-3f34-ad72-7c42abb9dafc}"
          }
        ],
        "TravelDir": "Forward",
        "Type": "Lane"
      },
      "type": "Feature"
    },
    {
      "geometry": {
        "coordinates": [
          [
            2.229523772115656e-05,
            2.5729311622081394e-05,
            0
          ],
          [
            2.6679035644338372e-05,
            2.572931162208055e-05,
            0
          ],
          [
            2.8482537146758594e-05,
            2.572931162208016e-05,
            0
          ]
        ],
        "type": "LineString"
      },
      "properties": {
        "Id": "{99419863-56a1-3658-85d6-6c7a4f9c0f81}",
        "LaneType": "Curb",
        "LeftBoundary": {
          "Dir": "Forward",
          "Id": "{d7836da0-dde8-3924-9db1-2a32dde313f2}"
        },
        "Predecessors": [],
        "RightBoundary": {
          "Dir": "Forward",
          "Id": "{a61e386e-c660-36c7-bb1f-f0c998837375}"
        },
        "Successors": [],
        "TravelDir": "Undirected",
        "Type": "Lane"
      },
      "type": "Feature"
    },
    {
      "geometry": {
        "coordinates": [
          [
            2.2295237721156412e-05,
            2.4870160618883598e-05,
            0
          ],
          [
            2.6679035644338196e-05,
            2.4870160618882778e-05,
            0
          ],
          [
            2.8482537146758404e-05,
            2.48701606188824e-05,
            0
          ]
        ],
        "type": "LineString"
      },
      "properties": {
        "Id": "{9cf94e3e-135e-3aa3-bbea-a9a862fa7075}",
        "LaneType": "Sidewalk",
        "LeftBoundary": {
          "Dir": "Forward",
          "Id": "{a61e386e-c660-36c7-bb1f-f0c998837375}"
        },
        "Predecessors": [
          {
            "Dir": "Forward",
            "Id": "{da3c228c-f54d-361e-879e-d86c6f304579}"
          }
        ],
        "RightBoundary": {
          "Dir": "Forward",
          "Id": "{8af4266e-1a43-35b0-a964-41942db90d35}"
        },
        "Successors": [
          {
            "Dir": "Forward",
            "Id": "{5fa5540b-082e-346d-ba23-7987c2216997}"
          }
        ],
        "TravelDir": "Undirected",
        "Type": "Lane"
      },
      "type": "Feature"
    },
    {
      "geometry": {
        "coordinates": [
          [
            2.8482537146759932e-05,
            3.120074695823428e-05,
            0
          ],
          [
            2.852874593444451e-05,
            3.1200746958234265e-05,
            0
          ]
        ],
        "type": "LineString"
      },
      "properties": {
        "Id": "{39e1d50a-8d95-3e1f-a4c2-caa86b32262f}",
        "LaneType": "Sidewalk",
        "LeftBoundary": {
          "Dir": "Forward",
          "Id": "{0af62ed1-25eb-3fe9-b2af-d1c484605d64}"
        },
        "Predecessors": [
          {
            "Dir": "Forward",
            "Id": "{fdfd3050-d0ca-3888-a273-6de72dcc949e}"
          }
        ],
        "RightBoundary": {
          "Dir": "Forward",
          "Id": "{21a53459-10a0-3549-94e5-1fcba49d5353}"
        },
        "Successors": [
          {
            "Dir": "Backward",
            "Id": "{0c79d649-1481-339f-b8f1-83687784b288}"
          }
        ],
        "TravelDir": "Undirected",
        "Type": "Lane"
      },
      "type": "Feature"
    },
    {
      "geometry": {
        "coordinates": [
          [
            2.84825371467594e-05,
            2.9165915634871173e-05,
            0
          ],
          [
            2.8528745934443983e-05,
            2.9165915634871163e-05,
            0
          ]
        ],
        "type": "LineString"
      },
      "properties": {
        "Id": "{4b682127-60bd-33a1-966b-faf4f5c750d1}",
        "LaneType": "Driving",
        "LeftBoundary": {
          "Dir": "Forward",
          "Id": "{b14fda6b-4df7-357d-a9b3-d6d65495d37e}"
        },
        "Predecessors": [
          {
            "Dir": "Forward",
            "Id": "{e2cee8a7-973a-3782-9787-da4bd95b164a}"
          }
        ],
        "RightBoundary": {
          "Dir": "Forward",
          "Id": "{2dbc1aa0-9722-3915-ab21-8862abb0bb84}"
        },
        "SpeedLimit": "40mph",
        "Successors": [
          {
            "Dir": "Forward",
            "Id": "{65f523fc-2e5f-3565-9a92-f5c3cef60e28}"
          }
        ],
        "TravelDir": "Backward",
        "Type": "Lane"
      },
      "type": "Feature"
    },
    {
      "geometry": {
        "coordinates": [
          [
            2.8482537146758858e-05,
            2.6904991942245505e-05,
            0
          ],
          [
            2.8528745934443437e-05,
            2.6904991942245494e-05,
            0
          ]
        ],
        "type": "LineString"
      },
      "properties": {
        "Id": "{0e958036-e9ea-3f34-ad72-7c42abb9dafc}",
        "LaneType": "Driving",
        "LeftBoundary": {
          "Dir": "Forward",
          "Id": "{2dbc1aa0-9722-3915-ab21-8862abb0bb84}"
        },
        "Predecessors": [
          {
            "Dir": "Forward",
            "Id": "{3a4ec57a-c1c6-34b1-918d-82c5f22986f8}"
          }
        ],
        "RightBoundary": {
          "Dir": "Forward",
          "Id": "{39e0862f-ffc6-304e-a083-e95e14ca650d}"
        },
        "SpeedLimit": "40mph",
        "Successors": [
          {
            "Dir": "Forward",
            "Id": "{92534da4-da6b-33d9-9b33-3c8a294b3072}"
          }
        ],
        "TravelDir": "Forward",
        "Type": "Lane"
      },
      "type": "Feature"
    },
    {
      "geometry": {
        "coordinates": [
          [
            2.8528745934443983e-05,
            2.9165915634871163e-05,
            0
          ],
          [
            2.975125457935206e-05,
            2.916591563487084e-05,
            0
          ]
        ],
        "type": "LineString"
      },
      "properties": {
        "Id": "{65f523fc-2e5f-3565-9a92-f5c3cef60e28}",
        "LaneType": "Driving",
        "LeftBoundary": {
          "Dir": "Forward",
          "Id": "{e5c2add2-ecb5-3330-8716-f15444db5785}"
        },
        "Predecessors": [
          {
            "Dir": "Forward",
            "Id": "{4b682127-60bd-33a1-966b-faf4f5c750d1}"
          }
        ],
        "RightBoundary": {
          "Dir": "Forward",
          "Id": "{51f29670-b327-3bb5-a497-7c6584e114d7}"
        },
        "SpeedLimit": "40mph",
        "Successors": [
          {
            "Dir": "Forward",
            "Id": "{8842f179-8138-3b45-bf5d-dc904892bd2e}"
          }
        ],
        "TravelDir": "Backward",
        "Type": "Lane"
      },
      "type": "Feature"
    },
    {
      "geometry": {
        "coordinates": [
          [
            2.8528745934443437e-05,
            2.6904991942245494e-05,
            0
          ],
          [
            2.975125457935149e-05,
            2.6904991942245203e-05,
            0
          ]
        ],
        "type": "LineString"
      },
      "properties": {
        "Id": "{92534da4-da6b-33d9-9b33-3c8a294b3072}",
        "LaneType": "Driving",
        "LeftBoundary": {
          "Dir": "Forward",
          "Id": "{51f29670-b327-3bb5-a497-7c6584e114d7}"
        },
        "Predecessors": [
          {
            "Dir": "Forward",
            "Id": "{0e958036-e9ea-3f34-ad72-7c42abb9dafc}"
          }
        ],
        "RightBoundary": {
          "Dir": "Forward",
          "Id": "{277d3ce2-1b30-305c-8791-e70cb60480f8}"
        },
        "SpeedLimit": "40mph",
        "Successors": [
          {
            "Dir": "Forward",
            "Id": "{aac5c63d-4c7d-3bb4-a30d-fa6f3c312af7}"
          }
        ],
        "TravelDir": "Forward",
        "Type": "Lane"
      },
      "type": "Feature"
    },
    {
      "geometry": {
        "coordinates": [
          [
            2.975125457935206e-05,
            2.916591563487084e-05,
            0
          ],
          [
            3.127839056235348e-05,
            2.916591563487042e-05,
            0
          ]
        ],
        "type": "LineString"
      },
      "properties": {
        "Id": "{8842f179-8138-3b45-bf5d-dc904892bd2e}",
        "LaneType": "Driving",
        "LeftBoundary": {
          "Dir": "Forward",
          "Id": "{8c088740-125f-377b-8692-2073e3b49589}"
        },
        "Predecessors": [
          {
            "Dir": "Forward",
            "Id": "{65f523fc-2e5f-3565-9a92-f5c3cef60e28}"
          }
        ],
        "RightBoundary": {
          "Dir": "Forward",
          "Id": "{759a3a08-173c-348b-a158-b781365fc8f6}"
        },
        "SpeedLimit": "40mph",
        "Successors": [
          {
            "Dir": "Backward",
            "Id": "{2a9bc542-0e7f-32ab-a1cd-716779783e42}"
          },
          {
            "Dir": "Forward",
            "Id": "{ea22971c-4481-361a-bb39-6a2d1e6d4122}"
          }
        ],
        "TravelDir": "Backward",
        "Type": "Lane"
      },
      "type": "Feature"
    },
    {
      "geometry": {
        "coordinates": [
          [
            2.975125457935149e-05,
            2.6904991942245203e-05,
            0
          ],
          [
            3.1278390562352886e-05,
            2.6904991942244817e-05,
            0
          ]
        ],
        "type": "LineString"
      },
      "properties": {
        "Id": "{aac5c63d-4c7d-3bb4-a30d-fa6f3c312af7}",
        "LaneType": "Driving",
        "LeftBoundary": {
          "Dir": "Forward",
          "Id": "{759a3a08-173c-348b-a158-b781365fc8f6}"
        },
        "Predecessors": [
          {
            "Dir": "Forward",
            "Id": "{92534da4-da6b-33d9-9b33-3c8a294b3072}"
          }
        ],
        "RightBoundary": {
          "Dir": "Forward",
          "Id": "{86ac820e-31ff-3b0a-a19f-704797a894d3}"
        },
        "SpeedLimit": "40mph",
        "Successors": [
          {
            "Dir": "Forward",
            "Id": "{9153a3be-1116-3149-9e76-3f7f86502e6a}"
          },
          {
            "Dir": "Forward",
            "Id": "{0863c21f-0a5d-39f8-9f83-8664a19dd3ca}"
          }
        ],
        "TravelDir": "Forward",
        "Type": "Lane"
      },
      "type": "Feature"
    },
    {
      "geometry": {
        "coordinates": [
          [
            3.127839056235348e-05,
            2.916591563487042e-05,
            0
          ],
          [
            3.551841936671586e-05,
            2.9165915634869164e-05,
            0
          ],
          [
            3.55530916149768e-05,
            2.9165915634869147e-05,
            0
          ],
          [
            3.557235698636417e-05,
            2.916591563436408e-05,
            0
          ],
          [
            4.287073888346501e-05,
            2.9165915443025806e-05,
            0
          ],
          [
            4.287073888346502e-05,
            2.9165915443025806e-05,
            0
          ]
        ],
        "type": "LineString"
      },
      "properties": {
        "Id": "{ea22971c-4481-361a-bb39-6a2d1e6d4122}",
        "LaneType": "Driving",
        "LeftBoundary": {
          "Dir": "Forward",
          "Id": "{258bfbd9-b3b4-399d-8c6c-522287ed9c06}"
        },
        "Predecessors": [
          {
            "Dir": "Forward",
            "Id": "{8842f179-8138-3b45-bf5d-dc904892bd2e}"
          }
        ],
        "RightBoundary": {
          "Dir": "Forward",
          "Id": "{537d5fcc-43e4-35d0-b7ea-14bb998a3800}"
        },
        "SpeedLimit": "40mph",
        "Successors": [
          {
            "Dir": "Forward",
            "Id": "{bc5eca94-5cf3-3a2d-b48a-c410b39a8eb2}"
          }
        ],
        "TravelDir": "Backward",
        "Type": "Lane"
      },
      "type": "Feature"
    },
    {
      "geometry": {
        "coordinates": [
          [
            3.1278390562352886e-05,
            2.6904991942244817e-05,
            0
          ],
          [
            3.5518419366715183e-05,
            2.6904991942243644e-05,
            0
          ],
          [
            3.5553091614976114e-05,
            2.6904991942243634e-05,
            0
          ],
          [
            3.557235692787941e-05,
            2.690499194173857e-05,
            0
          ],
          [
            4.287073882499077e-05,
            2.6904991750400484e-05,
            0
          ],
          [
            4.287073882499078e-05,
            2.6904991750400484e-05,
            0
          ]
        ],
        "type": "LineString"
      },
      "properties": {
        "Id": "{9153a3be-1116-3149-9e76-3f7f86502e6a}",
        "LaneType": "Driving",
        "LeftBoundary": {
          "Dir": "Forward",
          "Id": "{537d5fcc-43e4-35d0-b7ea-14bb998a3800}"
        },
        "Predecessors": [
          {
            "Dir": "Forward",
            "Id": "{aac5c63d-4c7d-3bb4-a30d-fa6f3c312af7}"
          }
        ],
        "RightBoundary": {
          "Dir": "Forward",
          "Id": "{af1bfbaa-da2b-311e-a34b-e4308801a614}"
        },
        "SpeedLimit": "40mph",
        "Successors": [
          {
            "Dir": "Forward",
            "Id": "{2342449c-9957-3f3e-a5cb-cdba7c6edd2c}"
          }
        ],
        "TravelDir": "Forward",
        "Type": "Lane"
      },
      "type": "Feature"
    },
    {
      "geometry": {
        "coordinates": [
          [
            4.287073888346502e-05,
            2.9165915443025806e-05,
            0
          ],
          [
            4.304632081356006e-05,
            2.9165915438422636e-05,
            0
          ]
        ],
        "type": "LineString"
      },
      "properties": {
        "Id": "{bc5eca94-5cf3-3a2d-b48a-c410b39a8eb2}",
        "LaneType": "Driving",
        "LeftBoundary": {
          "Dir": "Forward",
          "Id": "{fca8d660-8835-3482-9213-2acbeb29dc97}"
        },
        "Predecessors": [
          {
            "Dir": "Forward",
            "Id": "{ea22971c-4481-361a-bb39-6a2d1e6d4122}"
          }
        ],
        "RightBoundary": {
          "Dir": "Forward",
          "Id": "{7dd1f176-da65-3c1a-ad89-24a530bcb1d2}"
        },
        "SpeedLimit": "40mph",
        "Successors": [
          {
            "Dir": "Forward",
            "Id": "{e1a3112b-e4c3-3bd5-92fd-6827419bcc2b}"
          }
        ],
        "TravelDir": "Backward",
        "Type": "Lane"
      },
      "type": "Feature"
    },
    {
      "geometry": {
        "coordinates": [
          [
            4.287073882499078e-05,
            2.6904991750400484e-05,
            0
          ],
          [
            4.304632075507515e-05,
            2.6904991745797337e-05,
            0
          ]
        ],
        "type": "LineString"
      },
      "properties": {
        "Id": "{2342449c-9957-3f3e-a5cb-cdba7c6edd2c}",
        "LaneType": "Driving",
        "LeftBoundary": {
          "Dir": "Forward",
          "Id": "{7dd1f176-da65-3c1a-ad89-24a530bcb1d2}"
        },
        "Predecessors": [
          {
            "Dir": "Forward",
            "Id": "{9153a3be-1116-3149-9e76-3f7f86502e6a}"
          }
        ],
        "RightBoundary": {
          "Dir": "Forward",
          "Id": "{12303aa1-73e1-310e-94a4-e1f7d4c36b35}"
        },
        "SpeedLimit": "40mph",
        "Successors": [
          {
            "Dir": "Forward",
            "Id": "{d9edb4c4-9f70-366e-b2bd-d34ab26a217b}"
          }
        ],
        "TravelDir": "Forward",
        "Type": "Lane"
      },
      "type": "Feature"
    },
    {
      "geometry": {
        "coordinates": [
          [
            4.304632081356006e-05,
            2.9165915438422636e-05,
            0
          ],
          [
            4.3223960866337034e-05,
            2.9165915433765534e-05,
            0
          ]
        ],
        "type": "LineString"
      },
      "properties": {
        "Id": "{e1a3112b-e4c3-3bd5-92fd-6827419bcc2b}",
        "LaneType": "Driving",
        "LeftBoundary": {
          "Dir": "Forward",
          "Id": "{56108e76-e115-3bba-ba76-3f5f86c596bc}"
        },
        "Predecessors": [
          {
            "Dir": "Forward",
            "Id": "{bc5eca94-5cf3-3a2d-b48a-c410b39a8eb2}"
          }
        ],
        "RightBoundary": {
          "Dir": "Forward",
          "Id": "{7bd7f622-4277-309b-bac7-0cd09fae774a}"
        },
        "SpeedLimit": "40mph",
        "Successors": [
          {
            "Dir": "Forward",
            "Id": "{6e1f1f12-282d-3d66-a0c4-a7622a684b9f}"
          }
        ],
        "TravelDir": "Backward",
        "Type": "Lane"
      },
      "type": "Feature"
    },
    {
      "geometry": {
        "coordinates": [
          [
            4.304632075507515e-05,
            2.6904991745797337e-05,
            0
          ],
          [
            4.3223960807852126e-05,
            2.6904991741140232e-05,
            0
          ]
        ],
        "type": "LineString"
      },
      "properties": {
        "Id": "{d9edb4c4-9f70-366e-b2bd-d34ab26a217b}",
        "LaneType": "Driving",
        "LeftBoundary": {
          "Dir": "Forward",
          "Id": "{7bd7f622-4277-309b-bac7-0cd09fae774a}"
        },
        "Predecessors": [
          {
            "Dir": "Forward",
            "Id": "{2342449c-9957-3f3e-a5cb-cdba7c6edd2c}"
          }
        ],
        "RightBoundary": {
          "Dir": "Forward",
          "Id": "{541ff58e-2d7b-3174-bec5-9bd3574fb128}"
        },
        "SpeedLimit": "40mph",
        "Successors": [
          {
            "Dir": "Forward",
            "Id": "{925d0f30-1e15-31b8-a611-04e99138d8fc}"
          }
        ],
        "TravelDir": "Forward",
        "Type": "Lane"
      },
      "type": "Feature"
    },
    {
      "geometry": {
        "coordinates": [
          [
            4.3223960866337034e-05,
            2.9165915433765534e-05,
            0
          ],
          [
            4.3261163404186e-05,
            2.916591543279021e-05,
            0
          ]
        ],
        "type": "LineString"
      },
      "properties": {
        "Id": "{6e1f1f12-282d-3d66-a0c4-a7622a684b9f}",
        "LaneType": "Driving",
        "LeftBoundary": {
          "Dir": "Forward",
          "Id": "{1a6e55e9-dfc8-39b1-9434-56084a8f2214}"
        },
        "Predecessors": [
          {
            "Dir": "Forward",
            "Id": "{e1a3112b-e4c3-3bd5-92fd-6827419bcc2b}"
          }
        ],
        "RightBoundary": {
          "Dir": "Forward",
          "Id": "{8e50e974-d400-364c-9528-80fc71e39178}"
        },
        "SpeedLimit": "40mph",
        "Successors": [
          {
            "Dir": "Forward",
            "Id": "{035e6481-1b49-3a20-a9a8-ed4f89ce62d2}"
          }
        ],
        "TravelDir": "Backward",
        "Type": "Lane"
      },
      "type": "Feature"
    },
    {
      "geometry": {
        "coordinates": [
          [
            4.3223960807852126e-05,
            2.6904991741140232e-05,
            0
          ],
          [
            4.3261163345701085e-05,
            2.6904991740164904e-05,
            0
          ]
        ],
        "type": "LineString"
      },
      "properties": {
        "Id": "{925d0f30-1e15-31b8-a611-04e99138d8fc}",
        "LaneType": "Driving",
        "LeftBoundary": {
          "Dir": "Forward",
          "Id": "{8e50e974-d400-364c-9528-80fc71e39178}"
        },
        "Predecessors": [
          {
            "Dir": "Forward",
            "Id": "{d9edb4c4-9f70-366e-b2bd-d34ab26a217b}"
          }
        ],
        "RightBoundary": {
          "Dir": "Forward",
          "Id": "{9e456af3-912a-3156-8de6-32269d2063be}"
        },
        "SpeedLimit": "40mph",
        "Successors": [
          {
            "Dir": "Forward",
            "Id": "{54cc0275-26a1-36d3-a334-0918d57a2d24}"
          }
        ],
        "TravelDir": "Forward",
        "Type": "Lane"
      },
      "type": "Feature"
    },
    {
      "geometry": {
        "coordinates": [
          [
            4.322396075521468e-05,
            2.4870160417777454e-05,
            0
          ],
          [
            4.3261163293063646e-05,
            2.4870160416802133e-05,
            0
          ]
        ],
        "type": "LineString"
      },
      "properties": {
        "Id": "{fbf399da-ef0f-3070-981d-bb93eb650daf}",
        "LaneType": "Sidewalk",
        "LeftBoundary": {
          "Dir": "Forward",
          "Id": "{6a9fe286-83fa-3a79-a58e-91c892520b43}"
        },
        "Predecessors": [
          {
            "Dir": "Forward",
            "Id": "{2808ab8e-0a60-339d-80b4-6b1e1e4a42ac}"
          }
        ],
        "RightBoundary": {
          "Dir": "Forward",
          "Id": "{3bbfc8ab-431f-38b8-a5be-db5cd1b50569}"
        },
        "Successors": [
          {
            "Dir": "Forward",
            "Id": "{c7644629-1580-3100-a849-f64e6a4ed85b}"
          }
        ],
        "TravelDir": "Undirected",
        "Type": "Lane"
      },
      "type": "Feature"
    },
    {
      "geometry": {
        "coordinates": [
          [
            4.326116345681289e-05,
            3.120074675615298e-05,
            0
          ],
          [
            4.3724834943529744e-05,
            3.1200746743997095e-05,
            0
          ],
          [
            4.372483494352975e-05,
            3.1200746743997095e-05,
            0
          ]
        ],
        "type": "LineString"
      },
      "properties": {
        "Id": "{ec7f2b0f-c388-365e-9044-4fa5e3208437}",
        "LaneType": "Sidewalk",
        "LeftBoundary": {
          "Dir": "Forward",
          "Id": "{f5f413f8-3f26-3bdc-bd4a-f534710c15bf}"
        },
        "Predecessors": [
          {
            "Dir": "Backward",
            "Id": "{553f22e6-065c-38c2-97b6-64b8e34c2d25}"
          }
        ],
        "RightBoundary": {
          "Dir": "Forward",
          "Id": "{1f1f12d0-ce09-3816-9648-d0842f4a30b9}"
        },
        "Successors": [
          {
            "Dir": "Forward",
            "Id": "{c5183421-d3b2-35f8-8e4d-836c28673572}"
          }
        ],
        "TravelDir": "Undirected",
        "Type": "Lane"
      },
      "type": "Feature"
    },
    {
      "geometry": {
        "coordinates": [
          [
            4.3261163404186e-05,
            2.916591543279021e-05,
            0
          ],
          [
            4.3724834890902835e-05,
            2.9165915420634335e-05,
            0
          ],
          [
            4.372483489090284e-05,
            2.9165915420634335e-05,
            0
          ]
        ],
        "type": "LineString"
      },
      "properties": {
        "Id": "{035e6481-1b49-3a20-a9a8-ed4f89ce62d2}",
        "LaneType": "Driving",
        "LeftBoundary": {
          "Dir": "Forward",
          "Id": "{d83ec5a2-b751-30e2-9f78-cc125637fe44}"
        },
        "Predecessors": [
          {
            "Dir": "Forward",
            "Id": "{6e1f1f12-282d-3d66-a0c4-a7622a684b9f}"
          }
        ],
        "RightBoundary": {
          "Dir": "Forward",
          "Id": "{123249cc-83cb-3a33-9100-33588a560306}"
        },
        "SpeedLimit": "40mph",
        "Successors": [
          {
            "Dir": "Forward",
            "Id": "{02dfc126-3096-31ae-bd99-ce26c505d26f}"
          }
        ],
        "TravelDir": "Backward",
        "Type": "Lane"
      },
      "type": "Feature"
    },
    {
      "geometry": {
        "coordinates": [
          [
            4.3261163345701085e-05,
            2.6904991740164904e-05,
            0
          ],
          [
            4.3724834832417914e-05,
            2.6904991728009053e-05,
            0
          ],
          [
            4.372483483241792e-05,
            2.6904991728009053e-05,
            0
          ]
        ],
        "type": "LineString"
      },
      "properties": {
        "Id": "{54cc0275-26a1-36d3-a334-0918d57a2d24}",
        "LaneType": "Driving",
        "LeftBoundary": {
          "Dir": "Forward",
          "Id": "{123249cc-83cb-3a33-9100-33588a560306}"
        },
        "Predecessors": [
          {
            "Dir": "Forward",
            "Id": "{925d0f30-1e15-31b8-a611-04e99138d8fc}"
          }
        ],
        "RightBoundary": {
          "Dir": "Forward",
          "Id": "{d1a7bfe1-2431-3a30-8f25-acf6f8f8e671}"
        },
        "SpeedLimit": "40mph",
        "Successors": [
          {
            "Dir": "Forward",
            "Id": "{c74caa02-a1ea-36d9-8821-d66fcfcf2aad}"
          }
        ],
        "TravelDir": "Forward",
        "Type": "Lane"
      },
      "type": "Feature"
    },
    {
      "geometry": {
        "coordinates": [
          [
            4.3261163293063646e-05,
            2.4870160416802133e-05,
            0
          ],
          [
            4.372483477978047e-05,
            2.4870160404646286e-05,
            0
          ],
          [
            4.3724834779780474e-05,
            2.4870160404646286e-05,
            0
          ]
        ],
        "type": "LineString"
      },
      "properties": {
        "Id": "{c7644629-1580-3100-a849-f64e6a4ed85b}",
        "LaneType": "Sidewalk",
        "LeftBoundary": {
          "Dir": "Forward",
          "Id": "{7ec01e19-d2b9-3b99-8734-fd59bf02fb7a}"
        },
        "Predecessors": [
          {
            "Dir": "Forward",
            "Id": "{fbf399da-ef0f-3070-981d-bb93eb650daf}"
          }
        ],
        "RightBoundary": {
          "Dir": "Forward",
          "Id": "{d7c123e8-26d6-3298-95c6-6831f4eefdd9}"
        },
        "Successors": [
          {
            "Dir": "Forward",
            "Id": "{afdcbf1c-bf84-38ee-aeea-3a591e1915b2}"
          }
        ],
        "TravelDir": "Undirected",
        "Type": "Lane"
      },
      "type": "Feature"
    },
    {
      "geometry": {
        "coordinates": [
          [
            4.372483494352975e-05,
            3.1200746743997095e-05,
            0
          ],
          [
            4.441174076137764e-05,
            3.1200746725988754e-05,
            0
          ],
          [
            4.5814079513490714e-05,
            3.120074668922418e-05,
            0
          ]
        ],
        "type": "LineString"
      },
      "properties": {
        "Id": "{c5183421-d3b2-35f8-8e4d-836c28673572}",
        "LaneType": "Sidewalk",
        "LeftBoundary": {
          "Dir": "Forward",
          "Id": "{13647efe-7408-3628-a702-37eb1de6fe90}"
        },
        "Predecessors": [
          {
            "Dir": "Forward",
            "Id": "{ec7f2b0f-c388-365e-9044-4fa5e3208437}"
          }
        ],
        "RightBoundary": {
          "Dir": "Forward",
          "Id": "{552d98a6-de3c-3ad8-9b73-e22b2f452359}"
        },
        "Successors": [],
        "TravelDir": "Undirected",
        "Type": "Lane"
      },
      "type": "Feature"
    },
    {
      "geometry": {
        "coordinates": [
          [
            4.372483492131162e-05,
            3.0341595740799485e-05,
            0
          ],
          [
            4.441174073915951e-05,
            3.034159572279115e-05,
            0
          ],
          [
            4.58140794912619e-05,
            3.034159568602659e-05,
            0
          ]
        ],
        "type": "LineString"
      },
      "properties": {
        "Id": "{caa53d62-fdc1-34a9-bdc5-ce1f5b367cd0}",
        "LaneType": "Curb",
        "LeftBoundary": {
          "Dir": "Forward",
          "Id": "{552d98a6-de3c-3ad8-9b73-e22b2f452359}"
        },
        "Predecessors": [],
        "RightBoundary": {
          "Dir": "Forward",
          "Id": "{1d7b4c65-2ce4-3839-b8f2-cd93ff839f70}"
        },
        "Successors": [],
        "TravelDir": "Undirected",
        "Type": "Lane"
      },
      "type": "Feature"
    },
    {
      "geometry": {
        "coordinates": [
          [
            4.372483489090284e-05,
            2.9165915420634335e-05,
            0
          ],
          [
            4.441174070874006e-05,
            2.9165915402626014e-05,
            0
          ],
          [
            4.581407946085311e-05,
            2.9165915365861484e-05,
            0
          ]
        ],
        "type": "LineString"
      },
      "properties": {
        "Id": "{02dfc126-3096-31ae-bd99-ce26c505d26f}",
        "LaneType": "Driving",
        "LeftBoundary": {
          "Dir": "Forward",
          "Id": "{1d7b4c65-2ce4-3839-b8f2-cd93ff839f70}"
        },
        "Predecessors": [
          {
            "Dir": "Backward",
            "Id": "{97d85369-9c81-32c9-b684-1fb5b9835940}"
          },
          {
            "Dir": "Forward",
            "Id": "{035e6481-1b49-3a20-a9a8-ed4f89ce62d2}"
          }
        ],
        "RightBoundary": {
          "Dir": "Forward",
          "Id": "{9767864d-d893-3b66-9dfc-2974c3e4eef2}"
        },
        "SpeedLimit": "40mph",
        "Successors": [
          {
            "Dir": "Backward",
            "Id": "{bfde17cd-2a65-3a42-b67c-6b3658f6f7f8}"
          },
          {
            "Dir": "Backward",
            "Id": "{efebe81d-afa6-342a-848b-e545cda75a02}"
          }
        ],
        "TravelDir": "Backward",
        "Type": "Lane"
      },
      "type": "Feature"
    },
    {
      "geometry": {
        "coordinates": [
          [
            4.372483483241792e-05,
            2.6904991728009053e-05,
            0
          ],
          [
            4.4411740650265794e-05,
            2.6904991710000746e-05,
            0
          ],
          [
            4.581407940236815e-05,
            2.6904991673236253e-05,
            0
          ]
        ],
        "type": "LineString"
      },
      "properties": {
        "Id": "{c74caa02-a1ea-36d9-8821-d66fcfcf2aad}",
        "LaneType": "Driving",
        "LeftBoundary": {
          "Dir": "Forward",
          "Id": "{9767864d-d893-3b66-9dfc-2974c3e4eef2}"
        },
        "Predecessors": [
          {
            "Dir": "Forward",
            "Id": "{54cc0275-26a1-36d3-a334-0918d57a2d24}"
          }
        ],
        "RightBoundary": {
          "Dir": "Forward",
          "Id": "{6034dda9-7f21-377e-8254-7689edac4f51}"
        },
        "SpeedLimit": "40mph",
        "Successors": [
          {
            "Dir": "Forward",
            "Id": "{5792a6d9-dc0d-3e85-a96c-2bdf591270d7}"
          }
        ],
        "TravelDir": "Forward",
        "Type": "Lane"
      },
      "type": "Feature"
    },
    {
      "geometry": {
        "coordinates": [
          [
            4.37248348020092e-05,
            2.5729311407843902e-05,
            0
          ],
          [
            4.44117406198464e-05,
            2.572931138983561e-05,
            0
          ],
          [
            4.581407937195941e-05,
            2.572931135307114e-05,
            0
          ]
        ],
        "type": "LineString"
      },
      "properties": {
        "Id": "{1f82e785-88a2-3d3f-a493-f7dfb7841634}",
        "LaneType": "Curb",
        "LeftBoundary": {
          "Dir": "Forward",
          "Id": "{6034dda9-7f21-377e-8254-7689edac4f51}"
        },
        "Predecessors": [],
        "RightBoundary": {
          "Dir": "Forward",
          "Id": "{61642dd5-f97d-3759-82b4-325f52812405}"
        },
        "Successors": [],
        "TravelDir": "Undirected",
        "Type": "Lane"
      },
      "type": "Feature"
    },
    {
      "geometry": {
        "coordinates": [
          [
            4.3724834779780474e-05,
            2.4870160404646286e-05,
            0
          ],
          [
            4.441174059762834e-05,
            2.487016038663801e-05,
            0
          ],
          [
            4.581407934974133e-05,
            2.487016034987356e-05,
            0
          ]
        ],
        "type": "LineString"
      },
      "properties": {
        "Id": "{afdcbf1c-bf84-38ee-aeea-3a591e1915b2}",
        "LaneType": "Sidewalk",
        "LeftBoundary": {
          "Dir": "Forward",
          "Id": "{61642dd5-f97d-3759-82b4-325f52812405}"
        },
        "Predecessors": [
          {
            "Dir": "Forward",
            "Id": "{c7644629-1580-3100-a849-f64e6a4ed85b}"
          }
        ],
        "RightBoundary": {
          "Dir": "Forward",
          "Id": "{48a0770f-72cb-3cb0-99a3-99f3addf7bca}"
        },
        "Successors": [
          {
            "Dir": "Forward",
            "Id": "{13685bcf-8ecd-3ebc-a571-06f1a5f5f2da}"
          }
        ],
        "TravelDir": "Undirected",
        "Type": "Lane"
      },
      "type": "Feature"
    },
    {
      "geometry": {
        "coordinates": [
          [
            4.581407940236815e-05,
            2.6904991673236253e-05,
            0
          ],
          [
            5.865998783193846e-05,
            2.6904991336460033e-05,
            0
          ]
        ],
        "type": "LineString"
      },
      "properties": {
        "Id": "{5792a6d9-dc0d-3e85-a96c-2bdf591270d7}",
        "LaneType": "Driving",
        "LeftBoundary": {
          "Dir": "Forward",
          "Id": "{98a16c83-7731-33da-8a2c-42540bfef5ef}"
        },
        "Predecessors": [
          {
            "Dir": "Forward",
            "Id": "{c74caa02-a1ea-36d9-8821-d66fcfcf2aad}"
          }
        ],
        "RightBoundary": {
          "Dir": "Forward",
          "Id": "{698fd277-0ab0-38f7-a433-03d856ce526e}"
        },
        "SpeedLimit": "40mph",
        "Successors": [
          {
            "Dir": "Forward",
            "Id": "{235949ca-80d5-3947-899f-cbbfd4e1d015}"
          }
        ],
        "TravelDir": "Forward",
        "Type": "Lane"
      },
      "type": "Feature"
    },
    {
      "geometry": {
        "coordinates": [
          [
            4.581407934974133e-05,
            2.487016034987356e-05,
            0
          ],
          [
            5.8659987779300786e-05,
            2.4870160013097747e-05,
            0
          ]
        ],
        "type": "LineString"
      },
      "properties": {
        "Id": "{13685bcf-8ecd-3ebc-a571-06f1a5f5f2da}",
        "LaneType": "Sidewalk",
        "LeftBoundary": {
          "Dir": "Forward",
          "Id": "{8b044c4b-5f9e-3df3-acb3-d22d60857f15}"
        },
        "Predecessors": [
          {
            "Dir": "Forward",
            "Id": "{afdcbf1c-bf84-38ee-aeea-3a591e1915b2}"
          }
        ],
        "RightBoundary": {
          "Dir": "Forward",
          "Id": "{525e6c67-3a4c-347d-8fb3-816461a530e6}"
        },
        "Successors": [
          {
            "Dir": "Forward",
            "Id": "{ce4ab9c1-c2bf-3d5c-808c-fc7e5b97ed75}"
          }
        ],
        "TravelDir": "Undirected",
        "Type": "Lane"
      },
      "type": "Feature"
    },
    {
      "geometry": {
        "coordinates": [
          [
            5.865998783193846e-05,
            2.6904991336460033e-05,
            0
          ],
          [
            5.928880889808777e-05,
            2.6904991319974437e-05,
            0
          ]
        ],
        "type": "LineString"
      },
      "properties": {
        "Id": "{235949ca-80d5-3947-899f-cbbfd4e1d015}",
        "LaneType": "Driving",
        "LeftBoundary": {
          "Dir": "Forward",
          "Id": "{d3211a21-1e50-3b09-84fa-f83b9e7b71db}"
        },
        "Predecessors": [
          {
            "Dir": "Forward",
            "Id": "{5792a6d9-dc0d-3e85-a96c-2bdf591270d7}"
          }
        ],
        "RightBoundary": {
          "Dir": "Forward",
          "Id": "{78b3b1a3-70e8-333e-b855-ee03f1038f56}"
        },
        "SpeedLimit": "40mph",
        "Successors": [
          {
            "Dir": "Forward",
            "Id": "{7aa0615d-0a7d-3265-ac8e-33a1d5abffa5}"
          },
          {
            "Dir": "Forward",
            "Id": "{02ded283-f52b-3fc2-b4e2-2dddf2bdb289}"
          }
        ],
        "TravelDir": "Forward",
        "Type": "Lane"
      },
      "type": "Feature"
    },
    {
      "geometry": {
        "coordinates": [
          [
            5.8659987779300786e-05,
            2.4870160013097747e-05,
            0
          ],
          [
            5.928880884546074e-05,
            2.4870159996612168e-05,
            0
          ]
        ],
        "type": "LineString"
      },
      "properties": {
        "Id": "{ce4ab9c1-c2bf-3d5c-808c-fc7e5b97ed75}",
        "LaneType": "Sidewalk",
        "LeftBoundary": {
          "Dir": "Forward",
          "Id": "{44c60733-8f5c-3040-9ca8-260cb3ec5923}"
        },
        "Predecessors": [
          {
            "Dir": "Forward",
            "Id": "{13685bcf-8ecd-3ebc-a571-06f1a5f5f2da}"
          }
        ],
        "RightBoundary": {
          "Dir": "Forward",
          "Id": "{5b7a27a1-01c8-3ff5-9e08-ae58afc2825f}"
        },
        "Successors": [
          {
            "Dir": "Forward",
            "Id": "{8fd291c0-fd9a-3d8c-8829-25d6888838e5}"
          }
        ],
        "TravelDir": "Undirected",
        "Type": "Lane"
      },
      "type": "Feature"
    },
    {
      "geometry": {
        "coordinates": [
          [
            5.928880889808777e-05,
            2.6904991319974437e-05,
            0
          ],
          [
            5.946847075142232e-05,
            2.6904991315264297e-05,
            0
          ]
        ],
        "type": "LineString"
      },
      "properties": {
        "Id": "{02ded283-f52b-3fc2-b4e2-2dddf2bdb289}",
        "LaneType": "Driving",
        "LeftBoundary": {
          "Dir": "Forward",
          "Id": "{01736380-8029-3775-8344-250de1d4d305}"
        },
        "Predecessors": [
          {
            "Dir": "Forward",
            "Id": "{235949ca-80d5-3947-899f-cbbfd4e1d015}"
          }
        ],
        "RightBoundary": {
          "Dir": "Forward",
          "Id": "{9d544e39-a321-3ba0-ac24-509e9c67ea60}"
        },
        "SpeedLimit": "40mph",
        "Successors": [
          {
            "Dir": "Forward",
            "Id": "{2d9b7396-75ec-358f-a5f1-ba34b6bca5a4}"
          }
        ],
        "TravelDir": "Forward",
        "Type": "Lane"
      },
      "type": "Feature"
    },
    {
      "geometry": {
        "coordinates": [
          [
            1.370484158727052e-05,
            9.06224205666818e-06,
            0
          ],
          [
            1.4308058729180018e-05,
            9.048865070016001e-06,
            0
          ],
          [
            1.7878765766468313e-05,
            9.043694770503376e-06,
            0
          ],
          [
            2.0994753950683585e-05,
            9.04369477050321e-06,
            0
          ],
          [
            2.4738902190846274e-05,
            9.043694770502973e-06,
            0
          ],
          [
            3.591969951592692e-05,
            9.04369477050203e-06,
            0
          ],
          [
            3.5932611364777265e-05,
            9.04369477050203e-06,
            0
          ]
        ],
        "type": "LineString"
      },
      "properties": {
        "Id": "{08813237-5729-3f61-8a5a-532e9b19147d}",
        "LaneType": "Shoulder",
        "LeftBoundary": {
          "Dir": "Forward",
          "Id": "{39908609-d883-3e60-902e-84641e44185a}"
        },
        "Predecessors": [
          {
            "Dir": "Forward",
            "Id": "{b0996242-6c81-3a5f-9407-ae2de7ce3ad6}"
          }
        ],
        "RightBoundary": {
          "Dir": "Forward",
          "Id": "{bc308dd2-b747-34b3-8cf8-50d773eb5a3e}"
        },
        "Successors": [
          {
            "Dir": "Forward",
            "Id": "{8f080502-2375-3eac-b7fc-56633bf4fe13}"
          }
        ],
        "TravelDir": "Undirected",
        "Type": "Lane"
      },
      "type": "Feature"
    },
    {
      "geometry": {
        "coordinates": [
          [
            1.3654080279430066e-05,
            7.480420747661548e-06,
            0
          ],
          [
            1.4287087786251276e-05,
            7.466359308800722e-06,
            0
          ],
          [
            1.7878765766468242e-05,
            7.461048185665283e-06,
            0
          ],
          [
            2.09947539506835e-05,
            7.461048185665147e-06,
            0
          ],
          [
            2.4738902190846172e-05,
            7.461048185664951e-06,
            0
          ],
          [
            3.591969951592677e-05,
            7.461048185664175e-06,
            0
          ],
          [
            3.593261136477712e-05,
            7.461048185664175e-06,
            0
          ]
        ],
        "type": "LineString"
      },
      "properties": {
        "Id": "{8ac7a352-1683-3a54-9a41-9cc2acd5d423}",
        "LaneType": "Driving",
        "LeftBoundary": {
          "Dir": "Forward",
          "Id": "{bc308dd2-b747-34b3-8cf8-50d773eb5a3e}"
        },
        "Predecessors": [
          {
            "Dir": "Forward",
            "Id": "{80afe9e1-fbda-3cc4-83c9-0be05e4e49d5}"
          }
        ],
        "RightBoundary": {
          "Dir": "Forward",
          "Id": "{dbb67cd8-19b8-397b-bbf0-44b87ee7b8bc}"
        },
        "SpeedLimit": "40mph",
        "Successors": [
          {
            "Dir": "Forward",
            "Id": "{1e12637d-f37c-3239-a22d-4768bc623264}"
          }
        ],
        "TravelDir": "Backward",
        "Type": "Lane"
      },
      "type": "Feature"
    },
    {
      "geometry": {
        "coordinates": [
          [
            1.3581564125372291e-05,
            5.220676020509213e-06,
            0
          ],
          [
            1.4257129296359946e-05,
            5.2056367927789e-06,
            0
          ],
          [
            1.7878765766468167e-05,
            5.2001244930394415e-06,
            0
          ],
          [
            2.0994753950683413e-05,
            5.200124493039345e-06,
            0
          ],
          [
            2.4738902190846067e-05,
            5.2001244930392085e-06,
            0
          ],
          [
            3.591969951592662e-05,
            5.200124493038666e-06,
            0
          ],
          [
            3.5932611364776974e-05,
            5.200124493038666e-06,
            0
          ]
        ],
        "type": "LineString"
      },
      "properties": {
        "Id": "{a83713ba-fed9-3654-a4f6-d0973bec2c3b}",
        "LaneType": "Driving",
        "LeftBoundary": {
          "Dir": "Forward",
          "Id": "{dbb67cd8-19b8-397b-bbf0-44b87ee7b8bc}"
        },
        "Predecessors": [
          {
            "Dir": "Forward",
            "Id": "{278d42e4-a5fc-3026-aee9-78483516fd73}"
          }
        ],
        "RightBoundary": {
          "Dir": "Forward",
          "Id": "{b061ad75-2aec-3384-9610-019b3fcc363a}"
        },
        "SpeedLimit": "40mph",
        "Successors": [
          {
            "Dir": "Forward",
            "Id": "{e4a93cf2-c019-3e0f-a62b-a0a523137103}"
          }
        ],
        "TravelDir": "Backward",
        "Type": "Lane"
      },
      "type": "Feature"
    },
    {
      "geometry": {
        "coordinates": [
          [
            1.3509047971317208e-05,
            2.9609312933568776e-06,
            0
          ],
          [
            1.4227170806460641e-05,
            2.9449142767570756e-06,
            0
          ],
          [
            1.787876576646812e-05,
            2.9392008004135982e-06,
            0
          ],
          [
            2.099475395068335e-05,
            2.9392008004135436e-06,
            0
          ],
          [
            2.4738902190845996e-05,
            2.9392008004134657e-06,
            0
          ],
          [
            3.591969951592652e-05,
            2.9392008004131603e-06,
            0
          ],
          [
            3.593261136477687e-05,
            2.93920080041316e-06,
            0
          ]
        ],
        "type": "LineString"
      },
      "properties": {
        "Id": "{e3a70a5e-f0c4-35cd-bb9e-10ab5c9a61eb}",
        "LaneType": "Driving",
        "LeftBoundary": {
          "Dir": "Forward",
          "Id": "{b061ad75-2aec-3384-9610-019b3fcc363a}"
        },
        "Predecessors": [
          {
            "Dir": "Forward",
            "Id": "{2e5ac310-6ac1-3540-9344-1ce3ddefd2cf}"
          }
        ],
        "RightBoundary": {
          "Dir": "Forward",
          "Id": "{0bfc844e-fa9e-3a7c-99b3-06c26be26e85}"
        },
        "SpeedLimit": "40mph",
        "Successors": [
          {
            "Dir": "Forward",
            "Id": "{86c90519-5442-3557-a1a6-0300bfe276c7}"
          }
        ],
        "TravelDir": "Forward",
        "Type": "Lane"
      },
      "type": "Feature"
    },
    {
      "geometry": {
        "coordinates": [
          [
            1.3443783432657255e-05,
            9.271610389197733e-07,
            0
          ],
          [
            1.4200208165559549e-05,
            9.102640123374334e-07,
            0
          ],
          [
            1.7878765766468096e-05,
            9.043694770503379e-07,
            0
          ],
          [
            2.0994753950683328e-05,
            9.043694770503213e-07,
            0
          ],
          [
            2.473890219084597e-05,
            9.043694770502976e-07,
            0
          ],
          [
            3.591969951592647e-05,
            9.043694770502033e-07,
            0
          ],
          [
            3.5932611364776825e-05,
            9.043694770502033e-07,
            0
          ]
        ],
        "type": "LineString"
      },
      "properties": {
        "Id": "{af92f6b8-7bd6-37fd-b59d-256a84ed59c3}",
        "LaneType": "Shoulder",
        "LeftBoundary": {
          "Dir": "Forward",
          "Id": "{0bfc844e-fa9e-3a7c-99b3-06c26be26e85}"
        },
        "Predecessors": [
          {
            "Dir": "Forward",
            "Id": "{5246f757-1b46-3170-9854-8a2936d9a41e}"
          }
        ],
        "RightBoundary": {
          "Dir": "Forward",
          "Id": "{4cb6cde0-bb4b-3c28-aff4-585f60b5ea27}"
        },
        "Successors": [
          {
            "Dir": "Forward",
            "Id": "{cf3110de-4a60-3d17-81d9-2f8c45a9fd5a}"
          }
        ],
        "TravelDir": "Undirected",
        "Type": "Lane"
      },
      "type": "Feature"
    },
    {
      "geometry": {
        "coordinates": [
          [
            2.853584621109854e-05,
            4.9062044129976995e-05,
            0
          ],
          [
            2.9428999033423896e-05,
            4.899253145204255e-05,
            0
          ],
          [
            3.030092722060242e-05,
            4.878564529817593e-05,
            0
          ],
          [
            3.113091051381585e-05,
            4.8446302053369956e-05,
            0
          ],
          [
            3.189922542102955e-05,
            4.7982565776069375e-05,
            0
          ],
          [
            3.286697402611778e-05,
            4.711222057955027e-05,
            0
          ],
          [
            3.361874928631405e-05,
            4.6047375679334986e-05,
            0
          ],
          [
            3.411706364075424e-05,
            4.48411299736124e-05,
            0
          ],
          [
            3.4337089400666686e-05,
            4.355327997844399e-05,
            0
          ],
          [
            3.4364369160212075e-05,
            4.3086669737188214e-05,
            0
          ],
          [
            3.4391648285366405e-05,
            4.262007018340491e-05,
            0
          ],
          [
            3.4429193583156644e-05,
            4.196036068028095e-05,
            0
          ],
          [
            3.443181801341396e-05,
            4.191286721546689e-05,
            0
          ],
          [
            3.473152866828997e-05,
            3.344490825195798e-05,
            0
          ],
          [
            3.475722647159124e-05,
            2.9538782333045996e-05,
            0
          ]
        ],
        "type": "LineString"
      },
      "properties": {
        "Id": "{78051476-0521-3558-87d5-ae9abf0d691f}",
        "LaneType": "Driving",
        "LeftBoundary": {
          "Dir": "Forward",
          "Id": "{eec81e51-1cf7-376a-92e4-2aac2e9c7471}"
        },
        "Predecessors": [
          {
            "Dir": "Backward",
            "Id": "{8f527a58-8675-3da7-8125-b96c43528e73}"
          }
        ],
        "RightBoundary": {
          "Dir": "Forward",
          "Id": "{ca66bbeb-37bf-3737-b310-a54a675fb182}"
        },
        "SpeedLimit": "40mph",
        "Successors": [
          {
            "Dir": "Forward",
            "Id": "{5e908d81-9ee6-3afb-b55c-13d1d315612b}"
          }
        ],
        "TravelDir": "Forward",
        "Type": "Lane"
      },
      "type": "Feature"
    },
    {
      "geometry": {
        "coordinates": [
          [
            3.905542761080218e-05,
            4.197324899383502e-05,
            0
          ],
          [
            3.9133636799883806e-05,
            4.2768355552408744e-05,
            0
          ],
          [
            3.9361389636888155e-05,
            4.3533744967521026e-05,
            0
          ],
          [
            3.99079211017156e-05,
            4.449340214189825e-05,
            0
          ],
          [
            4.026941416657362e-05,
            4.4908090196756955e-05,
            0
          ],
          [
            4.0294325894365975e-05,
            4.49328953361934e-05,
            0
          ],
          [
            4.1154985269141724e-05,
            4.5584727005544886e-05,
            0
          ],
          [
            4.21537258981215e-05,
            4.599051496790909e-05,
            0
          ],
          [
            4.3187664742363346e-05,
            4.6122843329556196e-05,
            0
          ]
        ],
        "type": "LineString"
      },
      "properties": {
        "Id": "{9fc74ac3-4aa6-3cd4-981c-48e62424cfdb}",
        "LaneType": "Sidewalk",
        "LeftBoundary": {
          "Dir": "Forward",
          "Id": "{df937eb3-08e2-355f-ae60-72fea7e9b82f}"
        },
        "Predecessors": [
          {
            "Dir": "Backward",
            "Id": "{f234b490-577f-3960-92d6-1d34fe15733f}"
          }
        ],
        "RightBoundary": {
          "Dir": "Forward",
          "Id": "{4346b845-9a7b-3dfa-8010-cb6a687bb370}"
        },
        "Successors": [],
        "TravelDir": "Undirected",
        "Type": "Lane"
      },
      "type": "Feature"
    },
    {
      "geometry": {
        "coordinates": [
          [
            3.4729657689520486e-05,
            1.8547957685549197e-05,
            0
          ],
          [
            3.4728213853382374e-05,
            1.828529119259131e-05,
            0.0
          ],
          [
            3.473277339482074e-05,
            1.8020345909289063e-05,
            0.0
          ],
          [
            3.4743489635951185e-05,
            1.7753810409504435e-05,
            0.0
          ],
          [
            3.4760515898889336e-05,
            1.7486373267099404e-05,
            0.0
          ],
          [
            3.47840055057508e-05,
            1.7218723055935953e-05,
            0.0
          ],
          [
            3.4814111778651184e-05,
            1.6951548349876056e-05,
            0.0
          ],
          [
            3.4850988039706116e-05,
            1.6685537722781694e-05,
            0.0
          ],
          [
            3.48947876110312e-05,
            1.6421379748514848e-05,
            0.0
          ],
          [
            3.4945663814742044e-05,
            1.6159763000937492e-05,
            0.0
          ],
          [
            3.500376997295427e-05,
            1.5901376053911612e-05,
            0.0
          ],
          [
            3.506925940778348e-05,
            1.5646907481299174e-05,
            0.0
          ],
          [
            3.5142285441345294e-05,
            1.5397045856962174e-05,
            0.0
          ],
          [
            3.5223001395755335e-05,
            1.5152479754762574e-05,
            0.0
          ],
          [
            3.531156059312919e-05,
            1.4913897748562365e-05,
            0.0
          ],
          [
            3.5408116355582494e-05,
            1.4681988412223519e-05,
            0.0
          ],
          [
            3.551282200523085e-05,
            1.4457440319608017e-05,
            0.0
          ],
          [
            3.562583086418988e-05,
            1.424094204457784e-05,
            0.0
          ],
          [
            3.574729625457518e-05,
            1.4033182160994962e-05,
            0.0
          ],
          [
            3.587737149850237e-05,
            1.3834849242721366e-05,
            0.0
          ],
          [
            3.601620991808707e-05,
            1.3646631863619032e-05,
            0.0
          ],
          [
            3.6163964835444896e-05,
            1.3469218597549934e-05,
            0.0
          ],
          [
            3.6320789572691454e-05,
            1.3303298018376053e-05,
            0.0
          ],
          [
            3.648683745194234e-05,
            1.3149558699959368e-05,
            0.0
          ],
          [
            3.666226179531319e-05,
            1.3008689216161856e-05,
            0.0
          ],
          [
            3.684721592491961e-05,
            1.2881378140845499e-05,
            0.0
          ],
          [
            3.704185316287722e-05,
            1.2768314047872272e-05,
            0.0
          ],
          [
            3.724632683130161e-05,
            1.2670185511104158e-05,
            0.0
          ],
          [
            3.746079025230841e-05,
            1.2587681104403132e-05,
            0.0
          ],
          [
            3.768539674801324e-05,
            1.2521489401631177e-05,
            0.0
          ],
          [
            3.79202996405317e-05,
            1.2472298976650268e-05,
            0.0
          ],
          [
            3.816565225197941e-05,
            1.2440798403322387e-05,
            0.0
          ],
          [
            3.842160790447196e-05,
            1.2427676255509509e-05,
            0
          ]
        ],
        "type": "LineString"
      },
      "properties": {
        "Id": "{6789762e-ebe9-33e6-8167-d529a7b5a473}",
        "LaneType": "Driving",
        "LeftBoundary": {
          "Dir": "Forward",
          "Id": "{6636a102-55c9-3d65-85a9-fdd23be2e715}"
        },
        "Predecessors": [
          {
            "Dir": "Forward",
            "Id": "{e0dbe6c2-0cd9-3ca7-a376-e74c2efc04f9}"
          }
        ],
        "RightBoundary": {
          "Dir": "Forward",
          "Id": "{9f3d2358-570c-324d-8be2-52683c6dfa5b}"
        },
        "SpeedLimit": "40mph",
        "Successors": [
          {
            "Dir": "Backward",
            "Id": "{251646c6-ab00-3c9c-86e8-4a18ec32fba7}"
          }
        ],
        "TravelDir": "Forward",
        "Type": "Lane"
      },
      "type": "Feature"
    },
    {
      "geometry": {
        "coordinates": [
          [
            3.333168587655536e-05,
            1.2423317119416148e-05,
            0
          ],
          [
            3.5610407501274464e-05,
            1.2402783708810543e-05,
            0
          ],
          [
            3.63540285432024e-05,
            1.2387942907802639e-05,
            0
          ],
          [
            3.656603227964258e-05,
            1.2436785416529397e-05,
            0
          ],
          [
            3.670976360472556e-05,
            1.2627529230271041e-05,
            0
          ],
          [
            3.671773190018352e-05,
            1.2658485521648534e-05,
            0
          ],
          [
            3.678033813271503e-05,
            1.3222153899780288e-05,
            0
          ],
          [
            3.692856208408763e-05,
            1.549969692600724e-05,
            0
          ],
          [
            3.694677253358705e-05,
            1.627549702060097e-05,
            0
          ],
          [
            3.697543873928035e-05,
            1.8542248305816578e-05,
            0
          ]
        ],
        "type": "LineString"
      },
      "properties": {
        "Id": "{a3bfca82-750c-358f-a988-00ee20f634d4}",
        "LaneType": "Driving",
        "LeftBoundary": {
          "Dir": "Forward",
          "Id": "{cbaaf229-2689-326d-9b01-5ea54fbcb943}"
        },
        "Predecessors": [
          {
            "Dir": "Backward",
            "Id": "{9d564438-ca4a-388f-9b5a-077d63bb940b}"
          }
        ],
        "RightBoundary": {
          "Dir": "Forward",
          "Id": "{6c86a1f2-d598-3f14-9ca9-27ff4d460fe4}"
        },
        "SpeedLimit": "40mph",
        "Successors": [
          {
            "Dir": "Backward",
            "Id": "{2fe6aa94-1510-3275-b95b-4b9552801f3b}"
          }
        ],
        "TravelDir": "Forward",
        "Type": "Lane"
      },
      "type": "Feature"
    },
    {
      "geometry": {
        "coordinates": [
          [
            5.8481397927518984e-05,
            1.1033307620008877e-05,
            0
          ],
          [
            5.349110677979554e-05,
            1.105011370072418e-05,
            0
          ],
          [
            5.185869133759353e-05,
            1.1054842237608908e-05,
            0
          ],
          [
            4.850080298883658e-05,
            1.1062703491874221e-05,
            0
          ],
          [
            4.552091241745028e-05,
            1.1067563255076963e-05,
            0
          ],
          [
            4.351048824914489e-05,
            1.1069717601683339e-05,
            0
          ]
        ],
        "type": "LineString"
      },
      "properties": {
        "Id": "{c35c1710-22e7-32dc-bde7-7d14c1e5ce50}",
        "LaneType": "Shoulder",
        "LeftBoundary": {
          "Dir": "Forward",
          "Id": "{b186d9e6-4b72-3f96-b6c8-912b885b2c75}"
        },
        "Predecessors": [],
        "RightBoundary": {
          "Dir": "Forward",
          "Id": "{975da951-3dfa-3c6b-b527-8368ef83399f}"
        },
        "Successors": [],
        "TravelDir": "Undirected",
        "Type": "Lane"
      },
      "type": "Feature"
    },
    {
      "geometry": {
        "coordinates": [
          [
            5.848609652708307e-05,
            1.238985358840794e-05,
            0
          ],
          [
            5.3495208644876436e-05,
            1.240666163092969e-05,
            0
          ],
          [
            5.1862328503745045e-05,
            1.241139151128186e-05,
            0
          ],
          [
            4.8503432788474e-05,
            1.2419255123923522e-05,
            0
          ],
          [
            4.552264824992437e-05,
            1.2424116345055277e-05,
            0
          ],
          [
            4.351162095435591e-05,
            1.2426271337965679e-05,
            0
          ]
        ],
        "type": "LineString"
      },
      "properties": {
        "Id": "{c5771a52-88b2-3751-8491-b0b3989db886}",
        "LaneType": "Driving",
        "LeftBoundary": {
          "Dir": "Forward",
          "Id": "{975da951-3dfa-3c6b-b527-8368ef83399f}"
        },
        "Predecessors": [],
        "RightBoundary": {
          "Dir": "Forward",
          "Id": "{4aa49c3c-37ac-3e21-80a2-36124f315184}"
        },
        "SpeedLimit": "40mph",
        "Successors": [
          {
            "Dir": "Forward",
            "Id": "{1c0d6342-89f9-3f21-97a1-b302c5a611c2}"
          }
        ],
        "TravelDir": "Backward",
        "Type": "Lane"
      },
      "type": "Feature"
    },
    {
      "geometry": {
        "coordinates": [
          [
            5.8495493726213947e-05,
            1.5102945525206071e-05,
            0
          ],
          [
            5.350341237502767e-05,
            1.5119757491340709e-05,
            0
          ],
          [
            5.186960283603216e-05,
            1.5124490058627761e-05,
            0
          ],
          [
            4.850869238775425e-05,
            1.5132358388022115e-05,
            0
          ],
          [
            4.552611991486197e-05,
            1.5137222525011913e-05,
            0
          ],
          [
            4.402242451917838e-05,
            1.5138919488381363e-05,
            0
          ],
          [
            4.351388636479135e-05,
            1.5139378810530351e-05,
            0
          ]
        ],
        "type": "LineString"
      },
      "properties": {
        "Id": "{2d34777d-b04a-3612-be64-f7a45c388396}",
        "LaneType": "Driving",
        "LeftBoundary": {
          "Dir": "Forward",
          "Id": "{4aa49c3c-37ac-3e21-80a2-36124f315184}"
        },
        "Predecessors": [],
        "RightBoundary": {
          "Dir": "Forward",
          "Id": "{cc02d2c5-1646-35c4-8434-e36a435c1a7f}"
        },
        "SpeedLimit": "40mph",
        "Successors": [
          {
            "Dir": "Forward",
            "Id": "{858ddf59-0553-3bfe-8a4a-007d9519a5f6}"
          }
        ],
        "TravelDir": "Forward",
        "Type": "Lane"
      },
      "type": "Feature"
    },
    {
      "geometry": {
        "coordinates": [
          [
            5.8510372624837474e-05,
            1.9398674425136444e-05,
            0
          ],
          [
            5.351640161442737e-05,
            1.941549260365815e-05,
            0
          ],
          [
            5.1881120528816786e-05,
            1.9420229425258763e-05,
            0
          ],
          [
            4.851702008661178e-05,
            1.9428105222844904e-05,
            0
          ],
          [
            4.553161671767915e-05,
            1.943297397660992e-05,
            0
          ],
          [
            4.351747326464568e-05,
            1.9435132308757754e-05,
            0
          ]
        ],
        "type": "LineString"
      },
      "properties": {
        "Id": "{ef032f18-b3c9-36b9-899e-0bcf29cb515d}",
        "LaneType": "Parking",
        "LeftBoundary": {
          "Dir": "Forward",
          "Id": "{cc02d2c5-1646-35c4-8434-e36a435c1a7f}"
        },
        "Predecessors": [],
        "RightBoundary": {
          "Dir": "Forward",
          "Id": "{5f528457-d70b-34ed-a6a1-daa4525af76a}"
        },
        "Successors": [
          {
            "Dir": "Forward",
            "Id": "{df457a4e-91b8-3d76-bc25-b630c8c91eae}"
          }
        ],
        "TravelDir": "Undirected",
        "Type": "Lane"
      },
      "type": "Feature"
    },
    {
      "geometry": {
        "coordinates": [
          [
            5.8521336023817235e-05,
            2.2563948351400926e-05,
            0
          ],
          [
            5.3525972632937515e-05,
            2.2580771107471e-05,
            0
          ],
          [
            5.188960724982234e-05,
            2.2585511063828973e-05,
            0
          ],
          [
            4.8523156285766185e-05,
            2.2593392364293256e-05,
            0
          ],
          [
            4.553566699343289e-05,
            2.259826451989266e-05,
            0
          ],
          [
            4.3520116243488654e-05,
            2.2600424360083196e-05,
            0
          ]
        ],
        "type": "LineString"
      },
      "properties": {
        "Id": "{3f0b9e0f-1ddf-3dcb-89d0-7c40b535d566}",
        "LaneType": "Shoulder",
        "LeftBoundary": {
          "Dir": "Forward",
          "Id": "{5f528457-d70b-34ed-a6a1-daa4525af76a}"
        },
        "Predecessors": [],
        "RightBoundary": {
          "Dir": "Forward",
          "Id": "{c2fae9a6-7684-3853-b663-840cace0b367}"
        },
        "Successors": [],
        "TravelDir": "Undirected",
        "Type": "Lane"
      },
      "type": "Feature"
    },
    {
      "geometry": {
        "coordinates": [
          [
            8.084837557075128e-06,
            2.0619624076748484e-05,
            0
          ],
          [
            8.169791363328934e-06,
            2.146800548472421e-05,
            0
          ],
          [
            8.421234018803398e-06,
            2.2282245806584283e-05,
            0
          ],
          [
            8.948773575837085e-06,
            2.319593943244951e-05,
            0
          ],
          [
            9.31749062362721e-06,
            2.362120917639374e-05,
            0
          ],
          [
            9.321456695925261e-06,
            2.3625207289374533e-05,
            0
          ],
          [
            1.0219768793737718e-05,
            2.431447837062679e-05,
            0
          ],
          [
            1.1267448258450994e-05,
            2.473932643550732e-05,
            0
          ],
          [
            1.2306919392433576e-05,
            2.4870160618884916e-05,
            0
          ]
        ],
        "type": "LineString"
      },
      "properties": {
        "Id": "{adc06811-5be9-3dcd-8b33-acf3b49e17e6}",
        "LaneType": "Sidewalk",
        "LeftBoundary": {
          "Dir": "Forward",
          "Id": "{d7b7ccfd-3602-3bcf-a4ea-a6f27ebb77cd}"
        },
        "Predecessors": [],
        "RightBoundary": {
          "Dir": "Forward",
          "Id": "{4867d399-a0c2-392b-b759-40df989f0bf3}"
        },
        "Successors": [
          {
            "Dir": "Forward",
            "Id": "{f4f21d68-e750-323f-ac32-6412afdce678}"
          }
        ],
        "TravelDir": "Undirected",
        "Type": "Lane"
      },
      "type": "Feature"
    },
    {
      "geometry": {
        "coordinates": [
          [
            4.0816961988397704e-05,
            5.132296782259594e-05,
            0
          ],
          [
            3.935456941225153e-05,
            5.1164121456100474e-05,
            0
          ],
          [
            3.795948843805522e-05,
            5.069489380195809e-05,
            0
          ],
          [
            3.6695932421927626e-05,
            4.9936882662018085e-05,
            0
          ],
          [
            3.562206083553231e-05,
            4.89249780822004e-05,
            0
          ],
          [
            3.482799306335686e-05,
            4.7780355047781086e-05,
            0
          ],
          [
            3.42789744494306e-05,
            4.649827265412092e-05,
            0
          ],
          [
            3.399746905242418e-05,
            4.5131189548996194e-05,
            0
          ],
          [
            3.3994944658734625e-05,
            4.373554678707119e-05,
            0
          ],
          [
            3.40738065814592e-05,
            4.293687527699945e-05,
            0
          ],
          [
            3.412468556927498e-05,
            4.242160001334629e-05,
            0
          ],
          [
            3.415266646247309e-05,
            4.21382242360896e-05,
            0
          ],
          [
            3.421130170139988e-05,
            4.152904316949827e-05,
            0
          ],
          [
            3.452780366705984e-05,
            3.743059801326396e-05,
            0
          ],
          [
            3.470943157795123e-05,
            3.332385403172189e-05,
            0
          ],
          [
            3.475722647159122e-05,
            2.9538782333045996e-05,
            0
          ]
        ],
        "type": "LineString"
      },
      "properties": {
        "Id": "{30e9a4a9-d292-369e-8c47-af8817e7bee2}",
        "LaneType": "Driving",
        "LeftBoundary": {
          "Dir": "Forward",
          "Id": "{433df03e-8a4c-3223-a1e4-31aac36d245b}"
        },
        "Predecessors": [
          {
            "Dir": "Forward",
            "Id": "{46074810-9d02-30c5-a7f2-622cd6212e3e}"
          }
        ],
        "RightBoundary": {
          "Dir": "Forward",
          "Id": "{117a7ebf-ebc7-3c57-b2a9-a900c465a0b2}"
        },
        "SpeedLimit": "40mph",
        "Successors": [
          {
            "Dir": "Forward",
            "Id": "{5e908d81-9ee6-3afb-b55c-13d1d315612b}"
          }
        ],
        "TravelDir": "Forward",
        "Type": "Lane"
      },
      "type": "Feature"
    },
    {
      "geometry": {
        "coordinates": [
          [
            1.03613244092601e-05,
            2.9165915634874317e-05,
            0
          ],
          [
            1.1303381363395487e-05,
            2.9165915634874226e-05,
            0
          ],
          [
            1.2306919392434011e-05,
            2.916591563487412e-05,
            0
          ]
        ],
        "type": "LineString"
      },
      "properties": {
        "Id": "{d001c7dc-d19b-3951-b23d-f82aca829c1f}",
        "LaneType": "Driving",
        "LeftBoundary": {
          "Dir": "Forward",
          "Id": "{1382387b-dba2-32ed-9a4a-b0c4f27b27e0}"
        },
        "Predecessors": [
          {
            "Dir": "Backward",
            "Id": "{e33820e6-6026-33e3-b139-9fc2201d57ef}"
          }
        ],
        "RightBoundary": {
          "Dir": "Forward",
          "Id": "{e09d04cd-93df-3b57-acaf-94b612d7e3d5}"
        },
        "SpeedLimit": "40mph",
        "Successors": [
          {
            "Dir": "Forward",
            "Id": "{922eb5b8-6caa-3cdf-ac51-5f9e06010600}"
          }
        ],
        "TravelDir": "Backward",
        "Type": "Lane"
      },
      "type": "Feature"
    },
    {
      "geometry": {
        "coordinates": [
          [
            1.0361324409259904e-05,
            2.690499194224841e-05,
            0
          ],
          [
            1.130338136339527e-05,
            2.690499194224832e-05,
            0
          ],
          [
            1.2306919392433776e-05,
            2.6904991942248222e-05,
            0
          ]
        ],
        "type": "LineString"
      },
      "properties": {
        "Id": "{4b4556f1-8058-34cb-8204-7c82f1111c3c}",
        "LaneType": "Driving",
        "LeftBoundary": {
          "Dir": "Forward",
          "Id": "{e09d04cd-93df-3b57-acaf-94b612d7e3d5}"
        },
        "Predecessors": [
          {
            "Dir": "Forward",
            "Id": "{b0357da4-57a6-3bc8-bb34-6efb592d514e}"
          }
        ],
        "RightBoundary": {
          "Dir": "Forward",
          "Id": "{5d1a8ba8-499b-3b5e-8f14-12d2e03ac045}"
        },
        "SpeedLimit": "40mph",
        "Successors": [
          {
            "Dir": "Forward",
            "Id": "{82e38702-6749-3f64-8322-9e294a1ba678}"
          }
        ],
        "TravelDir": "Forward",
        "Type": "Lane"
      },
      "type": "Feature"
    },
    {
      "geometry": {
        "coordinates": [
          [
            1.2306919392434011e-05,
            2.916591563487412e-05,
            0
          ],
          [
            1.2322220271924268e-05,
            2.916591563487412e-05,
            0
          ]
        ],
        "type": "LineString"
      },
      "properties": {
        "Id": "{922eb5b8-6caa-3cdf-ac51-5f9e06010600}",
        "LaneType": "Driving",
        "LeftBoundary": {
          "Dir": "Forward",
          "Id": "{4d6a01ae-5369-388e-973e-f3f6b9acaed2}"
        },
        "Predecessors": [
          {
            "Dir": "Forward",
            "Id": "{d001c7dc-d19b-3951-b23d-f82aca829c1f}"
          }
        ],
        "RightBoundary": {
          "Dir": "Forward",
          "Id": "{b1067082-2b98-3343-a4c3-d68477081701}"
        },
        "SpeedLimit": "40mph",
        "Successors": [
          {
            "Dir": "Forward",
            "Id": "{b0dac25a-9652-3aa9-99a4-f49fbd873a80}"
          }
        ],
        "TravelDir": "Backward",
        "Type": "Lane"
      },
      "type": "Feature"
    },
    {
      "geometry": {
        "coordinates": [
          [
            1.2306919392433776e-05,
            2.6904991942248222e-05,
            0
          ],
          [
            1.2322220271924032e-05,
            2.6904991942248222e-05,
            0
          ]
        ],
        "type": "LineString"
      },
      "properties": {
        "Id": "{82e38702-6749-3f64-8322-9e294a1ba678}",
        "LaneType": "Driving",
        "LeftBoundary": {
          "Dir": "Forward",
          "Id": "{b1067082-2b98-3343-a4c3-d68477081701}"
        },
        "Predecessors": [
          {
            "Dir": "Forward",
            "Id": "{4b4556f1-8058-34cb-8204-7c82f1111c3c}"
          },
          {
            "Dir": "Forward",
            "Id": "{23137bee-820e-35c9-ac6b-a2b0b0f41b3e}"
          }
        ],
        "RightBoundary": {
          "Dir": "Forward",
          "Id": "{d9ff68bf-0dc7-3cab-9ab0-d1fc053c201f}"
        },
        "SpeedLimit": "40mph",
        "Successors": [
          {
            "Dir": "Forward",
            "Id": "{a0af5911-f04e-39c4-968b-cc86bb49c515}"
          }
        ],
        "TravelDir": "Forward",
        "Type": "Lane"
      },
      "type": "Feature"
    },
    {
      "geometry": {
        "coordinates": [
          [
            1.2306919392433579e-05,
            2.4870160618884916e-05,
            0
          ],
          [
            1.2322220271923836e-05,
            2.4870160618884916e-05,
            0
          ]
        ],
        "type": "LineString"
      },
      "properties": {
        "Id": "{f4f21d68-e750-323f-ac32-6412afdce678}",
        "LaneType": "Sidewalk",
        "LeftBoundary": {
          "Dir": "Forward",
          "Id": "{1493e96a-8d39-3e8b-95d5-9f93906a682a}"
        },
        "Predecessors": [
          {
            "Dir": "Forward",
            "Id": "{adc06811-5be9-3dcd-8b33-acf3b49e17e6}"
          }
        ],
        "RightBoundary": {
          "Dir": "Forward",
          "Id": "{226ebba2-34ba-34d9-bd1b-24d6b4186963}"
        },
        "Successors": [
          {
            "Dir": "Forward",
            "Id": "{4c198372-6b88-3cb9-93a4-c6ea0996c532}"
          }
        ],
        "TravelDir": "Undirected",
        "Type": "Lane"
      },
      "type": "Feature"
    },
    {
      "geometry": {
        "coordinates": [
          [
            1.2322220271924498e-05,
            3.1200746958237436e-05,
            0
          ],
          [
            1.2322438816569378e-05,
            3.1200746958237436e-05,
            0
          ],
          [
            1.4239429489404692e-05,
            3.120074695823719e-05,
            0
          ]
        ],
        "type": "LineString"
      },
      "properties": {
        "Id": "{97da7116-c497-31b2-a9dc-c79131cdb50b}",
        "LaneType": "Sidewalk",
        "LeftBoundary": {
          "Dir": "Forward",
          "Id": "{c2c2bbbb-7f0f-31f7-a2fc-f1f04334982e}"
        },
        "Predecessors": [],
        "RightBoundary": {
          "Dir": "Forward",
          "Id": "{5694b245-fb55-36ae-b2cb-9b1fdb1f9e3c}"
        },
        "Successors": [
          {
            "Dir": "Forward",
            "Id": "{7486d4f4-73f2-3952-a392-129a1e5c1020}"
          }
        ],
        "TravelDir": "Undirected",
        "Type": "Lane"
      },
      "type": "Feature"
    },
    {
      "geometry": {
        "coordinates": [
          [
            1.23222202719244e-05,
            3.034159595503958e-05,
            0
          ],
          [
            1.2322438816569278e-05,
            3.034159595503958e-05,
            0
          ],
          [
            1.4239429489404577e-05,
            3.0341595955039346e-05,
            0
          ]
        ],
        "type": "LineString"
      },
      "properties": {
        "Id": "{e1eefd02-654f-370c-b840-4cb8a766bd8e}",
        "LaneType": "Curb",
        "LeftBoundary": {
          "Dir": "Forward",
          "Id": "{5694b245-fb55-36ae-b2cb-9b1fdb1f9e3c}"
        },
        "Predecessors": [],
        "RightBoundary": {
          "Dir": "Forward",
          "Id": "{f34cf8c8-6ba3-3e89-85e1-dcdc14c2d4a9}"
        },
        "Successors": [],
        "TravelDir": "Undirected",
        "Type": "Lane"
      },
      "type": "Feature"
    },
    {
      "geometry": {
        "coordinates": [
          [
            1.2322220271924268e-05,
            2.916591563487412e-05,
            0
          ],
          [
            1.2322438816569148e-05,
            2.916591563487412e-05,
            0
          ],
          [
            1.4239429489404424e-05,
            2.9165915634873897e-05,
            0
          ]
        ],
        "type": "LineString"
      },
      "properties": {
        "Id": "{b0dac25a-9652-3aa9-99a4-f49fbd873a80}",
        "LaneType": "Driving",
        "LeftBoundary": {
          "Dir": "Forward",
          "Id": "{f34cf8c8-6ba3-3e89-85e1-dcdc14c2d4a9}"
        },
        "Predecessors": [
          {
            "Dir": "Backward",
            "Id": "{d363f06e-4ae5-305d-8270-a8b39b66cfd1}"
          },
          {
            "Dir": "Forward",
            "Id": "{922eb5b8-6caa-3cdf-ac51-5f9e06010600}"
          }
        ],
        "RightBoundary": {
          "Dir": "Forward",
          "Id": "{9798b1de-daca-3124-bfc4-eebcd6b8e0a8}"
        },
        "SpeedLimit": "40mph",
        "Successors": [
          {
            "Dir": "Forward",
            "Id": "{f17276b1-f9be-37ab-9f82-10bd18e178a1}"
          }
        ],
        "TravelDir": "Backward",
        "Type": "Lane"
      },
      "type": "Feature"
    },
    {
      "geometry": {
        "coordinates": [
          [
            1.2322220271924032e-05,
            2.6904991942248222e-05,
            0
          ],
          [
            1.2322438816568912e-05,
            2.6904991942248222e-05,
            0
          ],
          [
            1.4239429489404152e-05,
            2.6904991942248015e-05,
            0
          ]
        ],
        "type": "LineString"
      },
      "properties": {
        "Id": "{a0af5911-f04e-39c4-968b-cc86bb49c515}",
        "LaneType": "Driving",
        "LeftBoundary": {
          "Dir": "Forward",
          "Id": "{9798b1de-daca-3124-bfc4-eebcd6b8e0a8}"
        },
        "Predecessors": [
          {
            "Dir": "Forward",
            "Id": "{82e38702-6749-3f64-8322-9e294a1ba678}"
          }
        ],
        "RightBoundary": {
          "Dir": "Forward",
          "Id": "{1371f015-7c0c-3917-813d-dff6111057a2}"
        },
        "SpeedLimit": "40mph",
        "Successors": [
          {
            "Dir": "Forward",
            "Id": "{b1fa3ebf-dd85-38f4-ac33-f4b35ecfed00}"
          }
        ],
        "TravelDir": "Forward",
        "Type": "Lane"
      },
      "type": "Feature"
    },
    {
      "geometry": {
        "coordinates": [
          [
            1.2322220271923917e-05,
            2.572931162208276e-05,
            0
          ],
          [
            1.2322438816568797e-05,
            2.572931162208276e-05,
            0
          ],
          [
            1.4239429489404018e-05,
            2.5729311622082556e-05,
            0
          ]
        ],
        "type": "LineString"
      },
      "properties": {
        "Id": "{75f5ae85-0453-3760-b14c-962fd050b6a7}",
        "LaneType": "Curb",
        "LeftBoundary": {
          "Dir": "Forward",
          "Id": "{1371f015-7c0c-3917-813d-dff6111057a2}"
        },
        "Predecessors": [],
        "RightBoundary": {
          "Dir": "Forward",
          "Id": "{a37dfc24-527c-39aa-aba7-fc68b6d71c84}"
        },
        "Successors": [],
        "TravelDir": "Undirected",
        "Type": "Lane"
      },
      "type": "Feature"
    },
    {
      "geometry": {
        "coordinates": [
          [
            1.2322220271923836e-05,
            2.4870160618884916e-05,
            0
          ],
          [
            1.2322438816568716e-05,
            2.4870160618884916e-05,
            0
          ],
          [
            1.4239429489403928e-05,
            2.487016061888472e-05,
            0
          ]
        ],
        "type": "LineString"
      },
      "properties": {
        "Id": "{4c198372-6b88-3cb9-93a4-c6ea0996c532}",
        "LaneType": "Sidewalk",
        "LeftBoundary": {
          "Dir": "Forward",
          "Id": "{a37dfc24-527c-39aa-aba7-fc68b6d71c84}"
        },
        "Predecessors": [
          {
            "Dir": "Forward",
            "Id": "{f4f21d68-e750-323f-ac32-6412afdce678}"
          }
        ],
        "RightBoundary": {
          "Dir": "Forward",
          "Id": "{6ca95c1a-85db-3481-b3fa-f3f0941455cc}"
        },
        "Successors": [
          {
            "Dir": "Forward",
            "Id": "{da3c228c-f54d-361e-879e-d86c6f304579}"
          }
        ],
        "TravelDir": "Undirected",
        "Type": "Lane"
      },
      "type": "Feature"
    },
    {
      "geometry": {
        "coordinates": [
          [
            3.703281725377207e-05,
            4.141729550423179e-05,
            0
          ],
          [
            3.703777898104361e-05,
            4.3395383409087316e-05,
            0
          ],
          [
            3.7140540628391325e-05,
            4.461119188963878e-05,
            0
          ],
          [
            3.7367335653778226e-05,
            4.5569620869999256e-05,
            0
          ],
          [
            3.771844642765571e-05,
            4.648927933198998e-05,
            0
          ],
          [
            3.8246587194001375e-05,
            4.744565353971629e-05,
            0
          ],
          [
            3.8264614543747885e-05,
            4.747300866594616e-05,
            0
          ],
          [
            3.877043043954505e-05,
            4.807666413078068e-05,
            0
          ],
          [
            3.9395284265993704e-05,
            4.855414402601529e-05,
            0
          ],
          [
            4.010883853729519e-05,
            4.888226606654752e-05,
            0
          ],
          [
            4.087644924283752e-05,
            4.904509949012337e-05,
            0
          ],
          [
            4.122281264481325e-05,
            4.906204412997032e-05,
            0
          ],
          [
            4.3187664742365175e-05,
            4.9062044129969073e-05,
            0
          ]
        ],
        "type": "LineString"
      },
      "properties": {
        "Id": "{90a5fd41-0552-3aa1-89b4-08079c2711d8}",
        "LaneType": "Driving",
        "LeftBoundary": {
          "Dir": "Forward",
          "Id": "{03ee81a2-cec4-3072-871d-635f87e3eafc}"
        },
        "Predecessors": [
          {
            "Dir": "Backward",
            "Id": "{317261be-5a4c-36c7-962d-a6c3b040e2fb}"
          }
        ],
        "RightBoundary": {
          "Dir": "Forward",
          "Id": "{83ac848f-3806-3bf1-a38b-45cec8923b11}"
        },
        "SpeedLimit": "40mph",
        "Successors": [
          {
            "Dir": "Backward",
            "Id": "{f3bfd945-629c-378b-895e-11ad350d0e17}"
          }
        ],
        "TravelDir": "Forward",
        "Type": "Lane"
      },
      "type": "Feature"
    },
    {
      "geometry": {
        "coordinates": [
          [
            3.9001892271715845e-05,
            2.0630357509539443e-05,
            0
          ],
          [
            3.908487428538865e-05,
            2.145826816865606e-05,
            0
          ],
          [
            3.9326485659983986e-05,
            2.2254038012946327e-05,
            0
          ],
          [
            3.980821482689541e-05,
            2.311801290412842e-05,
            0
          ],
          [
            4.024226987848902e-05,
            2.3628999647261698e-05,
            0
          ],
          [
            4.0264890199343736e-05,
            2.3651544372027336e-05,
            0
          ],
          [
            4.1143637184689074e-05,
            2.431837839162773e-05,
            0
          ],
          [
            4.2163701916314456e-05,
            2.4733953574713978e-05,
            0
          ],
          [
            4.3223960755214686e-05,
            2.487016041777745e-05,
            0
          ]
        ],
        "type": "LineString"
      },
      "properties": {
        "Id": "{2808ab8e-0a60-339d-80b4-6b1e1e4a42ac}",
        "LaneType": "Sidewalk",
        "LeftBoundary": {
          "Dir": "Forward",
          "Id": "{7d90061c-a75c-3229-b10a-d52a19800e31}"
        },
        "Predecessors": [
          {
            "Dir": "Backward",
            "Id": "{556e6c6a-2943-35ac-b9eb-b521eab67126}"
          }
        ],
        "RightBoundary": {
          "Dir": "Forward",
          "Id": "{cc8fd482-920d-3d1b-b05d-f10fc338a78b}"
        },
        "Successors": [
          {
            "Dir": "Forward",
            "Id": "{fbf399da-ef0f-3070-981d-bb93eb650daf}"
          }
        ],
        "TravelDir": "Undirected",
        "Type": "Lane"
      },
      "type": "Feature"
    },
    {
      "geometry": {
        "coordinates": [
          [
            3.5932611364789076e-05,
            4.747939754513559e-05,
            0
          ],
          [
            3.5932610096474155e-05,
            4.747939754513559e-05,
            0
          ],
          [
            3.5932608811420014e-05,
            4.747939754513558e-05,
            0
          ],
          [
            3.593260750963735e-05,
            4.747939754513558e-05,
            0
          ],
          [
            3.460441790657374e-05,
            4.747939754513625e-05,
            0
          ],
          [
            3.2230239231934536e-05,
            4.747939754513742e-05,
            0
          ],
          [
            3.22046029356898e-05,
            4.7479397545137425e-05,
            0
          ],
          [
            3.099187730213477e-05,
            4.7479397545137974e-05,
            0
          ],
          [
            3.099075759494809e-05,
            4.7479397545137974e-05,
            0
          ]
        ],
        "type": "LineString"
      },
      "properties": {
        "Id": "{2a9b81d7-3aa6-3059-8736-2e4ed8205af7}",
        "LaneType": "Shoulder",
        "LeftBoundary": {
          "Dir": "Forward",
          "Id": "{c782fabe-4e83-35f0-8b2c-8eae7eb816ba}"
        },
        "Predecessors": [
          {
            "Dir": "Forward",
            "Id": "{fd442275-8836-3f6a-a64c-23440798eef2}"
          }
        ],
        "RightBoundary": {
          "Dir": "Forward",
          "Id": "{68991584-4bfa-33e1-b109-9bb75d64b743}"
        },
        "Successors": [
          {
            "Dir": "Forward",
            "Id": "{75e15336-38ec-3d6a-b048-455d68b9a5d9}"
          }
        ],
        "TravelDir": "Undirected",
        "Type": "Lane"
      },
      "type": "Feature"
    },
    {
      "geometry": {
        "coordinates": [
          [
            3.593261136478991e-05,
            4.9062044129973424e-05,
            0
          ],
          [
            3.593261008670867e-05,
            4.9062044129973424e-05,
            0
          ],
          [
            3.59326088016652e-05,
            4.906204412997342e-05,
            0
          ],
          [
            3.5932607509638184e-05,
            4.906204412997342e-05,
            0
          ],
          [
            3.460441790657454e-05,
            4.9062044129974115e-05,
            0
          ],
          [
            3.223023923193528e-05,
            4.9062044129975314e-05,
            0
          ],
          [
            3.220460293569054e-05,
            4.906204412997532e-05,
            0
          ],
          [
            3.0991877302135494e-05,
            4.90620441299759e-05,
            0
          ],
          [
            3.099075759494881e-05,
            4.90620441299759e-05,
            0
          ]
        ],
        "type": "LineString"
      },
      "properties": {
        "Id": "{dbf76e61-e450-32e2-b26b-4b1fd1dc9ddd}",
        "LaneType": "Driving",
        "LeftBoundary": {
          "Dir": "Forward",
          "Id": "{68991584-4bfa-33e1-b109-9bb75d64b743}"
        },
        "Predecessors": [
          {
            "Dir": "Forward",
            "Id": "{3f396bee-445b-3efa-bcfb-a8862c7904ec}"
          }
        ],
        "RightBoundary": {
          "Dir": "Forward",
          "Id": "{1045fc05-5bc3-3ec0-9e8c-2eeeb88e27de}"
        },
        "SpeedLimit": "40mph",
        "Successors": [
          {
            "Dir": "Forward",
            "Id": "{40138542-df3a-3174-9d36-9d5838c99066}"
          }
        ],
        "TravelDir": "Backward",
        "Type": "Lane"
      },
      "type": "Feature"
    },
    {
      "geometry": {
        "coordinates": [
          [
            3.5932611364791136e-05,
            5.132296782259891e-05,
            0
          ],
          [
            3.593261007277479e-05,
            5.132296782259891e-05,
            0
          ],
          [
            3.5932608787720655e-05,
            5.132296782259891e-05,
            0
          ],
          [
            3.593260750963941e-05,
            5.132296782259891e-05,
            0
          ],
          [
            3.460441790657572e-05,
            5.132296782259965e-05,
            0
          ],
          [
            3.2230239231936386e-05,
            5.132296782260089e-05,
            0
          ],
          [
            3.220460293569165e-05,
            5.1322967822600905e-05,
            0
          ],
          [
            3.099187730213655e-05,
            5.1322967822601515e-05,
            0
          ],
          [
            3.0990757594949875e-05,
            5.1322967822601515e-05,
            0
          ]
        ],
        "type": "LineString"
      },
      "properties": {
        "Id": "{17f9fc39-fad1-30ff-b81d-b6876501008d}",
        "LaneType": "Driving",
        "LeftBoundary": {
          "Dir": "Forward",
          "Id": "{1045fc05-5bc3-3ec0-9e8c-2eeeb88e27de}"
        },
        "Predecessors": [
          {
            "Dir": "Forward",
            "Id": "{ab0e36c9-40d8-3502-8e27-35c4be0cdce8}"
          }
        ],
        "RightBoundary": {
          "Dir": "Forward",
          "Id": "{ea0dc64c-179c-3d5a-91ff-6a4c9cdc9f75}"
        },
        "SpeedLimit": "40mph",
        "Successors": [
          {
            "Dir": "Forward",
            "Id": "{6b249816-be3f-3c6d-a125-96bf25d13f79}"
          }
        ],
        "TravelDir": "Forward",
        "Type": "Lane"
      },
      "type": "Feature"
    },
    {
      "geometry": {
        "coordinates": [
          [
            3.59326113647923e-05,
            5.335779914596186e-05,
            0
          ],
          [
            3.5932610060226885e-05,
            5.335779914596186e-05,
            0
          ],
          [
            3.593260877517275e-05,
            5.335779914596185e-05,
            0
          ],
          [
            3.5932607509640576e-05,
            5.335779914596185e-05,
            0
          ],
          [
            3.4604417906576846e-05,
            5.335779914596262e-05,
            0
          ],
          [
            3.223023923193743e-05,
            5.335779914596391e-05,
            0
          ],
          [
            3.2204602935692684e-05,
            5.3357799145963926e-05,
            0
          ],
          [
            3.0991877302137554e-05,
            5.3357799145964556e-05,
            0
          ],
          [
            3.099075759495088e-05,
            5.3357799145964556e-05,
            0
          ]
        ],
        "type": "LineString"
      },
      "properties": {
        "Id": "{571b1208-4d36-3004-a2a4-c2abb4d68094}",
        "LaneType": "Shoulder",
        "LeftBoundary": {
          "Dir": "Forward",
          "Id": "{ea0dc64c-179c-3d5a-91ff-6a4c9cdc9f75}"
        },
        "Predecessors": [
          {
            "Dir": "Forward",
            "Id": "{a7de5599-d70e-3ba5-882d-662f24067495}"
          }
        ],
        "RightBoundary": {
          "Dir": "Forward",
          "Id": "{96f89243-11fc-3663-b37b-add18a452281}"
        },
        "Successors": [
          {
            "Dir": "Forward",
            "Id": "{bd4214ec-9d63-3774-aa0a-ff3ed652f926}"
          }
        ],
        "TravelDir": "Undirected",
        "Type": "Lane"
      },
      "type": "Feature"
    },
    {
      "geometry": {
        "coordinates": [
          [
            3.099075759494809e-05,
            4.7479397545137974e-05,
            0
          ],
          [
            2.977915166856906e-05,
            4.7479397545138516e-05,
            0
          ],
          [
            2.856642603500601e-05,
            4.747939754513903e-05,
            0
          ],
          [
            2.853584621109787e-05,
            4.7479397545139044e-05,
            0
          ]
        ],
        "type": "LineString"
      },
      "properties": {
        "Id": "{75e15336-38ec-3d6a-b048-455d68b9a5d9}",
        "LaneType": "Shoulder",
        "LeftBoundary": {
          "Dir": "Forward",
          "Id": "{8be7d281-efed-3720-bbe2-0612af1c7dde}"
        },
        "Predecessors": [
          {
            "Dir": "Forward",
            "Id": "{2a9b81d7-3aa6-3059-8736-2e4ed8205af7}"
          }
        ],
        "RightBoundary": {
          "Dir": "Forward",
          "Id": "{6a54de6d-8615-316b-b9ef-879be251312e}"
        },
        "Successors": [
          {
            "Dir": "Forward",
            "Id": "{d58145bb-f95a-34d8-8f2c-e5dedb6d7c0e}"
          }
        ],
        "TravelDir": "Undirected",
        "Type": "Lane"
      },
      "type": "Feature"
    },
    {
      "geometry": {
        "coordinates": [
          [
            3.099075759494881e-05,
            4.90620441299759e-05,
            0
          ],
          [
            2.977915166856975e-05,
            4.906204412997646e-05,
            0
          ],
          [
            2.856642603500667e-05,
            4.906204412997698e-05,
            0
          ],
          [
            2.853584621109854e-05,
            4.9062044129976995e-05,
            0
          ]
        ],
        "type": "LineString"
      },
      "properties": {
        "Id": "{40138542-df3a-3174-9d36-9d5838c99066}",
        "LaneType": "Driving",
        "LeftBoundary": {
          "Dir": "Forward",
          "Id": "{6a54de6d-8615-316b-b9ef-879be251312e}"
        },
        "Predecessors": [
          {
            "Dir": "Forward",
            "Id": "{dbf76e61-e450-32e2-b26b-4b1fd1dc9ddd}"
          }
        ],
        "RightBoundary": {
          "Dir": "Forward",
          "Id": "{7e9001c3-1bf0-38cf-9a24-134a5270e80c}"
        },
        "SpeedLimit": "40mph",
        "Successors": [
          {
            "Dir": "Forward",
            "Id": "{8f527a58-8675-3da7-8125-b96c43528e73}"
          }
        ],
        "TravelDir": "Backward",
        "Type": "Lane"
      },
      "type": "Feature"
    },
    {
      "geometry": {
        "coordinates": [
          [
            3.0990757594949875e-05,
            5.1322967822601515e-05,
            0
          ],
          [
            2.977915166857077e-05,
            5.132296782260209e-05,
            0
          ],
          [
            2.8566426035007654e-05,
            5.1322967822602646e-05,
            0
          ],
          [
            2.8535846211099518e-05,
            5.132296782260266e-05,
            0
          ]
        ],
        "type": "LineString"
      },
      "properties": {
        "Id": "{6b249816-be3f-3c6d-a125-96bf25d13f79}",
        "LaneType": "Driving",
        "LeftBoundary": {
          "Dir": "Forward",
          "Id": "{7e9001c3-1bf0-38cf-9a24-134a5270e80c}"
        },
        "Predecessors": [
          {
            "Dir": "Forward",
            "Id": "{9d6d87d3-9ff9-3441-899b-d20064845bdb}"
          },
          {
            "Dir": "Forward",
            "Id": "{17f9fc39-fad1-30ff-b81d-b6876501008d}"
          }
        ],
        "RightBoundary": {
          "Dir": "Forward",
          "Id": "{9c2b97a2-6a31-316e-af61-5289edd2b367}"
        },
        "SpeedLimit": "40mph",
        "Successors": [
          {
            "Dir": "Forward",
            "Id": "{f71960bf-7165-3ae5-b203-e04983359107}"
          }
        ],
        "TravelDir": "Forward",
        "Type": "Lane"
      },
      "type": "Feature"
    },
    {
      "geometry": {
        "coordinates": [
          [
            3.099075759495088e-05,
            5.3357799145964556e-05,
            0
          ],
          [
            2.977915166857173e-05,
            5.335779914596516e-05,
            0
          ],
          [
            2.8566426035008576e-05,
            5.3357799145965735e-05,
            0
          ],
          [
            2.853584621110044e-05,
            5.3357799145965756e-05,
            0
          ]
        ],
        "type": "LineString"
      },
      "properties": {
        "Id": "{bd4214ec-9d63-3774-aa0a-ff3ed652f926}",
        "LaneType": "Shoulder",
        "LeftBoundary": {
          "Dir": "Forward",
          "Id": "{9c2b97a2-6a31-316e-af61-5289edd2b367}"
        },
        "Predecessors": [
          {
            "Dir": "Forward",
            "Id": "{571b1208-4d36-3004-a2a4-c2abb4d68094}"
          }
        ],
        "RightBoundary": {
          "Dir": "Forward",
          "Id": "{2cdddb1d-fd32-3a4b-a70c-1301ba98f0c8}"
        },
        "Successors": [
          {
            "Dir": "Forward",
            "Id": "{fda4552a-de3d-335e-b08c-f47f4b7d413b}"
          }
        ],
        "TravelDir": "Undirected",
        "Type": "Lane"
      },
      "type": "Feature"
    },
    {
      "geometry": {
        "coordinates": [
          [
            2.853584621109787e-05,
            4.7479397545139044e-05,
            0
          ],
          [
            2.8519830710032842e-05,
            4.747939754513905e-05,
            0
          ]
        ],
        "type": "LineString"
      },
      "properties": {
        "Id": "{d58145bb-f95a-34d8-8f2c-e5dedb6d7c0e}",
        "LaneType": "Shoulder",
        "LeftBoundary": {
          "Dir": "Forward",
          "Id": "{e8ef8d5c-18d6-302d-a0a0-41e050e0f55b}"
        },
        "Predecessors": [
          {
            "Dir": "Forward",
            "Id": "{75e15336-38ec-3d6a-b048-455d68b9a5d9}"
          }
        ],
        "RightBoundary": {
          "Dir": "Forward",
          "Id": "{18e7a83e-aa51-3efe-b40f-37b499f81d81}"
        },
        "Successors": [
          {
            "Dir": "Forward",
            "Id": "{08785333-6142-36f3-9d6f-b39cc60ff910}"
          }
        ],
        "TravelDir": "Undirected",
        "Type": "Lane"
      },
      "type": "Feature"
    },
    {
      "geometry": {
        "coordinates": [
          [
            2.853584621109854e-05,
            4.9062044129976995e-05,
            0
          ],
          [
            2.85198307100335e-05,
            4.906204412997701e-05,
            0
          ]
        ],
        "type": "LineString"
      },
      "properties": {
        "Id": "{8f527a58-8675-3da7-8125-b96c43528e73}",
        "LaneType": "Driving",
        "LeftBoundary": {
          "Dir": "Forward",
          "Id": "{18e7a83e-aa51-3efe-b40f-37b499f81d81}"
        },
        "Predecessors": [
          {
            "Dir": "Backward",
            "Id": "{78051476-0521-3558-87d5-ae9abf0d691f}"
          },
          {
            "Dir": "Forward",
            "Id": "{40138542-df3a-3174-9d36-9d5838c99066}"
          }
        ],
        "RightBoundary": {
          "Dir": "Forward",
          "Id": "{00c25fb3-e0f4-3c64-a619-265102a88385}"
        },
        "SpeedLimit": "40mph",
        "Successors": [
          {
            "Dir": "Forward",
            "Id": "{840b03f1-d9bb-3da0-877e-6835bb5e1616}"
          }
        ],
        "TravelDir": "Backward",
        "Type": "Lane"
      },
      "type": "Feature"
    },
    {
      "geometry": {
        "coordinates": [
          [
            2.8535846211099518e-05,
            5.132296782260266e-05,
            0
          ],
          [
            2.8519830710034482e-05,
            5.1322967822602667e-05,
            0
          ]
        ],
        "type": "LineString"
      },
      "properties": {
        "Id": "{f71960bf-7165-3ae5-b203-e04983359107}",
        "LaneType": "Driving",
        "LeftBoundary": {
          "Dir": "Forward",
          "Id": "{00c25fb3-e0f4-3c64-a619-265102a88385}"
        },
        "Predecessors": [
          {
            "Dir": "Forward",
            "Id": "{6b249816-be3f-3c6d-a125-96bf25d13f79}"
          }
        ],
        "RightBoundary": {
          "Dir": "Forward",
          "Id": "{0ee5b1d3-c5c0-35a0-bdde-f73c8d10b3af}"
        },
        "SpeedLimit": "40mph",
        "Successors": [
          {
            "Dir": "Forward",
            "Id": "{b9de6ec7-3d73-3d5e-8041-e2b6fad165ed}"
          }
        ],
        "TravelDir": "Forward",
        "Type": "Lane"
      },
      "type": "Feature"
    },
    {
      "geometry": {
        "coordinates": [
          [
            2.853584621110044e-05,
            5.3357799145965756e-05,
            0
          ],
          [
            2.8519830710035403e-05,
            5.3357799145965756e-05,
            0
          ]
        ],
        "type": "LineString"
      },
      "properties": {
        "Id": "{fda4552a-de3d-335e-b08c-f47f4b7d413b}",
        "LaneType": "Shoulder",
        "LeftBoundary": {
          "Dir": "Forward",
          "Id": "{0ee5b1d3-c5c0-35a0-bdde-f73c8d10b3af}"
        },
        "Predecessors": [
          {
            "Dir": "Forward",
            "Id": "{bd4214ec-9d63-3774-aa0a-ff3ed652f926}"
          }
        ],
        "RightBoundary": {
          "Dir": "Forward",
          "Id": "{d89283a0-9257-3bc1-82d8-b1e83e14bad3}"
        },
        "Successors": [
          {
            "Dir": "Forward",
            "Id": "{e969a354-b6d9-36f7-bb1b-92b19e36206a}"
          }
        ],
        "TravelDir": "Undirected",
        "Type": "Lane"
      },
      "type": "Feature"
    },
    {
      "geometry": {
        "coordinates": [
          [
            3.70030075213566e-05,
            2.9533072953313112e-05,
            0
          ],
          [
            3.7006790426592625e-05,
            3.104120080274608e-05,
            0
          ],
          [
            3.700643268089509e-05,
            3.107527510181146e-05,
            0
          ],
          [
            3.699658582104555e-05,
            3.1199984502908725e-05,
            0
          ],
          [
            3.6937219942772554e-05,
            3.144257047107009e-05,
            0
          ],
          [
            3.66725978360736e-05,
            3.18618536859278e-05,
            0
          ],
          [
            3.625774484349126e-05,
            3.2130814131025425e-05,
            0
          ],
          [
            3.576910445390267e-05,
            3.219989141953351e-05,
            0
          ],
          [
            3.5296716697978365e-05,
            3.205635692461498e-05,
            0
          ],
          [
            3.4927626791270355e-05,
            3.172665923832561e-05,
            0
          ],
          [
            3.47298456211958e-05,
            3.127155058340703e-05,
            0
          ],
          [
            3.4708037986008396e-05,
            3.1068943379685427e-05,
            0
          ],
          [
            3.470796755127196e-05,
            3.106564192572079e-05,
            0
          ],
          [
            3.463853925703153e-05,
            3.059079049251531e-05,
            0
          ],
          [
            3.451979242748176e-05,
            3.0271148372309226e-05,
            0
          ],
          [
            3.44252031782741e-05,
            3.0095679112708338e-05,
            0
          ],
          [
            3.4117073151973376e-05,
            2.9709289194718164e-05,
            0
          ],
          [
            3.372188796582527e-05,
            2.9413921816324924e-05,
            0
          ],
          [
            3.326534600789464e-05,
            2.9228784341003664e-05,
            0
          ],
          [
            3.277642720726612e-05,
            2.9165915634869997e-05,
            0
          ],
          [
            3.185167872978998e-05,
            2.9165915634870268e-05,
            0
          ],
          [
            3.127839056235348e-05,
            2.916591563487042e-05,
            0
          ]
        ],
        "type": "LineString"
      },
      "properties": {
        "Id": "{2a9bc542-0e7f-32ab-a1cd-716779783e42}",
        "LaneType": "Driving",
        "LeftBoundary": {
          "Dir": "Forward",
          "Id": "{64b30d35-6534-3e18-91ca-1ab661fc4b88}"
        },
        "Predecessors": [
          {
            "Dir": "Backward",
            "Id": "{4688b820-5ead-3b30-b8f7-b9edf48a7c08}"
          }
        ],
        "RightBoundary": {
          "Dir": "Forward",
          "Id": "{2dfca474-23eb-3ba2-94e2-3fe7208e8112}"
        },
        "SpeedLimit": "40mph",
        "Successors": [
          {
            "Dir": "Backward",
            "Id": "{8842f179-8138-3b45-bf5d-dc904892bd2e}"
          }
        ],
        "TravelDir": "Forward",
        "Type": "Lane"
      },
      "type": "Feature"
    },
    {
      "geometry": {
        "coordinates": [
          [
            3.593261136477727e-05,
            9.043694770502092e-06,
            0
          ],
          [
            3.966061979386985e-05,
            9.043694770501696e-06,
            0
          ],
          [
            4.693408642089953e-05,
            9.043694770500808e-06,
            0
          ],
          [
            4.693697359523664e-05,
            9.043694770500806e-06,
            0
          ],
          [
            5.057515049592909e-05,
            9.043694770500307e-06,
            0
          ],
          [
            5.237288304768208e-05,
            9.045049347982361e-06,
            0
          ],
          [
            5.4035443375376026e-05,
            9.074077541667862e-06,
            0
          ],
          [
            5.557634917614357e-05,
            9.174721738536046e-06,
            0
          ],
          [
            5.694711974685829e-05,
            9.375667119339016e-06,
            0
          ]
        ],
        "type": "LineString"
      },
      "properties": {
        "Id": "{8f080502-2375-3eac-b7fc-56633bf4fe13}",
        "LaneType": "Shoulder",
        "LeftBoundary": {
          "Dir": "Forward",
          "Id": "{411b7c9f-e0e0-3ef5-907a-f98910076800}"
        },
        "Predecessors": [
          {
            "Dir": "Forward",
            "Id": "{08813237-5729-3f61-8a5a-532e9b19147d}"
          }
        ],
        "RightBoundary": {
          "Dir": "Forward",
          "Id": "{9b7d0960-5939-385c-a668-de1551b8a192}"
        },
        "Successors": [
          {
            "Dir": "Forward",
            "Id": "{0cdb6331-2b94-3d00-a2c5-6f6c6d918aee}"
          }
        ],
        "TravelDir": "Undirected",
        "Type": "Lane"
      },
      "type": "Feature"
    },
    {
      "geometry": {
        "coordinates": [
          [
            3.593261136477713e-05,
            7.461048185664237e-06,
            0
          ],
          [
            3.966061979386969e-05,
            7.461048185663906e-06,
            0
          ],
          [
            4.693408642089934e-05,
            7.461048185663171e-06,
            0
          ],
          [
            4.693697359523646e-05,
            7.461048185663169e-06,
            0
          ],
          [
            5.057515049592889e-05,
            7.461048185662757e-06,
            0
          ],
          [
            5.237967958778858e-05,
            7.462417554163087e-06,
            0
          ],
          [
            5.409195271716085e-05,
            7.492453781350835e-06,
            0
          ],
          [
            5.573340418548129e-05,
            7.599993082669888e-06,
            0
          ],
          [
            5.725375224510607e-05,
            7.823418714316352e-06,
            0
          ]
        ],
        "type": "LineString"
      },
      "properties": {
        "Id": "{1e12637d-f37c-3239-a22d-4768bc623264}",
        "LaneType": "Driving",
        "LeftBoundary": {
          "Dir": "Forward",
          "Id": "{9b7d0960-5939-385c-a668-de1551b8a192}"
        },
        "Predecessors": [
          {
            "Dir": "Forward",
            "Id": "{8ac7a352-1683-3a54-9a41-9cc2acd5d423}"
          }
        ],
        "RightBoundary": {
          "Dir": "Forward",
          "Id": "{5ad65e90-285a-3347-890a-f67f79cdf2c6}"
        },
        "SpeedLimit": "40mph",
        "Successors": [
          {
            "Dir": "Forward",
            "Id": "{238ee232-911b-3680-9140-764001a85f2a}"
          }
        ],
        "TravelDir": "Backward",
        "Type": "Lane"
      },
      "type": "Feature"
    },
    {
      "geometry": {
        "coordinates": [
          [
            3.5932611364776974e-05,
            5.20012449303873e-06,
            0
          ],
          [
            3.9660619793869524e-05,
            5.200124493038497e-06,
            0
          ],
          [
            4.693408642089914e-05,
            5.200124493037981e-06,
            0
          ],
          [
            4.693697359523624e-05,
            5.2001244930379795e-06,
            0
          ],
          [
            5.4172680348279805e-05,
            5.232991266612235e-06,
            0
          ],
          [
            5.595776848452157e-05,
            5.350380717146813e-06,
            0
          ],
          [
            5.769179867117667e-05,
            5.605920992855429e-06,
            0
          ]
        ],
        "type": "LineString"
      },
      "properties": {
        "Id": "{e4a93cf2-c019-3e0f-a62b-a0a523137103}",
        "LaneType": "Driving",
        "LeftBoundary": {
          "Dir": "Forward",
          "Id": "{5ad65e90-285a-3347-890a-f67f79cdf2c6}"
        },
        "Predecessors": [
          {
            "Dir": "Forward",
            "Id": "{a83713ba-fed9-3654-a4f6-d0973bec2c3b}"
          }
        ],
        "RightBoundary": {
          "Dir": "Forward",
          "Id": "{768988de-35f2-38f0-9bac-922a4a093633}"
        },
        "SpeedLimit": "40mph",
        "Successors": [
          {
            "Dir": "Forward",
            "Id": "{d37cd5d9-6651-33c9-ae06-945b4ac67729}"
          }
        ],
        "TravelDir": "Backward",
        "Type": "Lane"
      },
      "type": "Feature"
    },
    {
      "geometry": {
        "coordinates": [
          [
            3.5932611364776865e-05,
            2.939200800413222e-06,
            0
          ],
          [
            3.9660619793869415e-05,
            2.939200800413088e-06,
            0
          ],
          [
            4.693408642089901e-05,
            2.939200800412789e-06,
            0
          ],
          [
            4.6936973595236114e-05,
            2.939200800412789e-06,
            0
          ],
          [
            5.4253407979401514e-05,
            2.973528751873641e-06,
            0
          ],
          [
            5.618213278356456e-05,
            3.1007683516237573e-06,
            0
          ],
          [
            5.8129845097250025e-05,
            3.3884232713945423e-06,
            0
          ]
        ],
        "type": "LineString"
      },
      "properties": {
        "Id": "{86c90519-5442-3557-a1a6-0300bfe276c7}",
        "LaneType": "Driving",
        "LeftBoundary": {
          "Dir": "Forward",
          "Id": "{768988de-35f2-38f0-9bac-922a4a093633}"
        },
        "Predecessors": [
          {
            "Dir": "Forward",
            "Id": "{e3a70a5e-f0c4-35cd-bb9e-10ab5c9a61eb}"
          }
        ],
        "RightBoundary": {
          "Dir": "Forward",
          "Id": "{29ec83fc-467d-3b95-bd07-84747704121c}"
        },
        "SpeedLimit": "40mph",
        "Successors": [
          {
            "Dir": "Forward",
            "Id": "{9477ae27-d456-30ad-83c6-9732581f9af6}"
          }
        ],
        "TravelDir": "Forward",
        "Type": "Lane"
      },
      "type": "Feature"
    },
    {
      "geometry": {
        "coordinates": [
          [
            3.5932611364776825e-05,
            9.043694770502652e-07,
            0
          ],
          [
            3.966061979386936e-05,
            9.043694770502185e-07,
            0
          ],
          [
            4.6934086420898935e-05,
            9.043694770501167e-07,
            0
          ],
          [
            4.693697359523605e-05,
            9.043694770501165e-07,
            0
          ],
          [
            5.057515049592846e-05,
            9.0436947705006e-07,
            0
          ],
          [
            5.240783668254027e-05,
            9.058001226260969e-07,
            0
          ],
          [
            5.432606284741457e-05,
            9.400124886089111e-07,
            0
          ],
          [
            5.638406065271214e-05,
            1.0761172226530226e-06,
            0
          ],
          [
            5.8524086880713186e-05,
            1.3926753220797724e-06,
            0
          ]
        ],
        "type": "LineString"
      },
      "properties": {
        "Id": "{cf3110de-4a60-3d17-81d9-2f8c45a9fd5a}",
        "LaneType": "Shoulder",
        "LeftBoundary": {
          "Dir": "Forward",
          "Id": "{29ec83fc-467d-3b95-bd07-84747704121c}"
        },
        "Predecessors": [
          {
            "Dir": "Forward",
            "Id": "{af92f6b8-7bd6-37fd-b59d-256a84ed59c3}"
          }
        ],
        "RightBoundary": {
          "Dir": "Forward",
          "Id": "{db92689e-7217-3713-99c8-627bd6b12477}"
        },
        "Successors": [
          {
            "Dir": "Forward",
            "Id": "{fced2539-87b7-34d6-b168-d047f97a06fc}"
          }
        ],
        "TravelDir": "Undirected",
        "Type": "Lane"
      },
      "type": "Feature"
    },
    {
      "geometry": {
        "coordinates": [
          [
            1.42394294894048e-05,
            3.19965920980415e-05,
            0
          ],
          [
            1.4745437537468288e-05,
            3.199659209804142e-05,
            0
          ],
          [
            1.678769340734191e-05,
            3.1996592098041105e-05,
            0
          ],
          [
            1.697453400705918e-05,
            3.199659209804108e-05,
            0
          ],
          [
            1.826710202547946e-05,
            3.199659209804085e-05,
            0
          ],
          [
            2.228410838117467e-05,
            3.1996592098040055e-05,
            0
          ],
          [
            2.229523772115778e-05,
            3.1996592098040055e-05,
            0
          ]
        ],
        "type": "LineString"
      },
      "properties": {
        "Id": "{7486d4f4-73f2-3952-a392-129a1e5c1020}",
        "LaneType": "Sidewalk",
        "LeftBoundary": {
          "Dir": "Forward",
          "Id": "{11c35714-87f2-3703-a4f7-665006d7f910}"
        },
        "Predecessors": [
          {
            "Dir": "Forward",
            "Id": "{97da7116-c497-31b2-a9dc-c79131cdb50b}"
          }
        ],
        "RightBoundary": {
          "Dir": "Forward",
          "Id": "{6295a338-7114-3e2b-999b-e7a708174ddf}"
        },
        "Successors": [
          {
            "Dir": "Forward",
            "Id": "{fdfd3050-d0ca-3888-a273-6de72dcc949e}"
          }
        ],
        "TravelDir": "Undirected",
        "Type": "Lane"
      },
      "type": "Feature"
    },
    {
      "geometry": {
        "coordinates": [
          [
            1.4239429489404574e-05,
            3.033255226026884e-05,
            0
          ],
          [
            1.4745437537468054e-05,
            3.0332552260268773e-05,
            0
          ],
          [
            1.678769340734165e-05,
            3.0332552260268475e-05,
            0
          ],
          [
            1.6974534007058916e-05,
            3.033255226026845e-05,
            0
          ],
          [
            1.8267102025479173e-05,
            3.0332552260268234e-05,
            0
          ],
          [
            2.2284108381174317e-05,
            3.0332552260267475e-05,
            0
          ],
          [
            2.229523772115743e-05,
            3.0332552260267475e-05,
            0
          ]
        ],
        "type": "LineString"
      },
      "properties": {
        "Id": "{941bfc7d-ee23-3e1f-9ac7-a3b2959ebcee}",
        "LaneType": "Curb",
        "LeftBoundary": {
          "Dir": "Forward",
          "Id": "{6295a338-7114-3e2b-999b-e7a708174ddf}"
        },
        "Predecessors": [],
        "RightBoundary": {
          "Dir": "Forward",
          "Id": "{b1e0711c-ba3f-3cce-b4c3-56996edc3b91}"
        },
        "Successors": [],
        "TravelDir": "Undirected",
        "Type": "Lane"
      },
      "type": "Feature"
    },
    {
      "geometry": {
        "coordinates": [
          [
            1.4239429489404424e-05,
            2.9165915634873897e-05,
            0
          ],
          [
            1.47454375374679e-05,
            2.916591563487383e-05,
            0
          ],
          [
            1.6787693407341474e-05,
            2.9165915634873538e-05,
            0
          ],
          [
            1.6974534007058733e-05,
            2.9165915634873514e-05,
            0
          ],
          [
            1.826710202547898e-05,
            2.9165915634873304e-05,
            0
          ],
          [
            2.228410838117408e-05,
            2.9165915634872582e-05,
            0
          ],
          [
            2.2295237721157194e-05,
            2.9165915634872582e-05,
            0
          ]
        ],
        "type": "LineString"
      },
      "properties": {
        "Id": "{f17276b1-f9be-37ab-9f82-10bd18e178a1}",
        "LaneType": "Driving",
        "LeftBoundary": {
          "Dir": "Forward",
          "Id": "{b1e0711c-ba3f-3cce-b4c3-56996edc3b91}"
        },
        "Predecessors": [
          {
            "Dir": "Forward",
            "Id": "{b0dac25a-9652-3aa9-99a4-f49fbd873a80}"
          }
        ],
        "RightBoundary": {
          "Dir": "Forward",
          "Id": "{45b1c6b8-b826-38ac-9fa4-19243cc020e9}"
        },
        "SpeedLimit": "40mph",
        "Successors": [
          {
            "Dir": "Forward",
            "Id": "{e2cee8a7-973a-3782-9787-da4bd95b164a}"
          }
        ],
        "TravelDir": "Backward",
        "Type": "Lane"
      },
      "type": "Feature"
    },
    {
      "geometry": {
        "coordinates": [
          [
            1.4239429489404152e-05,
            2.6904991942248015e-05,
            0
          ],
          [
            1.4745437537467617e-05,
            2.6904991942247958e-05,
            0
          ],
          [
            1.6787693407341152e-05,
            2.6904991942247687e-05,
            0
          ],
          [
            1.6974534007058415e-05,
            2.6904991942247663e-05,
            0
          ],
          [
            1.826710202547863e-05,
            2.6904991942247476e-05,
            0
          ],
          [
            2.2284108381173657e-05,
            2.6904991942246802e-05,
            0
          ],
          [
            2.2295237721156768e-05,
            2.69049919422468e-05,
            0
          ]
        ],
        "type": "LineString"
      },
      "properties": {
        "Id": "{b1fa3ebf-dd85-38f4-ac33-f4b35ecfed00}",
        "LaneType": "Driving",
        "LeftBoundary": {
          "Dir": "Forward",
          "Id": "{45b1c6b8-b826-38ac-9fa4-19243cc020e9}"
        },
        "Predecessors": [
          {
            "Dir": "Forward",
            "Id": "{a0af5911-f04e-39c4-968b-cc86bb49c515}"
          }
        ],
        "RightBoundary": {
          "Dir": "Forward",
          "Id": "{1139d69a-a1de-3d87-a6db-76f98eecf4a6}"
        },
        "SpeedLimit": "40mph",
        "Successors": [
          {
            "Dir": "Forward",
            "Id": "{3a4ec57a-c1c6-34b1-918d-82c5f22986f8}"
          }
        ],
        "TravelDir": "Forward",
        "Type": "Lane"
      },
      "type": "Feature"
    },
    {
      "geometry": {
        "coordinates": [
          [
            1.4239429489404018e-05,
            2.5729311622082556e-05,
            0
          ],
          [
            1.4745437537467478e-05,
            2.5729311622082502e-05,
            0
          ],
          [
            1.6787693407340993e-05,
            2.572931162208224e-05,
            0
          ],
          [
            1.6974534007058252e-05,
            2.572931162208222e-05,
            0
          ],
          [
            1.826710202547846e-05,
            2.572931162208204e-05,
            0
          ],
          [
            2.2284108381173447e-05,
            2.5729311622081398e-05,
            0
          ],
          [
            2.229523772115656e-05,
            2.5729311622081394e-05,
            0
          ]
        ],
        "type": "LineString"
      },
      "properties": {
        "Id": "{d41c1a0b-885b-3776-87cc-f2f37fcf4fb5}",
        "LaneType": "Curb",
        "LeftBoundary": {
          "Dir": "Forward",
          "Id": "{1139d69a-a1de-3d87-a6db-76f98eecf4a6}"
        },
        "Predecessors": [],
        "RightBoundary": {
          "Dir": "Forward",
          "Id": "{953982f7-7278-388c-8acc-e327600b8e8d}"
        },
        "Successors": [],
        "TravelDir": "Undirected",
        "Type": "Lane"
      },
      "type": "Feature"
    },
    {
      "geometry": {
        "coordinates": [
          [
            1.4239429489403928e-05,
            2.487016061888472e-05,
            0
          ],
          [
            1.4745437537467381e-05,
            2.4870160618884665e-05,
            0
          ],
          [
            1.6787693407340885e-05,
            2.4870160618884415e-05,
            0
          ],
          [
            1.697453400705814e-05,
            2.4870160618884394e-05,
            0
          ],
          [
            1.8267102025478343e-05,
            2.4870160618884218e-05,
            0
          ],
          [
            2.22841083811733e-05,
            2.48701606188836e-05,
            0
          ],
          [
            2.2295237721156412e-05,
            2.4870160618883598e-05,
            0
          ]
        ],
        "type": "LineString"
      },
      "properties": {
        "Id": "{da3c228c-f54d-361e-879e-d86c6f304579}",
        "LaneType": "Sidewalk",
        "LeftBoundary": {
          "Dir": "Forward",
          "Id": "{953982f7-7278-388c-8acc-e327600b8e8d}"
        },
        "Predecessors": [
          {
            "Dir": "Forward",
            "Id": "{4c198372-6b88-3cb9-93a4-c6ea0996c532}"
          }
        ],
        "RightBoundary": {
          "Dir": "Forward",
          "Id": "{ff7a5bf3-7afd-3e7a-b7dc-b44c526892cf}"
        },
        "Successors": [
          {
            "Dir": "Forward",
            "Id": "{9cf94e3e-135e-3aa3-bbea-a9a862fa7075}"
          }
        ],
        "TravelDir": "Undirected",
        "Type": "Lane"
      },
      "type": "Feature"
    },
    {
      "geometry": {
        "coordinates": [
          [
            6.422954281454216e-05,
            2.7131084311494277e-05,
            0
          ],
          [
            6.422954281454721e-05,
            3.5451282894577884e-05,
            0
          ]
        ],
        "type": "LineString"
      },
      "properties": {
        "Id": "{c8f7516e-8add-3a8f-8554-3588eca00744}",
        "LaneType": "Shoulder",
        "LeftBoundary": {
          "Dir": "Forward",
          "Id": "{f87f6adc-9ed6-35af-bdb7-f65a51878891}"
        },
        "Predecessors": [
          {
            "Dir": "Forward",
            "Id": "{cd7239e3-c782-3548-b03b-c7a0eb4eb08e}"
          }
        ],
        "RightBoundary": {
          "Dir": "Forward",
          "Id": "{e937ef62-02d5-3469-955c-97bc55ce71e5}"
        },
        "Successors": [
          {
            "Dir": "Forward",
            "Id": "{ba73e649-38b6-3560-abbc-17151e01b345}"
          }
        ],
        "TravelDir": "Undirected",
        "Type": "Lane"
      },
      "type": "Feature"
    },
    {
      "geometry": {
        "coordinates": [
          [
            6.580159456174523e-05,
            2.713108431149343e-05,
            0
          ],
          [
            6.580159456175041e-05,
            3.5451282894576766e-05,
            0
          ]
        ],
        "type": "LineString"
      },
      "properties": {
        "Id": "{84c31fc3-f8c7-366c-a4f4-48e8186e65be}",
        "LaneType": "Driving",
        "LeftBoundary": {
          "Dir": "Forward",
          "Id": "{e937ef62-02d5-3469-955c-97bc55ce71e5}"
        },
        "Predecessors": [
          {
            "Dir": "Forward",
            "Id": "{fe4fa9df-01f2-3827-8962-f9bbf086bfc1}"
          }
        ],
        "RightBoundary": {
          "Dir": "Forward",
          "Id": "{232dc22a-9934-376e-bc43-f764104cb102}"
        },
        "SpeedLimit": "40mph",
        "Successors": [
          {
            "Dir": "Forward",
            "Id": "{7632f752-06f5-3494-804d-715cd858c96c}"
          }
        ],
        "TravelDir": "Backward",
        "Type": "Lane"
      },
      "type": "Feature"
    },
    {
      "geometry": {
        "coordinates": [
          [
            6.804738277204898e-05,
            2.7131084311492183e-05,
            0
          ],
          [
            6.804738277205434e-05,
            3.545128289457514e-05,
            0
          ]
        ],
        "type": "LineString"
      },
      "properties": {
        "Id": "{02200d70-8145-380c-b8c7-a73c4f8ebaa6}",
        "LaneType": "Driving",
        "LeftBoundary": {
          "Dir": "Forward",
          "Id": "{232dc22a-9934-376e-bc43-f764104cb102}"
        },
        "Predecessors": [
          {
            "Dir": "Forward",
            "Id": "{7fbba338-806a-3254-bab8-1d5c1b9bc361}"
          }
        ],
        "RightBoundary": {
          "Dir": "Forward",
          "Id": "{4fdb00a3-f040-3925-b7ae-155e202ce5d3}"
        },
        "SpeedLimit": "40mph",
        "Successors": [
          {
            "Dir": "Forward",
            "Id": "{f1a794ae-656d-3656-a0aa-51614ff70e98}"
          }
        ],
        "TravelDir": "Forward",
        "Type": "Lane"
      },
      "type": "Feature"
    },
    {
      "geometry": {
        "coordinates": [
          [
            7.006859216131107e-05,
            2.7131084311491018e-05,
            0
          ],
          [
            7.006859216131658e-05,
            3.545128289457363e-05,
            0
          ]
        ],
        "type": "LineString"
      },
      "properties": {
        "Id": "{e823f108-1b63-3703-938e-d1b2c0c63b9a}",
        "LaneType": "Shoulder",
        "LeftBoundary": {
          "Dir": "Forward",
          "Id": "{4fdb00a3-f040-3925-b7ae-155e202ce5d3}"
        },
        "Predecessors": [
          {
            "Dir": "Forward",
            "Id": "{b86ebae7-5bd7-3cbd-8ad0-a2a5e199c473}"
          }
        ],
        "RightBoundary": {
          "Dir": "Forward",
          "Id": "{96cccf6f-525a-3880-94e1-9742fffe0540}"
        },
        "Successors": [
          {
            "Dir": "Forward",
            "Id": "{fd491c5a-8624-3c9f-a966-8a21c55d829e}"
          }
        ],
        "TravelDir": "Undirected",
        "Type": "Lane"
      },
      "type": "Feature"
    },
    {
      "geometry": {
        "coordinates": [
          [
            6.422954281454721e-05,
            3.5451282894577884e-05,
            0
          ],
          [
            6.422954281454806e-05,
            3.664787575382545e-05,
            0
          ],
          [
            6.422954281454953e-05,
            3.866107312226284e-05,
            0
          ],
          [
            6.418997561778444e-05,
            4.101821551941001e-05,
            0
          ],
          [
            6.410227996303074e-05,
            4.208682696273058e-05,
            0
          ],
          [
            6.394314857603894e-05,
            4.3075091820727843e-05,
            0
          ],
          [
            6.365275440370436e-05,
            4.4111159968446494e-05,
            0
          ],
          [
            6.32452006038207e-05,
            4.500098958309136e-05,
            0
          ],
          [
            6.260905691451249e-05,
            4.584800932120787e-05,
            0
          ],
          [
            6.259402763291332e-05,
            4.5863046799091774e-05,
            0
          ]
        ],
        "type": "LineString"
      },
      "properties": {
        "Id": "{ba73e649-38b6-3560-abbc-17151e01b345}",
        "LaneType": "Shoulder",
        "LeftBoundary": {
          "Dir": "Forward",
          "Id": "{c84ff06a-9633-3616-beef-0c672b8b5298}"
        },
        "Predecessors": [
          {
            "Dir": "Forward",
            "Id": "{c8f7516e-8add-3a8f-8554-3588eca00744}"
          }
        ],
        "RightBoundary": {
          "Dir": "Forward",
          "Id": "{55d9d4a1-7b85-310e-9f0d-89ed7a2140fd}"
        },
        "Successors": [
          {
            "Dir": "Forward",
            "Id": "{0e42fcc3-32e5-3fd8-bd60-7b257125fe52}"
          }
        ],
        "TravelDir": "Undirected",
        "Type": "Lane"
      },
      "type": "Feature"
    },
    {
      "geometry": {
        "coordinates": [
          [
            6.580159456175041e-05,
            3.5451282894576766e-05,
            0
          ],
          [
            6.580159456175128e-05,
            3.664787575382431e-05,
            0
          ],
          [
            6.58015945617528e-05,
            3.866107312226162e-05,
            0
          ],
          [
            6.575987925601632e-05,
            4.110092309082337e-05,
            0
          ],
          [
            6.566346263066739e-05,
            4.2272611658512364e-05,
            0
          ],
          [
            6.548092602315813e-05,
            4.340376909211146e-05,
            0
          ],
          [
            6.513011508776569e-05,
            4.465213807168708e-05,
            0
          ],
          [
            6.460629565265993e-05,
            4.579290840765384e-05,
            0
          ],
          [
            6.419712835978215e-05,
            4.6415137304802567e-05,
            0
          ],
          [
            6.37206610545939e-05,
            4.696711379334982e-05,
            0
          ],
          [
            6.369876689626306e-05,
            4.698901994120703e-05,
            0
          ]
        ],
        "type": "LineString"
      },
      "properties": {
        "Id": "{7632f752-06f5-3494-804d-715cd858c96c}",
        "LaneType": "Driving",
        "LeftBoundary": {
          "Dir": "Forward",
          "Id": "{55d9d4a1-7b85-310e-9f0d-89ed7a2140fd}"
        },
        "Predecessors": [
          {
            "Dir": "Forward",
            "Id": "{84c31fc3-f8c7-366c-a4f4-48e8186e65be}"
          }
        ],
        "RightBoundary": {
          "Dir": "Forward",
          "Id": "{62f32fdd-4395-3f2c-bda6-1d61404bd6b6}"
        },
        "SpeedLimit": "40mph",
        "Successors": [
          {
            "Dir": "Forward",
            "Id": "{342ce16e-c729-3950-8d5b-40b90658ec0e}"
          }
        ],
        "TravelDir": "Backward",
        "Type": "Lane"
      },
      "type": "Feature"
    },
    {
      "geometry": {
        "coordinates": [
          [
            6.804738277205434e-05,
            3.545128289457514e-05,
            0
          ],
          [
            6.804738277205524e-05,
            3.664787575382262e-05,
            0
          ],
          [
            6.80473827720568e-05,
            3.866107312225984e-05,
            0
          ],
          [
            6.800259873921682e-05,
            4.121907676427097e-05,
            0
          ],
          [
            6.789372358442405e-05,
            4.253801836677199e-05,
            0
          ],
          [
            6.767775094762358e-05,
            4.3873308051230796e-05,
            0
          ],
          [
            6.724063035071726e-05,
            4.542496393345924e-05,
            0
          ],
          [
            6.655071715100437e-05,
            4.692422101417157e-05,
            0
          ],
          [
            6.598750755176677e-05,
            4.7780042559929044e-05,
            0
          ],
          [
            6.530866696899522e-05,
            4.8565834467838226e-05,
            0
          ],
          [
            6.527696584390068e-05,
            4.8597553001371585e-05,
            0
          ]
        ],
        "type": "LineString"
      },
      "properties": {
        "Id": "{f1a794ae-656d-3656-a0aa-51614ff70e98}",
        "LaneType": "Driving",
        "LeftBoundary": {
          "Dir": "Forward",
          "Id": "{62f32fdd-4395-3f2c-bda6-1d61404bd6b6}"
        },
        "Predecessors": [
          {
            "Dir": "Forward",
            "Id": "{02200d70-8145-380c-b8c7-a73c4f8ebaa6}"
          }
        ],
        "RightBoundary": {
          "Dir": "Forward",
          "Id": "{fbba02bc-78b0-301b-9405-fc507c1d4af1}"
        },
        "SpeedLimit": "40mph",
        "Successors": [
          {
            "Dir": "Forward",
            "Id": "{33a6ca6a-93cc-39b6-a711-e7d7ff017342}"
          }
        ],
        "TravelDir": "Forward",
        "Type": "Lane"
      },
      "type": "Feature"
    },
    {
      "geometry": {
        "coordinates": [
          [
            7.006859216131658e-05,
            3.545128289457363e-05,
            0
          ],
          [
            7.00685921613175e-05,
            3.664787575382105e-05,
            0
          ],
          [
            7.00685921613191e-05,
            3.866107312225819e-05,
            0
          ],
          [
            7.002104627409614e-05,
            4.1325415070373744e-05,
            0
          ],
          [
            6.990095844280284e-05,
            4.277688440420556e-05,
            0
          ],
          [
            6.965489337964109e-05,
            4.429589311443812e-05,
            0
          ],
          [
            6.914009408737204e-05,
            4.612050720905406e-05,
            0
          ],
          [
            6.876592142457611e-05,
            4.703722273925694e-05,
            0
          ],
          [
            6.830069649951734e-05,
            4.794240236003741e-05,
            0
          ],
          [
            6.75988488245628e-05,
            4.900845728954276e-05,
            0
          ],
          [
            6.673787229195219e-05,
            5.000468307487767e-05,
            0
          ],
          [
            6.669734489678022e-05,
            5.0045232755519535e-05,
            0
          ]
        ],
        "type": "LineString"
      },
      "properties": {
        "Id": "{fd491c5a-8624-3c9f-a966-8a21c55d829e}",
        "LaneType": "Shoulder",
        "LeftBoundary": {
          "Dir": "Forward",
          "Id": "{fbba02bc-78b0-301b-9405-fc507c1d4af1}"
        },
        "Predecessors": [
          {
            "Dir": "Forward",
            "Id": "{e823f108-1b63-3703-938e-d1b2c0c63b9a}"
          }
        ],
        "RightBoundary": {
          "Dir": "Forward",
          "Id": "{a15ddfbc-6a9b-329b-beaf-07c996a9554c}"
        },
        "Successors": [
          {
            "Dir": "Forward",
            "Id": "{99f53ded-feac-3ee6-b32d-a36096c9c3bb}"
          }
        ],
        "TravelDir": "Undirected",
        "Type": "Lane"
      },
      "type": "Feature"
    },
    {
      "geometry": {
        "coordinates": [
          [
            6.259402763291332e-05,
            4.5863046799091774e-05,
            0
          ],
          [
            6.204791107269579e-05,
            4.631170511287286e-05,
            0
          ],
          [
            6.1376938181309e-05,
            4.669332469957042e-05,
            0
          ],
          [
            6.059663781137759e-05,
            4.699654657047194e-05,
            0
          ],
          [
            5.9721811903662864e-05,
            4.721846357698682e-05,
            0
          ],
          [
            5.876471395249434e-05,
            4.736371916877018e-05,
            0
          ],
          [
            5.773412322001044e-05,
            4.744350386805751e-05,
            0
          ],
          [
            5.5470204122862495e-05,
            4.7479397545122544e-05,
            0
          ],
          [
            5.391046452576549e-05,
            4.747939754512379e-05,
            0
          ],
          [
            4.325913730020105e-05,
            4.7479397545131326e-05,
            0
          ]
        ],
        "type": "LineString"
      },
      "properties": {
        "Id": "{0e42fcc3-32e5-3fd8-bd60-7b257125fe52}",
        "LaneType": "Shoulder",
        "LeftBoundary": {
          "Dir": "Forward",
          "Id": "{c4e50ee1-8b22-3bb3-a580-be3d81ceff0f}"
        },
        "Predecessors": [
          {
            "Dir": "Forward",
            "Id": "{ba73e649-38b6-3560-abbc-17151e01b345}"
          }
        ],
        "RightBoundary": {
          "Dir": "Forward",
          "Id": "{43f162c4-1514-3166-b6ba-de59ab53c2c5}"
        },
        "Successors": [
          {
            "Dir": "Forward",
            "Id": "{f6a1f604-8781-374e-acb0-9dbbc4e0a5c1}"
          }
        ],
        "TravelDir": "Undirected",
        "Type": "Lane"
      },
      "type": "Feature"
    },
    {
      "geometry": {
        "coordinates": [
          [
            6.369876689626306e-05,
            4.698901994120703e-05,
            0
          ],
          [
            6.29310819493689e-05,
            4.7620991367443034e-05,
            0
          ],
          [
            6.20440449798498e-05,
            4.812640527711042e-05,
            0
          ],
          [
            6.1067684562383e-05,
            4.8506475146808833e-05,
            0
          ],
          [
            6.0026024679772424e-05,
            4.8771194454131844e-05,
            0
          ],
          [
            5.7810602597979434e-05,
            4.902427646766e-05,
            0
          ],
          [
            5.547020412286378e-05,
            4.906204412995995e-05,
            0
          ],
          [
            5.391046452576673e-05,
            4.906204412996123e-05,
            0
          ],
          [
            4.325913730020205e-05,
            4.9062044129969026e-05,
            0
          ]
        ],
        "type": "LineString"
      },
      "properties": {
        "Id": "{342ce16e-c729-3950-8d5b-40b90658ec0e}",
        "LaneType": "Driving",
        "LeftBoundary": {
          "Dir": "Forward",
          "Id": "{43f162c4-1514-3166-b6ba-de59ab53c2c5}"
        },
        "Predecessors": [
          {
            "Dir": "Backward",
            "Id": "{bfde17cd-2a65-3a42-b67c-6b3658f6f7f8}"
          },
          {
            "Dir": "Forward",
            "Id": "{7632f752-06f5-3494-804d-715cd858c96c}"
          }
        ],
        "RightBoundary": {
          "Dir": "Forward",
          "Id": "{e549023a-6c43-3921-8f27-273daedf95f4}"
        },
        "SpeedLimit": "40mph",
        "Successors": [
          {
            "Dir": "Forward",
            "Id": "{f3bfd945-629c-378b-895e-11ad350d0e17}"
          }
        ],
        "TravelDir": "Backward",
        "Type": "Lane"
      },
      "type": "Feature"
    },
    {
      "geometry": {
        "coordinates": [
          [
            6.527696584390068e-05,
            4.8597553001371585e-05,
            0
          ],
          [
            6.419275463032528e-05,
            4.949140030254319e-05,
            0
          ],
          [
            6.299705469204266e-05,
            5.0173663245024605e-05,
            0
          ],
          [
            6.174060849238326e-05,
            5.06635159701472e-05,
            0
          ],
          [
            6.046061435992789e-05,
            5.0989381421481824e-05,
            0
          ],
          [
            5.918203980651301e-05,
            5.118425789853295e-05,
            0
          ],
          [
            5.7919858852232346e-05,
            5.128252303852072e-05,
            0
          ],
          [
            5.547020412286569e-05,
            5.132296782258483e-05,
            0
          ],
          [
            5.391046452576858e-05,
            5.132296782258617e-05,
            0
          ],
          [
            4.3259137300203535e-05,
            5.1322967822594325e-05,
            0
          ]
        ],
        "type": "LineString"
      },
      "properties": {
        "Id": "{33a6ca6a-93cc-39b6-a711-e7d7ff017342}",
        "LaneType": "Driving",
        "LeftBoundary": {
          "Dir": "Forward",
          "Id": "{e549023a-6c43-3921-8f27-273daedf95f4}"
        },
        "Predecessors": [
          {
            "Dir": "Forward",
            "Id": "{f1a794ae-656d-3656-a0aa-51614ff70e98}"
          },
          {
            "Dir": "Forward",
            "Id": "{2d9b7396-75ec-358f-a5f1-ba34b6bca5a4}"
          }
        ],
        "RightBoundary": {
          "Dir": "Forward",
          "Id": "{d70f4a91-8537-37a0-a496-54f66d74420c}"
        },
        "SpeedLimit": "40mph",
        "Successors": [
          {
            "Dir": "Forward",
            "Id": "{9f8b1b7e-0b59-3fc0-8bd6-5331d2183088}"
          }
        ],
        "TravelDir": "Forward",
        "Type": "Lane"
      },
      "type": "Feature"
    },
    {
      "geometry": {
        "coordinates": [
          [
            6.669734489678022e-05,
            5.0045232755519535e-05,
            0
          ],
          [
            6.532826004318823e-05,
            5.1174768344133226e-05,
            0
          ],
          [
            6.385476343301741e-05,
            5.201619541614731e-05,
            0
          ],
          [
            6.234624002938625e-05,
            5.2604852711151695e-05,
            0
          ],
          [
            6.08517450720708e-05,
            5.2985749692096775e-05,
            0
          ],
          [
            5.940297702334702e-05,
            5.3206896049583814e-05,
            0
          ],
          [
            5.801818948106273e-05,
            5.331494495229535e-05,
            0
          ],
          [
            5.547020412286748e-05,
            5.3357799145947216e-05,
            0
          ],
          [
            5.3910464525770325e-05,
            5.3357799145948605e-05,
            0
          ],
          [
            4.325913730020494e-05,
            5.3357799145957075e-05,
            0
          ]
        ],
        "type": "LineString"
      },
      "properties": {
        "Id": "{99f53ded-feac-3ee6-b32d-a36096c9c3bb}",
        "LaneType": "Shoulder",
        "LeftBoundary": {
          "Dir": "Forward",
          "Id": "{d70f4a91-8537-37a0-a496-54f66d74420c}"
        },
        "Predecessors": [
          {
            "Dir": "Forward",
            "Id": "{fd491c5a-8624-3c9f-a966-8a21c55d829e}"
          }
        ],
        "RightBoundary": {
          "Dir": "Forward",
          "Id": "{a9145012-7668-321e-983f-d43ba3c63dee}"
        },
        "Successors": [
          {
            "Dir": "Forward",
            "Id": "{5574367a-06d0-3011-b3d8-2e484623472b}"
          }
        ],
        "TravelDir": "Undirected",
        "Type": "Lane"
      },
      "type": "Feature"
    },
    {
      "geometry": {
        "coordinates": [
          [
            2.851983071003285e-05,
            4.747939754513905e-05,
            0
          ],
          [
            2.0842255888687577e-05,
            4.74793975451418e-05,
            0
          ],
          [
            1.7646118443757928e-05,
            4.7433815829065136e-05,
            0
          ],
          [
            1.6138985720256193e-05,
            4.7329906704915745e-05,
            0
          ],
          [
            1.469967238022046e-05,
            4.713567430970406e-05,
            0
          ],
          [
            1.3339509124072737e-05,
            4.682978992666241e-05,
            0
          ],
          [
            1.2075509536202026e-05,
            4.639683074907933e-05,
            0
          ],
          [
            1.0930369638619365e-05,
            4.5828825278690705e-05,
            0
          ],
          [
            9.953804277373753e-06,
            4.514276608406237e-05,
            0
          ]
        ],
        "type": "LineString"
      },
      "properties": {
        "Id": "{08785333-6142-36f3-9d6f-b39cc60ff910}",
        "LaneType": "Shoulder",
        "LeftBoundary": {
          "Dir": "Forward",
          "Id": "{b383212e-64ca-3cd4-bf51-439086c5f958}"
        },
        "Predecessors": [
          {
            "Dir": "Forward",
            "Id": "{d58145bb-f95a-34d8-8f2c-e5dedb6d7c0e}"
          }
        ],
        "RightBoundary": {
          "Dir": "Forward",
          "Id": "{be043293-fb14-3312-992d-9c7bb54f7363}"
        },
        "Successors": [
          {
            "Dir": "Forward",
            "Id": "{a782249b-4bc8-347f-9f53-889e7a855944}"
          }
        ],
        "TravelDir": "Undirected",
        "Type": "Lane"
      },
      "type": "Feature"
    },
    {
      "geometry": {
        "coordinates": [
          [
            2.85198307100335e-05,
            4.906204412997701e-05,
            0
          ],
          [
            2.0842255888688055e-05,
            4.9062044129979854e-05,
            0
          ],
          [
            1.7578081681324526e-05,
            4.901497951664757e-05,
            0
          ],
          [
            1.5986081453782984e-05,
            4.890504933364699e-05,
            0
          ],
          [
            1.442875346307081e-05,
            4.869464207735775e-05,
            0
          ],
          [
            1.2919224998455811e-05,
            4.835482846081872e-05,
            0
          ],
          [
            1.1478207974446234e-05,
            4.786078975224508e-05,
            0
          ],
          [
            1.0134951062571547e-05,
            4.719393433297081e-05,
            0
          ],
          [
            8.95421932416122e-06,
            4.636369250259436e-05,
            0
          ]
        ],
        "type": "LineString"
      },
      "properties": {
        "Id": "{840b03f1-d9bb-3da0-877e-6835bb5e1616}",
        "LaneType": "Driving",
        "LeftBoundary": {
          "Dir": "Forward",
          "Id": "{be043293-fb14-3312-992d-9c7bb54f7363}"
        },
        "Predecessors": [
          {
            "Dir": "Forward",
            "Id": "{8f527a58-8675-3da7-8125-b96c43528e73}"
          }
        ],
        "RightBoundary": {
          "Dir": "Forward",
          "Id": "{f4d35889-eb19-3750-a8c4-80c90df8a8c3}"
        },
        "SpeedLimit": "40mph",
        "Successors": [
          {
            "Dir": "Backward",
            "Id": "{d363f06e-4ae5-305d-8270-a8b39b66cfd1}"
          },
          {
            "Dir": "Forward",
            "Id": "{7aa3b7f6-14d4-324f-b814-3bfa8a5d683e}"
          }
        ],
        "TravelDir": "Backward",
        "Type": "Lane"
      },
      "type": "Feature"
    },
    {
      "geometry": {
        "coordinates": [
          [
            2.8519830710034482e-05,
            5.1322967822602667e-05,
            0
          ],
          [
            2.0842255888688776e-05,
            5.1322967822605635e-05,
            0
          ],
          [
            1.7480886306418935e-05,
            5.127378478462249e-05,
            0
          ],
          [
            1.5767646787401835e-05,
            5.115525308897734e-05,
            0
          ],
          [
            1.4041726438562927e-05,
            5.092173888829159e-05,
            0
          ],
          [
            1.2318819104702485e-05,
            5.0533454938184854e-05,
            0
          ],
          [
            1.0624920029083063e-05,
            4.995215975676759e-05,
            0
          ],
          [
            8.998638811070433e-06,
            4.9144090124799505e-05,
            0
          ],
          [
            7.526240819583632e-06,
            4.810787310049716e-05,
            0
          ]
        ],
        "type": "LineString"
      },
      "properties": {
        "Id": "{b9de6ec7-3d73-3d5e-8041-e2b6fad165ed}",
        "LaneType": "Driving",
        "LeftBoundary": {
          "Dir": "Forward",
          "Id": "{f4d35889-eb19-3750-a8c4-80c90df8a8c3}"
        },
        "Predecessors": [
          {
            "Dir": "Forward",
            "Id": "{f71960bf-7165-3ae5-b203-e04983359107}"
          }
        ],
        "RightBoundary": {
          "Dir": "Forward",
          "Id": "{8034908a-f333-347d-8a4c-91d8ee46960f}"
        },
        "SpeedLimit": "40mph",
        "Successors": [
          {
            "Dir": "Forward",
            "Id": "{b0357da4-57a6-3bc8-bb34-6efb592d514e}"
          },
          {
            "Dir": "Forward",
            "Id": "{c43e7be6-e80f-3a80-a49c-b5810ef4ae36}"
          }
        ],
        "TravelDir": "Forward",
        "Type": "Lane"
      },
      "type": "Feature"
    },
    {
      "geometry": {
        "coordinates": [
          [
            2.8519830710035397e-05,
            5.3357799145965756e-05,
            0
          ],
          [
            2.0842255888689444e-05,
            5.3357799145968845e-05,
            0
          ],
          [
            1.739341046899698e-05,
            5.3306709525799904e-05,
            0
          ],
          [
            1.5571055587651344e-05,
            5.318043646877465e-05,
            0
          ],
          [
            1.3693402116504238e-05,
            5.292612601813206e-05,
            0
          ],
          [
            1.1778453800333265e-05,
            5.249421876781438e-05,
            0
          ],
          [
            9.856960878244984e-06,
            5.183439276083784e-05,
            0
          ],
          [
            7.975957784729236e-06,
            5.089923033744532e-05,
            0
          ],
          [
            6.241060165461872e-06,
            4.967763563860968e-05,
            0
          ]
        ],
        "type": "LineString"
      },
      "properties": {
        "Id": "{e969a354-b6d9-36f7-bb1b-92b19e36206a}",
        "LaneType": "Shoulder",
        "LeftBoundary": {
          "Dir": "Forward",
          "Id": "{8034908a-f333-347d-8a4c-91d8ee46960f}"
        },
        "Predecessors": [
          {
            "Dir": "Forward",
            "Id": "{fda4552a-de3d-335e-b08c-f47f4b7d413b}"
          }
        ],
        "RightBoundary": {
          "Dir": "Forward",
          "Id": "{9b45db11-8d55-39e2-ad71-666261c1aee8}"
        },
        "Successors": [
          {
            "Dir": "Forward",
            "Id": "{b1ef36e0-b0ba-3640-9807-d0c7040ff544}"
          }
        ],
        "TravelDir": "Undirected",
        "Type": "Lane"
      },
      "type": "Feature"
    },
    {
      "geometry": {
        "coordinates": [
          [
            9.953804277373753e-06,
            4.514276608406237e-05,
            0
          ],
          [
            9.931718345436805e-06,
            4.512725021868709e-05,
            0
          ],
          [
            9.482623596589565e-06,
            4.471568587086518e-05,
            0
          ],
          [
            8.865931000891166e-06,
            4.39988239651665e-05,
            0
          ],
          [
            8.328854134206324e-06,
            4.317459331180083e-05,
            0
          ],
          [
            7.811523124850687e-06,
            4.2102428977997965e-05,
            0
          ],
          [
            7.409227894784788e-06,
            4.092784787671031e-05,
            0
          ],
          [
            7.1250617263807405e-06,
            3.971777891688239e-05,
            0
          ],
          [
            6.931576341754057e-06,
            3.8442432837357755e-05,
            0
          ],
          [
            6.7544882881694e-06,
            3.561844319704884e-05,
            0
          ],
          [
            6.753222228534331e-06,
            3.556008480739803e-05,
            0
          ]
        ],
        "type": "LineString"
      },
      "properties": {
        "Id": "{a782249b-4bc8-347f-9f53-889e7a855944}",
        "LaneType": "Shoulder",
        "LeftBoundary": {
          "Dir": "Forward",
          "Id": "{1491d11b-5f70-3c66-8cb2-dcc8d8ffa161}"
        },
        "Predecessors": [
          {
            "Dir": "Forward",
            "Id": "{08785333-6142-36f3-9d6f-b39cc60ff910}"
          }
        ],
        "RightBoundary": {
          "Dir": "Forward",
          "Id": "{dcdaab95-30a7-35b5-bc94-08205494721c}"
        },
        "Successors": [
          {
            "Dir": "Forward",
            "Id": "{09cf9e69-26cd-39ea-803d-93b4d530c4bb}"
          }
        ],
        "TravelDir": "Undirected",
        "Type": "Lane"
      },
      "type": "Feature"
    },
    {
      "geometry": {
        "coordinates": [
          [
            8.95421932416122e-06,
            4.636369250259436e-05,
            0
          ],
          [
            8.927515980141625e-06,
            4.634491581310472e-05,
            0
          ],
          [
            8.371021224212656e-06,
            4.583479212260324e-05,
            0
          ],
          [
            7.6099895139963585e-06,
            4.495068946584283e-05,
            0
          ],
          [
            6.963780698478443e-06,
            4.395954107395385e-05,
            0
          ],
          [
            6.3571829585715254e-06,
            4.2703311106731984e-05,
            0
          ],
          [
            5.897744903002921e-06,
            4.136292460595622e-05,
            0
          ],
          [
            5.581075568053036e-06,
            4.001549723231159e-05,
            0
          ],
          [
            5.370305900356376e-06,
            3.862746844770442e-05,
            0
          ],
          [
            5.182831143633428e-06,
            3.565390152707344e-05,
            0
          ],
          [
            5.181526190785993e-06,
            3.559375058606017e-05,
            0
          ]
        ],
        "type": "LineString"
      },
      "properties": {
        "Id": "{7aa3b7f6-14d4-324f-b814-3bfa8a5d683e}",
        "LaneType": "Driving",
        "LeftBoundary": {
          "Dir": "Forward",
          "Id": "{dcdaab95-30a7-35b5-bc94-08205494721c}"
        },
        "Predecessors": [
          {
            "Dir": "Forward",
            "Id": "{840b03f1-d9bb-3da0-877e-6835bb5e1616}"
          }
        ],
        "RightBoundary": {
          "Dir": "Forward",
          "Id": "{da289b86-29e3-38d3-8f05-922167cf0e81}"
        },
        "SpeedLimit": "40mph",
        "Successors": [
          {
            "Dir": "Forward",
            "Id": "{dde3a446-09b7-392e-b739-06a50fc44f45}"
          }
        ],
        "TravelDir": "Backward",
        "Type": "Lane"
      },
      "type": "Feature"
    },
    {
      "geometry": {
        "coordinates": [
          [
            7.526240819583632e-06,
            4.810787310049716e-05,
            0
          ],
          [
            7.492941172567894e-06,
            4.808443809084416e-05,
            0
          ],
          [
            6.7830178350985325e-06,
            4.743351533937189e-05,
            0
          ],
          [
            5.815787389846391e-06,
            4.631049732395186e-05,
            0
          ],
          [
            5.01367579030674e-06,
            4.50808950198867e-05,
            0
          ],
          [
            4.2795541496061945e-06,
            4.356171414778053e-05,
            0
          ],
          [
            3.738483486161369e-06,
            4.1984462790593204e-05,
            0
          ],
          [
            3.375381056161623e-06,
            4.044080911149614e-05,
            0
          ],
          [
            3.139919555512807e-06,
            3.889180503391391e-05,
            0
          ],
          [
            2.937606651430419e-06,
            3.5704556284251386e-05,
            0
          ],
          [
            2.9362461368556024e-06,
            3.564184455557747e-05,
            0
          ]
        ],
        "type": "LineString"
      },
      "properties": {
        "Id": "{c43e7be6-e80f-3a80-a49c-b5810ef4ae36}",
        "LaneType": "Driving",
        "LeftBoundary": {
          "Dir": "Forward",
          "Id": "{da289b86-29e3-38d3-8f05-922167cf0e81}"
        },
        "Predecessors": [
          {
            "Dir": "Forward",
            "Id": "{b9de6ec7-3d73-3d5e-8041-e2b6fad165ed}"
          }
        ],
        "RightBoundary": {
          "Dir": "Forward",
          "Id": "{6618acf0-a112-3d19-b267-d8ac3acacf46}"
        },
        "SpeedLimit": "40mph",
        "Successors": [
          {
            "Dir": "Forward",
            "Id": "{91ca2aef-915a-396f-8959-0f8db7572024}"
          }
        ],
        "TravelDir": "Forward",
        "Type": "Lane"
      },
      "type": "Feature"
    },
    {
      "geometry": {
        "coordinates": [
          [
            6.241060165461872e-06,
            4.967763563860968e-05,
            0
          ],
          [
            6.2018238457589335e-06,
            4.965000814080964e-05,
            0
          ],
          [
            5.353814784892301e-06,
            4.887236623446365e-05,
            0
          ],
          [
            4.201005478112959e-06,
            4.753432439624994e-05,
            0
          ],
          [
            3.2585813729460234e-06,
            4.609011357122622e-05,
            0
          ],
          [
            2.409688221542418e-06,
            4.4334276884724166e-05,
            0
          ],
          [
            1.795148211009003e-06,
            4.2543847156766425e-05,
            0
          ],
          [
            1.3902559954545304e-06,
            4.082358980276216e-05,
            0
          ],
          [
            1.1325718451405207e-06,
            3.912970796150242e-05,
            0
          ],
          [
            9.830655443493436e-07,
            3.7413259529257984e-05,
            0
          ],
          [
            9.169046084479707e-07,
            3.575014556571149e-05,
            0
          ],
          [
            9.154940883174453e-07,
            3.5685129128142994e-05,
            0
          ]
        ],
        "type": "LineString"
      },
      "properties": {
        "Id": "{b1ef36e0-b0ba-3640-9807-d0c7040ff544}",
        "LaneType": "Shoulder",
        "LeftBoundary": {
          "Dir": "Forward",
          "Id": "{6618acf0-a112-3d19-b267-d8ac3acacf46}"
        },
        "Predecessors": [
          {
            "Dir": "Forward",
            "Id": "{e969a354-b6d9-36f7-bb1b-92b19e36206a}"
          }
        ],
        "RightBoundary": {
          "Dir": "Forward",
          "Id": "{846c2fdc-a795-3a58-ac89-3d588334c293}"
        },
        "Successors": [
          {
            "Dir": "Forward",
            "Id": "{eb33229a-479e-3132-ba64-005301592fbd}"
          }
        ],
        "TravelDir": "Undirected",
        "Type": "Lane"
      },
      "type": "Feature"
    },
    {
      "geometry": {
        "coordinates": [
          [
            6.753222228534331e-06,
            3.556008480739803e-05,
            0
          ],
          [
            6.7373646309001435e-06,
            3.327954531357547e-05,
            0
          ],
          [
            6.737364630899744e-06,
            2.713108431151127e-05,
            0
          ]
        ],
        "type": "LineString"
      },
      "properties": {
        "Id": "{09cf9e69-26cd-39ea-803d-93b4d530c4bb}",
        "LaneType": "Shoulder",
        "LeftBoundary": {
          "Dir": "Forward",
          "Id": "{b9fde29f-51e6-3d16-b923-ea7e1e7ce315}"
        },
        "Predecessors": [
          {
            "Dir": "Forward",
            "Id": "{a782249b-4bc8-347f-9f53-889e7a855944}"
          }
        ],
        "RightBoundary": {
          "Dir": "Forward",
          "Id": "{ad59ee19-5e25-3729-a0ed-4ba867553b9e}"
        },
        "Successors": [
          {
            "Dir": "Forward",
            "Id": "{3065ec27-04f8-3b9a-b634-ace9058c6393}"
          }
        ],
        "TravelDir": "Undirected",
        "Type": "Lane"
      },
      "type": "Feature"
    },
    {
      "geometry": {
        "coordinates": [
          [
            5.181526190785993e-06,
            3.559375058606017e-05,
            0
          ],
          [
            5.165312883687969e-06,
            3.327954531357557e-05,
            0
          ],
          [
            5.165312883687655e-06,
            2.7131084311511353e-05,
            0
          ]
        ],
        "type": "LineString"
      },
      "properties": {
        "Id": "{dde3a446-09b7-392e-b739-06a50fc44f45}",
        "LaneType": "Driving",
        "LeftBoundary": {
          "Dir": "Forward",
          "Id": "{ad59ee19-5e25-3729-a0ed-4ba867553b9e}"
        },
        "Predecessors": [
          {
            "Dir": "Forward",
            "Id": "{7aa3b7f6-14d4-324f-b814-3bfa8a5d683e}"
          }
        ],
        "RightBoundary": {
          "Dir": "Forward",
          "Id": "{96ace7a0-627a-335d-a5c1-ef63e9636c6d}"
        },
        "SpeedLimit": "40mph",
        "Successors": [
          {
            "Dir": "Forward",
            "Id": "{b1ea243f-1da3-3595-b06c-17b96d4fe95b}"
          }
        ],
        "TravelDir": "Backward",
        "Type": "Lane"
      },
      "type": "Feature"
    },
    {
      "geometry": {
        "coordinates": [
          [
            2.9362461368556024e-06,
            3.564184455557747e-05,
            0
          ],
          [
            2.9195246733879e-06,
            3.327954531357567e-05,
            0
          ],
          [
            2.9195246733877134e-06,
            2.713108431151143e-05,
            0
          ]
        ],
        "type": "LineString"
      },
      "properties": {
        "Id": "{91ca2aef-915a-396f-8959-0f8db7572024}",
        "LaneType": "Driving",
        "LeftBoundary": {
          "Dir": "Forward",
          "Id": "{96ace7a0-627a-335d-a5c1-ef63e9636c6d}"
        },
        "Predecessors": [
          {
            "Dir": "Forward",
            "Id": "{c43e7be6-e80f-3a80-a49c-b5810ef4ae36}"
          }
        ],
        "RightBoundary": {
          "Dir": "Forward",
          "Id": "{995c0c85-a9aa-3421-9d01-105782950401}"
        },
        "SpeedLimit": "40mph",
        "Successors": [
          {
            "Dir": "Forward",
            "Id": "{54023330-459e-323c-beae-81df9fbde295}"
          }
        ],
        "TravelDir": "Forward",
        "Type": "Lane"
      },
      "type": "Feature"
    },
    {
      "geometry": {
        "coordinates": [
          [
            9.154940883174453e-07,
            3.5685129128142994e-05,
            0
          ],
          [
            8.983152841162357e-07,
            3.327954531357572e-05,
            0
          ],
          [
            8.983152841161623e-07,
            2.7131084311511472e-05,
            0
          ]
        ],
        "type": "LineString"
      },
      "properties": {
        "Id": "{eb33229a-479e-3132-ba64-005301592fbd}",
        "LaneType": "Shoulder",
        "LeftBoundary": {
          "Dir": "Forward",
          "Id": "{995c0c85-a9aa-3421-9d01-105782950401}"
        },
        "Predecessors": [
          {
            "Dir": "Forward",
            "Id": "{b1ef36e0-b0ba-3640-9807-d0c7040ff544}"
          }
        ],
        "RightBoundary": {
          "Dir": "Forward",
          "Id": "{a4dbf848-7516-38cc-b267-bfb0e46615cd}"
        },
        "Successors": [
          {
            "Dir": "Forward",
            "Id": "{261467b3-d276-3429-8b63-dbb6fc6b7d69}"
          }
        ],
        "TravelDir": "Undirected",
        "Type": "Lane"
      },
      "type": "Feature"
    },
    {
      "geometry": {
        "coordinates": [
          [
            7.524487773911438e-06,
            4.8110703748354146e-05,
            0
          ],
          [
            6.470771895341978e-06,
            4.7129659527851415e-05,
            0
          ],
          [
            5.535306308353964e-06,
            4.603382638313998e-05,
            0
          ],
          [
            4.730345077672525e-06,
            4.4837559102315556e-05,
            0
          ],
          [
            4.066432735487665e-06,
            4.355652810327425e-05,
            0
          ],
          [
            3.535250966606068e-06,
            4.215345858751559e-05,
            0
          ],
          [
            3.1732922104184784e-06,
            4.069682271143049e-05,
            0
          ],
          [
            2.9856767143965563e-06,
            3.920722596122335e-05,
            0
          ],
          [
            2.9750584764045987e-06,
            3.770574008570276e-05,
            0
          ],
          [
            2.9801930906038426e-06,
            3.760726840495418e-05,
            0
          ],
          [
            3.010129147697779e-06,
            3.703315715236886e-05,
            0
          ],
          [
            3.0777719003355654e-06,
            3.573590997882086e-05,
            0
          ],
          [
            3.180481665587908e-06,
            3.376615050799627e-05,
            0
          ],
          [
            3.2740939007461666e-06,
            3.292075670316685e-05,
            0
          ],
          [
            3.4656426734419056e-06,
            3.209197973776642e-05,
            0
          ],
          [
            3.7524667502110115e-06,
            3.129155626494221e-05,
            0
          ],
          [
            4.130603179726928e-06,
            3.053054546530663e-05,
            0
          ],
          [
            4.594827378733387e-06,
            2.981946196788654e-05,
            0
          ],
          [
            5.138725318354738e-06,
            2.9168130573047596e-05,
            0
          ],
          [
            5.754782144589015e-06,
            2.8585550506547894e-05,
            0
          ],
          [
            6.4344860084587234e-06,
            2.8079771080277167e-05,
            0
          ],
          [
            7.342335009626461e-06,
            2.75739305299826e-05,
            0
          ],
          [
            8.313047707375017e-06,
            2.7204899113292258e-05,
            0
          ],
          [
            9.326411182612663e-06,
            2.6980361083424373e-05,
            0
          ],
          [
            1.0361324409259904e-05,
            2.690499194224841e-05,
            0
          ]
        ],
        "type": "LineString"
      },
      "properties": {
        "Id": "{b0357da4-57a6-3bc8-bb34-6efb592d514e}",
        "LaneType": "Driving",
        "LeftBoundary": {
          "Dir": "Forward",
          "Id": "{f984e1be-cdd7-3ce7-819b-1ebd33231b30}"
        },
        "Predecessors": [
          {
            "Dir": "Forward",
            "Id": "{b9de6ec7-3d73-3d5e-8041-e2b6fad165ed}"
          }
        ],
        "RightBoundary": {
          "Dir": "Forward",
          "Id": "{77492532-bde1-37df-ad17-14391dbfa150}"
        },
        "SpeedLimit": "40mph",
        "Successors": [
          {
            "Dir": "Forward",
            "Id": "{4b4556f1-8058-34cb-8204-7c82f1111c3c}"
          }
        ],
        "TravelDir": "Forward",
        "Type": "Lane"
      },
      "type": "Feature"
    },
    {
      "geometry": {
        "coordinates": [
          [
            6.369876689626306e-05,
            4.698901994120703e-05,
            0
          ],
          [
            6.461940832262098e-05,
            4.5831117054654613e-05,
            0
          ],
          [
            6.524949324145991e-05,
            4.449044316809189e-05,
            0
          ],
          [
            6.555494498662681e-05,
            4.303950548665861e-05,
            0
          ],
          [
            6.551924391633551e-05,
            4.155677457442497e-05,
            0
          ],
          [
            6.525660332580301e-05,
            4.043418091183742e-05,
            0
          ],
          [
            6.479743621701369e-05,
            3.9377561926476534e-05,
            0
          ],
          [
            6.415675819807724e-05,
            3.8421471000555496e-05,
            0
          ],
          [
            6.33554754690587e-05,
            3.7597135320257433e-05,
            0
          ],
          [
            6.137702675078025e-05,
            3.589985311449266e-05,
            0
          ],
          [
            6.123018021337811e-05,
            3.577387561878292e-05,
            0
          ],
          [
            6.11275188323302e-05,
            3.5685803922168434e-05,
            0
          ],
          [
            5.939857803252057e-05,
            3.4202570908727725e-05,
            0
          ],
          [
            5.723936606794582e-05,
            3.257949695697889e-05,
            0
          ],
          [
            5.4891030175794196e-05,
            3.124895237313516e-05,
            0
          ],
          [
            5.23924419736758e-05,
            3.0232961213084267e-05,
            0
          ],
          [
            4.9784961019788775e-05,
            2.9548341352420074e-05,
            0
          ],
          [
            4.780858431686533e-05,
            2.9261739574156064e-05,
            0
          ],
          [
            4.581407946085311e-05,
            2.9165915365861484e-05,
            0
          ]
        ],
        "type": "LineString"
      },
      "properties": {
        "Id": "{bfde17cd-2a65-3a42-b67c-6b3658f6f7f8}",
        "LaneType": "Driving",
        "LeftBoundary": {
          "Dir": "Forward",
          "Id": "{f0ac35c3-1a42-30f9-8dc1-e35422e05f70}"
        },
        "Predecessors": [
          {
            "Dir": "Backward",
            "Id": "{342ce16e-c729-3950-8d5b-40b90658ec0e}"
          }
        ],
        "RightBoundary": {
          "Dir": "Forward",
          "Id": "{371ef95f-28cb-3bc1-94d9-dfbee8707d16}"
        },
        "SpeedLimit": "40mph",
        "Successors": [
          {
            "Dir": "Backward",
            "Id": "{02dfc126-3096-31ae-bd99-ce26c505d26f}"
          }
        ],
        "TravelDir": "Forward",
        "Type": "Lane"
      },
      "type": "Feature"
    },
    {
      "geometry": {
        "coordinates": [
          [
            5.9288808845460755e-05,
            2.4870159996612175e-05,
            0
          ],
          [
            6.001964578563648e-05,
            2.4794545997256857e-05,
            0
          ],
          [
            6.071993022577103e-05,
            2.4570865066047994e-05,
            0
          ],
          [
            6.140801700216803e-05,
            2.4174045481387912e-05,
            0
          ],
          [
            6.182962810114188e-05,
            2.381062521478663e-05,
            0
          ],
          [
            6.21689142257228e-05,
            2.3415771027239066e-05,
            0
          ],
          [
            6.257005442066202e-05,
            2.2727118143900185e-05,
            0
          ],
          [
            6.280320045854892e-05,
            2.2006444647997244e-05,
            0
          ],
          [
            6.288206988835925e-05,
            2.125268208841117e-05,
            0
          ]
        ],
        "type": "LineString"
      },
      "properties": {
        "Id": "{8fd291c0-fd9a-3d8c-8829-25d6888838e5}",
        "LaneType": "Sidewalk",
        "LeftBoundary": {
          "Dir": "Forward",
          "Id": "{8d73e955-088b-3782-a9d6-e1aa04318057}"
        },
        "Predecessors": [
          {
            "Dir": "Forward",
            "Id": "{ce4ab9c1-c2bf-3d5c-808c-fc7e5b97ed75}"
          }
        ],
        "RightBoundary": {
          "Dir": "Forward",
          "Id": "{56f9691c-721c-31f1-8c3f-7791de8b4f1c}"
        },
        "Successors": [],
        "TravelDir": "Undirected",
        "Type": "Lane"
      },
      "type": "Feature"
    },
    {
      "geometry": {
        "coordinates": [
          [
            3.703281725377207e-05,
            4.141729550423179e-05,
            0
          ],
          [
            3.7038429545499356e-05,
            4.36547434280957e-05,
            0
          ],
          [
            3.703879932641295e-05,
            4.380216369340625e-05,
            0
          ],
          [
            3.687491916314723e-05,
            4.7599115589969626e-05,
            0
          ],
          [
            3.684496919092008e-05,
            4.792137260583398e-05,
            0
          ],
          [
            3.681873840633581e-05,
            4.8183537320095064e-05,
            0
          ],
          [
            3.669529271619473e-05,
            4.8812422854583664e-05,
            0
          ],
          [
            3.645989178634806e-05,
            4.940833971110078e-05,
            0
          ],
          [
            3.612046227060483e-05,
            4.995102687491634e-05,
            0
          ],
          [
            3.568839472428045e-05,
            5.0422272882737903e-05,
            0
          ],
          [
            3.517818844419709e-05,
            5.080626368930084e-05,
            0
          ],
          [
            3.4606964902092986e-05,
            5.109011335415069e-05,
            0
          ],
          [
            3.399389318334126e-05,
            5.1264296467260005e-05,
            0
          ],
          [
            3.33596681233456e-05,
            5.132296782260031e-05,
            0
          ],
          [
            3.3248856124357216e-05,
            5.132296782260037e-05,
            0
          ],
          [
            3.0990757594949875e-05,
            5.1322967822601515e-05,
            0
          ]
        ],
        "type": "LineString"
      },
      "properties": {
        "Id": "{9d6d87d3-9ff9-3441-899b-d20064845bdb}",
        "LaneType": "Driving",
        "LeftBoundary": {
          "Dir": "Forward",
          "Id": "{65d1b57e-97ce-3f86-9083-f03c30b7abc6}"
        },
        "Predecessors": [
          {
            "Dir": "Backward",
            "Id": "{317261be-5a4c-36c7-962d-a6c3b040e2fb}"
          }
        ],
        "RightBoundary": {
          "Dir": "Forward",
          "Id": "{bb44de32-46c0-3197-957b-03a627c1fd82}"
        },
        "SpeedLimit": "40mph",
        "Successors": [
          {
            "Dir": "Forward",
            "Id": "{6b249816-be3f-3c6d-a125-96bf25d13f79}"
          }
        ],
        "TravelDir": "Forward",
        "Type": "Lane"
      },
      "type": "Feature"
    },
    {
      "geometry": {
        "coordinates": [
          [
            3.900152583023835e-05,
            2.0484268576230075e-05,
            0
          ],
          [
            3.899720225923798e-05,
            1.8760593928649266e-05,
            0
          ]
        ],
        "type": "LineString"
      },
      "properties": {
        "Id": "{d6eb4005-b6f4-3c88-82e2-90fb1dfb20b7}",
        "LaneType": "Sidewalk",
        "LeftBoundary": {
          "Dir": "Forward",
          "Id": "{1d018069-ccfa-37e6-a013-7ad07e0230bc}"
        },
        "Predecessors": [
          {
            "Dir": "Forward",
            "Id": "{990ed62d-54aa-38b2-9815-30e05c94a85e}"
          }
        ],
        "RightBoundary": {
          "Dir": "Forward",
          "Id": "{52b17aab-0a3f-327b-801d-c135afb3cb06}"
        },
        "Successors": [
          {
            "Dir": "Backward",
            "Id": "{dab8936d-e654-3f91-a235-29ef06fdd9bd}"
          }
        ],
        "TravelDir": "Undirected",
        "Type": "Lane"
      },
      "type": "Feature"
    },
    {
      "geometry": {
        "coordinates": [
          [
            3.814812903133094e-05,
            2.04864381405285e-05,
            0
          ],
          [
            3.81438054603306e-05,
            1.876276349294767e-05,
            0
          ]
        ],
        "type": "LineString"
      },
      "properties": {
        "Id": "{b96fb6ec-fa40-36f4-adf9-424c4a80bc76}",
        "LaneType": "Curb",
        "LeftBoundary": {
          "Dir": "Forward",
          "Id": "{52b17aab-0a3f-327b-801d-c135afb3cb06}"
        },
        "Predecessors": [],
        "RightBoundary": {
          "Dir": "Forward",
          "Id": "{4e930534-ceae-36cf-b4ce-a09c824163d3}"
        },
        "Successors": [],
        "TravelDir": "Undirected",
        "Type": "Lane"
      },
      "type": "Feature"
    },
    {
      "geometry": {
        "coordinates": [
          [
            3.698032288545316e-05,
            2.04894070179895e-05,
            0
          ],
          [
            3.6975999314452834e-05,
            1.876573237040865e-05,
            0
          ]
        ],
        "type": "LineString"
      },
      "properties": {
        "Id": "{7d5647b7-d851-310a-846e-973bd0396fdc}",
        "LaneType": "Driving",
        "LeftBoundary": {
          "Dir": "Forward",
          "Id": "{4e930534-ceae-36cf-b4ce-a09c824163d3}"
        },
        "Predecessors": [
          {
            "Dir": "Forward",
            "Id": "{c7bd3668-1afc-3494-9734-04e5ae57e5f1}"
          }
        ],
        "RightBoundary": {
          "Dir": "Forward",
          "Id": "{9f3ea56f-5a70-39d5-945e-b8b112f12a8f}"
        },
        "SpeedLimit": "40mph",
        "Successors": [
          {
            "Dir": "Backward",
            "Id": "{a902bcc4-cd8c-39b3-a497-b72c70289c47}"
          },
          {
            "Dir": "Forward",
            "Id": "{b624d53f-88ef-3e22-81a1-23351da1f4af}"
          }
        ],
        "TravelDir": "Backward",
        "Type": "Lane"
      },
      "type": "Feature"
    },
    {
      "geometry": {
        "coordinates": [
          [
            3.4734541835693266e-05,
            2.0495116397722162e-05,
            0
          ],
          [
            3.4730218264690285e-05,
            1.8771441750141265e-05,
            0
          ]
        ],
        "type": "LineString"
      },
      "properties": {
        "Id": "{a3655513-043c-337a-aecf-df92488f276e}",
        "LaneType": "Driving",
        "LeftBoundary": {
          "Dir": "Forward",
          "Id": "{9f3ea56f-5a70-39d5-945e-b8b112f12a8f}"
        },
        "Predecessors": [
          {
            "Dir": "Forward",
            "Id": "{b51cb279-b60d-3922-8669-82ae30190e1b}"
          }
        ],
        "RightBoundary": {
          "Dir": "Forward",
          "Id": "{8bbfca21-2779-3640-bc1d-fd2752f18f95}"
        },
        "SpeedLimit": "40mph",
        "Successors": [
          {
            "Dir": "Forward",
            "Id": "{607562fd-74b5-35cf-aa7d-8a239f20bbc1}"
          }
        ],
        "TravelDir": "Forward",
        "Type": "Lane"
      },
      "type": "Feature"
    },
    {
      "geometry": {
        "coordinates": [
          [
            3.356673568981277e-05,
            2.0498085275183144e-05,
            0
          ],
          [
            3.3562412118812466e-05,
            1.8774410627602223e-05,
            0
          ]
        ],
        "type": "LineString"
      },
      "properties": {
        "Id": "{2827b3ea-c915-3548-8b31-80f2c4c906f4}",
        "LaneType": "Curb",
        "LeftBoundary": {
          "Dir": "Forward",
          "Id": "{8bbfca21-2779-3640-bc1d-fd2752f18f95}"
        },
        "Predecessors": [],
        "RightBoundary": {
          "Dir": "Forward",
          "Id": "{56f3d9ce-ac88-3b4a-8dd3-e2893ba83f13}"
        },
        "Successors": [],
        "TravelDir": "Undirected",
        "Type": "Lane"
      },
      "type": "Feature"
    },
    {
      "geometry": {
        "coordinates": [
          [
            3.271333889091065e-05,
            2.0500254839481535e-05,
            0
          ],
          [
            3.2709015319910354e-05,
            1.8776580191900604e-05,
            0
          ]
        ],
        "type": "LineString"
      },
      "properties": {
        "Id": "{8b136197-12dd-3622-87dc-24907bb58c99}",
        "LaneType": "Sidewalk",
        "LeftBoundary": {
          "Dir": "Forward",
          "Id": "{56f3d9ce-ac88-3b4a-8dd3-e2893ba83f13}"
        },
        "Predecessors": [
          {
            "Dir": "Forward",
            "Id": "{e872b7f3-246b-3f9c-8c9f-bbe0b7e2547c}"
          }
        ],
        "RightBoundary": {
          "Dir": "Forward",
          "Id": "{ac3d5595-9121-3938-97d7-e6c5def3a612}"
        },
        "Successors": [
          {
            "Dir": "Forward",
            "Id": "{f51b1982-3085-31f5-a159-a94f9e7b3da3}"
          }
        ],
        "TravelDir": "Undirected",
        "Type": "Lane"
      },
      "type": "Feature"
    },
    {
      "geometry": {
        "coordinates": [
          [
            3.6975999314452834e-05,
            1.876573237040865e-05,
            0
          ],
          [
            3.697593074787356e-05,
            1.8738396986751722e-05,
            0
          ]
        ],
        "type": "LineString"
      },
      "properties": {
        "Id": "{b624d53f-88ef-3e22-81a1-23351da1f4af}",
        "LaneType": "Driving",
        "LeftBoundary": {
          "Dir": "Forward",
          "Id": "{c6735d72-20b5-3f51-a085-5ac16fa41673}"
        },
        "Predecessors": [
          {
            "Dir": "Forward",
            "Id": "{7d5647b7-d851-310a-846e-973bd0396fdc}"
          }
        ],
        "RightBoundary": {
          "Dir": "Forward",
          "Id": "{ff4083d2-f5fe-3d99-9eb5-45ae66766fd4}"
        },
        "SpeedLimit": "40mph",
        "Successors": [
          {
            "Dir": "Forward",
            "Id": "{2fe6aa94-1510-3275-b95b-4b9552801f3b}"
          }
        ],
        "TravelDir": "Backward",
        "Type": "Lane"
      },
      "type": "Feature"
    },
    {
      "geometry": {
        "coordinates": [
          [
            3.4730218264690285e-05,
            1.8771441750141265e-05,
            0
          ],
          [
            3.4730149698111025e-05,
            1.8744106366484345e-05,
            0
          ]
        ],
        "type": "LineString"
      },
      "properties": {
        "Id": "{607562fd-74b5-35cf-aa7d-8a239f20bbc1}",
        "LaneType": "Driving",
        "LeftBoundary": {
          "Dir": "Forward",
          "Id": "{ff4083d2-f5fe-3d99-9eb5-45ae66766fd4}"
        },
        "Predecessors": [
          {
            "Dir": "Forward",
            "Id": "{a3655513-043c-337a-aecf-df92488f276e}"
          }
        ],
        "RightBoundary": {
          "Dir": "Forward",
          "Id": "{f1477719-b0c3-344a-9f60-0a044efc0366}"
        },
        "SpeedLimit": "40mph",
        "Successors": [
          {
            "Dir": "Forward",
            "Id": "{e0dbe6c2-0cd9-3ca7-a376-e74c2efc04f9}"
          },
          {
            "Dir": "Forward",
            "Id": "{c1384ad2-0c45-32d8-b136-73a8fd5fcdf2}"
          }
        ],
        "TravelDir": "Forward",
        "Type": "Lane"
      },
      "type": "Feature"
    },
    {
      "geometry": {
        "coordinates": [
          [
            3.2709015319910354e-05,
            1.8776580191900604e-05,
            0
          ],
          [
            3.27089467533311e-05,
            1.874924480824368e-05,
            0
          ]
        ],
        "type": "LineString"
      },
      "properties": {
        "Id": "{f51b1982-3085-31f5-a159-a94f9e7b3da3}",
        "LaneType": "Sidewalk",
        "LeftBoundary": {
          "Dir": "Forward",
          "Id": "{7d58b083-67ba-3bc9-bb25-41508764e49e}"
        },
        "Predecessors": [
          {
            "Dir": "Forward",
            "Id": "{8b136197-12dd-3622-87dc-24907bb58c99}"
          }
        ],
        "RightBoundary": {
          "Dir": "Forward",
          "Id": "{0e23c34e-a28a-3568-85a0-cf18fee00ab6}"
        },
        "Successors": [
          {
            "Dir": "Forward",
            "Id": "{c6cd91c4-b372-3f38-9271-da4835fdfbb9}"
          }
        ],
        "TravelDir": "Undirected",
        "Type": "Lane"
      },
      "type": "Feature"
    },
    {
      "geometry": {
        "coordinates": [
          [
            3.697593074787356e-05,
            1.8738396986751722e-05,
            0
          ],
          [
            3.697543873928036e-05,
            1.8542248305816578e-05,
            0
          ]
        ],
        "type": "LineString"
      },
      "properties": {
        "Id": "{2fe6aa94-1510-3275-b95b-4b9552801f3b}",
        "LaneType": "Driving",
        "LeftBoundary": {
          "Dir": "Forward",
          "Id": "{14f8b4a6-2886-311d-9616-61c3a99294b5}"
        },
        "Predecessors": [
          {
            "Dir": "Forward",
            "Id": "{b624d53f-88ef-3e22-81a1-23351da1f4af}"
          }
        ],
        "RightBoundary": {
          "Dir": "Forward",
          "Id": "{8c6e948e-4038-3e6f-b510-01d396bef3bb}"
        },
        "SpeedLimit": "40mph",
        "Successors": [
          {
            "Dir": "Backward",
            "Id": "{a3bfca82-750c-358f-a988-00ee20f634d4}"
          }
        ],
        "TravelDir": "Backward",
        "Type": "Lane"
      },
      "type": "Feature"
    },
    {
      "geometry": {
        "coordinates": [
          [
            3.4730149698111025e-05,
            1.8744106366484345e-05,
            0
          ],
          [
            3.4729657689520486e-05,
            1.8547957685549197e-05,
            0
          ]
        ],
        "type": "LineString"
      },
      "properties": {
        "Id": "{e0dbe6c2-0cd9-3ca7-a376-e74c2efc04f9}",
        "LaneType": "Driving",
        "LeftBoundary": {
          "Dir": "Forward",
          "Id": "{8c6e948e-4038-3e6f-b510-01d396bef3bb}"
        },
        "Predecessors": [
          {
            "Dir": "Forward",
            "Id": "{607562fd-74b5-35cf-aa7d-8a239f20bbc1}"
          }
        ],
        "RightBoundary": {
          "Dir": "Forward",
          "Id": "{d01e85b9-178a-3dad-ad92-46920dd56ccb}"
        },
        "SpeedLimit": "40mph",
        "Successors": [
          {
            "Dir": "Forward",
            "Id": "{6789762e-ebe9-33e6-8167-d529a7b5a473}"
          }
        ],
        "TravelDir": "Forward",
        "Type": "Lane"
      },
      "type": "Feature"
    },
    {
      "geometry": {
        "coordinates": [
          [
            2.853584621109734e-05,
            4.612284332956366e-05,
            0
          ],
          [
            2.9172086100056658e-05,
            4.607440876803553e-05,
            0
          ],
          [
            2.9793856957627856e-05,
            4.593020655665792e-05,
            0
          ],
          [
            3.0658728524410134e-05,
            4.5547885862562995e-05,
            0
          ],
          [
            3.141779679566638e-05,
            4.4981925581218124e-05,
            0
          ],
          [
            3.1531436102412056e-05,
            4.487143577233902e-05,
            0
          ],
          [
            3.153839161260607e-05,
            4.486439930079299e-05,
            0
          ],
          [
            3.2208518199604436e-05,
            4.397822879756941e-05,
            0
          ],
          [
            3.262755750150796e-05,
            4.294746574739726e-05,
            0
          ],
          [
            3.2766897708846825e-05,
            4.1852506621239865e-05,
            0
          ]
        ],
        "type": "LineString"
      },
      "properties": {
        "Id": "{879abafb-ba8c-3f89-ab51-9ed730a23045}",
        "LaneType": "Sidewalk",
        "LeftBoundary": {
          "Dir": "Forward",
          "Id": "{1c37e02c-5304-3de2-a954-1f6629fbd2cb}"
        },
        "Predecessors": [],
        "RightBoundary": {
          "Dir": "Forward",
          "Id": "{8704ba82-19f2-3172-963f-71326bd25ae0}"
        },
        "Successors": [
          {
            "Dir": "Forward",
            "Id": "{3014a4cb-2cdb-31dd-9ccc-8ce732b10493}"
          }
        ],
        "TravelDir": "Undirected",
        "Type": "Lane"
      },
      "type": "Feature"
    },
    {
      "geometry": {
        "coordinates": [
          [
            3.989531149558542e-05,
            1.69949324357339e-05,
            0
          ],
          [
            3.9895282014061866e-05,
            1.699493243679314e-05,
            0
          ],
          [
            3.946123413146163e-05,
            1.7049949124524592e-05,
            0
          ],
          [
            3.905426714934791e-05,
            1.7211535941094342e-05,
            0
          ],
          [
            3.865905359301435e-05,
            1.750915598693238e-05,
            0
          ],
          [
            3.8655230548056715e-05,
            1.7513002774372366e-05,
            0
          ],
          [
            3.837309776808902e-05,
            1.7886027747991995e-05,
            0
          ],
          [
            3.819858224561978e-05,
            1.8320717870264407e-05,
            0
          ],
          [
            3.814380538588559e-05,
            1.87627338128388e-05,
            0
          ],
          [
            3.814380546033062e-05,
            1.876276349295376e-05,
            0
          ]
        ],
        "type": "LineString"
      },
      "properties": {
        "Id": "{81f21d51-bbf3-30bf-9a79-33290c505d52}",
        "LaneType": "Curb",
        "LeftBoundary": {
          "Dir": "Forward",
          "Id": "{ba26704f-f7bf-3a70-ae4f-9c56b21c2625}"
        },
        "Predecessors": [],
        "RightBoundary": {
          "Dir": "Forward",
          "Id": "{9aa16d71-7136-340c-b3f9-582a1a834e4b}"
        },
        "Successors": [],
        "TravelDir": "Undirected",
        "Type": "Lane"
      },
      "type": "Feature"
    },
    {
      "geometry": {
        "coordinates": [
          [
            3.989534195208883e-05,
            1.785408343838442e-05,
            0
          ],
          [
            3.989531247057593e-05,
            1.7854083439443657e-05,
            0
          ],
          [
            3.9464062446204614e-05,
            1.7965151941803745e-05,
            0
          ],
          [
            3.9261407470899824e-05,
            1.811776356676321e-05,
            0
          ],
          [
            3.925944711536699e-05,
            1.8119736096807135e-05,
            0
          ],
          [
            3.9025290270428096e-05,
            1.853391045692935e-05,
            0
          ],
          [
            3.899720218479327e-05,
            1.8760564248655994e-05,
            0
          ],
          [
            3.899720225923828e-05,
            1.8760593928770955e-05,
            0
          ]
        ],
        "type": "LineString"
      },
      "properties": {
        "Id": "{dab8936d-e654-3f91-a235-29ef06fdd9bd}",
        "LaneType": "Sidewalk",
        "LeftBoundary": {
          "Dir": "Forward",
          "Id": "{9aa16d71-7136-340c-b3f9-582a1a834e4b}"
        },
        "Predecessors": [],
        "RightBoundary": {
          "Dir": "Forward",
          "Id": "{353edf11-3e66-36c2-9e67-66aaf3a263b6}"
        },
        "Successors": [
          {
            "Dir": "Backward",
            "Id": "{d6eb4005-b6f4-3c88-82e2-90fb1dfb20b7}"
          }
        ],
        "TravelDir": "Undirected",
        "Type": "Lane"
      },
      "type": "Feature"
    },
    {
      "geometry": {
        "coordinates": [
          [
            1.03613244092601e-05,
            2.9165915634874317e-05,
            0
          ],
          [
            8.364125481994287e-06,
            2.9165915634874486e-05,
            0
          ],
          [
            6.93609364869606e-06,
            2.9165915634874588e-05,
            0
          ],
          [
            5.805969797311308e-06,
            2.9035070315840013e-05,
            0
          ],
          [
            4.734754004097401e-06,
            2.8648847051910226e-05,
            0
          ],
          [
            4.378343582670507e-06,
            2.8453073802841947e-05,
            0
          ],
          [
            4.14318990604442e-06,
            2.8295461538840437e-05,
            0
          ],
          [
            3.6302216570666506e-06,
            2.7812892821005828e-05,
            0
          ],
          [
            3.2425058139053724e-06,
            2.722364656979645e-05,
            0
          ],
          [
            3.001214793142744e-06,
            2.6559900389804128e-05,
            0
          ],
          [
            2.9195246733877397e-06,
            2.585845422105435e-05,
            0
          ],
          [
            2.9195246733877117e-06,
            2.4418165564514273e-05,
            0
          ],
          [
            2.9195246733876757e-06,
            2.2410139128932754e-05,
            0
          ]
        ],
        "type": "LineString"
      },
      "properties": {
        "Id": "{e33820e6-6026-33e3-b139-9fc2201d57ef}",
        "LaneType": "Driving",
        "LeftBoundary": {
          "Dir": "Forward",
          "Id": "{14523af4-8971-3688-b1b8-39ad02d342a5}"
        },
        "Predecessors": [
          {
            "Dir": "Backward",
            "Id": "{d001c7dc-d19b-3951-b23d-f82aca829c1f}"
          }
        ],
        "RightBoundary": {
          "Dir": "Forward",
          "Id": "{342671e1-ebc6-3971-9b56-e49a8c1206d9}"
        },
        "SpeedLimit": "40mph",
        "Successors": [
          {
            "Dir": "Forward",
            "Id": "{411e73c7-9247-3a25-b8b6-da9c43abd266}"
          }
        ],
        "TravelDir": "Forward",
        "Type": "Lane"
      },
      "type": "Feature"
    },
    {
      "geometry": {
        "coordinates": [
          [
            5.928880889808777e-05,
            2.6904991319974437e-05,
            0
          ],
          [
            6.184786018049302e-05,
            2.69049912528846e-05,
            0
          ],
          [
            6.259047908058438e-05,
            2.684817047664234e-05,
            0
          ],
          [
            6.362245147922508e-05,
            2.657076400874395e-05,
            0
          ],
          [
            6.463211901728988e-05,
            2.6032881837184906e-05,
            0
          ],
          [
            6.469936933834472e-05,
            2.5985383313463377e-05,
            0
          ],
          [
            6.516067268313469e-05,
            2.5562239025960686e-05,
            0
          ],
          [
            6.55099813632415e-05,
            2.5041683609329347e-05,
            0
          ],
          [
            6.572770387231837e-05,
            2.4452955736535966e-05,
            0
          ],
          [
            6.580159456174356e-05,
            2.3828980088590417e-05,
            0
          ],
          [
            6.580159456174333e-05,
            2.335795446925157e-05,
            0
          ],
          [
            6.58015945617424e-05,
            2.1252682088409946e-05,
            0
          ]
        ],
        "type": "LineString"
      },
      "properties": {
        "Id": "{7aa0615d-0a7d-3265-ac8e-33a1d5abffa5}",
        "LaneType": "Driving",
        "LeftBoundary": {
          "Dir": "Forward",
          "Id": "{e8a2d471-790b-32e6-a50a-ca471b030b9b}"
        },
        "Predecessors": [
          {
            "Dir": "Forward",
            "Id": "{235949ca-80d5-3947-899f-cbbfd4e1d015}"
          }
        ],
        "RightBoundary": {
          "Dir": "Forward",
          "Id": "{f330843d-2dfd-3d0c-94f0-3607d9d2d3fa}"
        },
        "SpeedLimit": "40mph",
        "Successors": [
          {
            "Dir": "Backward",
            "Id": "{2dd62432-f786-3a1a-a110-b3e948be9a8e}"
          }
        ],
        "TravelDir": "Forward",
        "Type": "Lane"
      },
      "type": "Feature"
    },
    {
      "geometry": {
        "coordinates": [
          [
            3.4730149698111025e-05,
            1.8744106366484345e-05,
            0
          ],
          [
            3.472455995551875e-05,
            1.8574512448373512e-05,
            0.0
          ],
          [
            3.4712867785340835e-05,
            1.8405192608486402e-05,
            0.0
          ],
          [
            3.469513187508983e-05,
            1.823648579002801e-05,
            0.0
          ],
          [
            3.4671410912278264e-05,
            1.8068730936203335e-05,
            0.0
          ],
          [
            3.4641763584418666e-05,
            1.7902266990217372e-05,
            0.0
          ],
          [
            3.460624857902358e-05,
            1.7737432895275117e-05,
            0.0
          ],
          [
            3.4564924583605556e-05,
            1.757456759458157e-05,
            0.0
          ],
          [
            3.451785028567711e-05,
            1.7414010031341734e-05,
            0.0
          ],
          [
            3.4465084372750787e-05,
            1.7256099148760598e-05,
            0.0
          ],
          [
            3.440668553233913e-05,
            1.7101173890043164e-05,
            0.0
          ],
          [
            3.4342712451954675e-05,
            1.6949573198394426e-05,
            0.0
          ],
          [
            3.427322381910995e-05,
            1.680163601701939e-05,
            0.0
          ],
          [
            3.419827832131749e-05,
            1.6657701289123042e-05,
            0.0
          ],
          [
            3.411793464608986e-05,
            1.6518107957910393e-05,
            0.0
          ],
          [
            3.4032251480939556e-05,
            1.638319496658643e-05,
            0.0
          ],
          [
            3.3941287513379145e-05,
            1.6253301258356157e-05,
            0.0
          ],
          [
            3.384510143092116e-05,
            1.612876577642457e-05,
            0.0
          ],
          [
            3.374375192107813e-05,
            1.6009927463996664e-05,
            0.0
          ],
          [
            3.363729767136259e-05,
            1.5897125264277436e-05,
            0.0
          ],
          [
            3.3525797369287095e-05,
            1.5790698120471886e-05,
            0.0
          ],
          [
            3.340930970236416e-05,
            1.5690984975785017e-05,
            0.0
          ],
          [
            3.328789335810633e-05,
            1.5598324773421822e-05,
            0.0
          ],
          [
            3.3161607024026154e-05,
            1.551305645658729e-05,
            0.0
          ],
          [
            3.303050938763615e-05,
            1.5435518968486438e-05,
            0.0
          ],
          [
            3.289465913644887e-05,
            1.536605125232425e-05,
            0.0
          ],
          [
            3.2754114957976845e-05,
            1.5304992251305722e-05,
            0.0
          ],
          [
            3.260893553973261e-05,
            1.5252680908635862e-05,
            0.0
          ],
          [
            3.245917956922871e-05,
            1.520945616751966e-05,
            0.0
          ],
          [
            3.230490573397767e-05,
            1.5175656971162111e-05,
            0.0
          ],
          [
            3.214617272149203e-05,
            1.5151622262768224e-05,
            0.0
          ],
          [
            3.198303921928434e-05,
            1.513769098554299e-05,
            0.0
          ],
          [
            3.1815563914867126e-05,
            1.5134202082691404e-05,
            0
          ]
        ],
        "type": "LineString"
      },
      "properties": {
        "Id": "{c1384ad2-0c45-32d8-b136-73a8fd5fcdf2}",
        "LaneType": "Driving",
        "LeftBoundary": {
          "Dir": "Forward",
          "Id": "{7057a491-60f0-31c8-9ba5-e91ea4d67d02}"
        },
        "Predecessors": [
          {
            "Dir": "Forward",
            "Id": "{607562fd-74b5-35cf-aa7d-8a239f20bbc1}"
          }
        ],
        "RightBoundary": {
          "Dir": "Forward",
          "Id": "{1b2946ed-52e4-3cf7-9ede-d424cd5f4433}"
        },
        "SpeedLimit": "40mph",
        "Successors": [
          {
            "Dir": "Forward",
            "Id": "{57e997d7-f91a-3111-86b7-0829931085c7}"
          }
        ],
        "TravelDir": "Forward",
        "Type": "Lane"
      },
      "type": "Feature"
    },
    {
      "geometry": {
        "coordinates": [
          [
            1.2322220271924268e-05,
            2.916591563487412e-05,
            0
          ],
          [
            1.114408386505077e-05,
            2.928617178395762e-05,
            0
          ],
          [
            1.0013899054436164e-05,
            2.964204565849585e-05,
            0
          ],
          [
            8.977665747570693e-06,
            3.021905275546342e-05,
            0
          ],
          [
            8.077559910545975e-06,
            3.099370817855386e-05,
            0
          ],
          [
            7.531689269637694e-06,
            3.166056468619244e-05,
            0
          ],
          [
            7.088259095268447e-06,
            3.240043809631058e-05,
            0
          ],
          [
            6.756751675294032e-06,
            3.319750699427245e-05,
            0
          ],
          [
            6.5442258161547525e-06,
            3.403489596081939e-05,
            0
          ],
          [
            6.407520924120886e-06,
            3.480368976547123e-05,
            0
          ],
          [
            6.287622619161916e-06,
            3.5477967566910164e-05,
            0
          ],
          [
            6.201250096072224e-06,
            3.5963704833938665e-05,
            0
          ],
          [
            5.858279488990598e-06,
            3.7892484969869075e-05,
            0
          ],
          [
            5.719885006538388e-06,
            3.9561123500171206e-05,
            0
          ],
          [
            5.893069726629284e-06,
            4.122646671609259e-05,
            0
          ],
          [
            6.3717552842464355e-06,
            4.283006509649371e-05,
            0
          ],
          [
            7.139140973458914e-06,
            4.431563621470211e-05,
            0
          ],
          [
            7.967149846326514e-06,
            4.541115323031886e-05,
            0
          ],
          [
            8.952441364306117e-06,
            4.636566864530444e-05,
            0
          ]
        ],
        "type": "LineString"
      },
      "properties": {
        "Id": "{d363f06e-4ae5-305d-8270-a8b39b66cfd1}",
        "LaneType": "Driving",
        "LeftBoundary": {
          "Dir": "Forward",
          "Id": "{28371567-5703-317e-aa2d-0821135257d8}"
        },
        "Predecessors": [
          {
            "Dir": "Backward",
            "Id": "{b0dac25a-9652-3aa9-99a4-f49fbd873a80}"
          }
        ],
        "RightBoundary": {
          "Dir": "Forward",
          "Id": "{eba9d515-638f-390b-b362-a16d55102c5b}"
        },
        "SpeedLimit": "40mph",
        "Successors": [
          {
            "Dir": "Backward",
            "Id": "{840b03f1-d9bb-3da0-877e-6835bb5e1616}"
          }
        ],
        "TravelDir": "Forward",
        "Type": "Lane"
      },
      "type": "Feature"
    },
    {
      "geometry": {
        "coordinates": [
          [
            4.372483489090285e-05,
            2.9165915420634335e-05,
            0
          ],
          [
            4.265970697396555e-05,
            2.916591544855832e-05,
            0
          ],
          [
            4.186615214687137e-05,
            2.923355577831126e-05,
            0
          ],
          [
            4.109528998260215e-05,
            2.9434651117059385e-05,
            0
          ],
          [
            4.028370303265423e-05,
            2.981237506786548e-05,
            0
          ],
          [
            3.954347618414428e-05,
            3.03499384451116e-05,
            0
          ],
          [
            3.8990698221757976e-05,
            3.093062029572397e-05,
            0
          ],
          [
            3.854322427499208e-05,
            3.159691339053345e-05,
            0
          ],
          [
            3.8272590877896696e-05,
            3.1975478541366274e-05,
            0
          ],
          [
            3.7921670541802623e-05,
            3.228318095494519e-05,
            0
          ],
          [
            3.751010827503413e-05,
            3.250185196509928e-05,
            0
          ],
          [
            3.705975574749751e-05,
            3.261988135604611e-05,
            0
          ],
          [
            3.659452417638265e-05,
            3.263100242285483e-05,
            0
          ],
          [
            3.6139114773475724e-05,
            3.25346246986625e-05,
            0
          ],
          [
            3.57177072479725e-05,
            3.233586530518409e-05,
            0
          ],
          [
            3.5352675998301576e-05,
            3.20452772619783e-05,
            0
          ],
          [
            3.491479335985527e-05,
            3.1387197649484876e-05,
            0
          ],
          [
            3.475991617746976e-05,
            3.061108525713736e-05,
            0
          ],
          [
            3.475722647159122e-05,
            2.9538782333045996e-05,
            0
          ]
        ],
        "type": "LineString"
      },
      "properties": {
        "Id": "{97d85369-9c81-32c9-b684-1fb5b9835940}",
        "LaneType": "Driving",
        "LeftBoundary": {
          "Dir": "Forward",
          "Id": "{20e47267-1f8a-3532-bd36-34e8ed25aa85}"
        },
        "Predecessors": [
          {
            "Dir": "Backward",
            "Id": "{02dfc126-3096-31ae-bd99-ce26c505d26f}"
          }
        ],
        "RightBoundary": {
          "Dir": "Forward",
          "Id": "{c4443fb1-def7-3424-9eb0-b4d9c8baf222}"
        },
        "SpeedLimit": "40mph",
        "Successors": [
          {
            "Dir": "Forward",
            "Id": "{5e908d81-9ee6-3afb-b55c-13d1d315612b}"
          }
        ],
        "TravelDir": "Forward",
        "Type": "Lane"
      },
      "type": "Feature"
    },
    {
      "geometry": {
        "coordinates": [
          [
            4.351048824914489e-05,
            1.106971760168208e-05,
            0
          ],
          [
            4.0758283663742355e-05,
            1.1071197850297082e-05,
            0
          ],
          [
            3.989510150610521e-05,
            1.1071312364827693e-05,
            0
          ]
        ],
        "type": "LineString"
      },
      "properties": {
        "Id": "{24434bde-47ef-3579-890e-48534511c511}",
        "RightLane": {
          "Dir": "Forward",
          "Id": "{2b499a0d-9e4b-3627-9a24-4d33619a020c}"
        },
        "Type": "LaneBoundary"
      },
      "type": "Feature"
    },
    {
      "geometry": {
        "coordinates": [
          [
            4.351048824914489e-05,
            1.106971760168208e-05,
            0
          ],
          [
            4.0758283663742355e-05,
            1.1071197850297082e-05,
            0
          ],
          [
            3.989510150610521e-05,
            1.1071312364827693e-05,
            0
          ]
        ],
        "type": "LineString"
      },
      "properties": {
        "Id": "{6d279f98-fcf2-3bbd-a786-b762ed589dd4}",
        "LeftLane": {
          "Dir": "Forward",
          "Id": "{2b499a0d-9e4b-3627-9a24-4d33619a020c}"
        },
        "RightLane": {
          "Dir": "Forward",
          "Id": "{1c0d6342-89f9-3f21-97a1-b302c5a611c2}"
        },
        "Type": "LaneBoundary"
      },
      "type": "Feature"
    },
    {
      "geometry": {
        "coordinates": [
          [
            4.3512753659576885e-05,
            1.3782825074246757e-05,
            0
          ],
          [
            4.075889775142646e-05,
            1.3784306211011026e-05,
            0
          ],
          [
            3.9895197684494733e-05,
            1.3784420794250387e-05,
            0
          ]
        ],
        "type": "LineString"
      },
      "properties": {
        "Id": "{745dea6a-812d-34ab-a15f-5c1a9149737b}",
        "LeftLane": {
          "Dir": "Forward",
          "Id": "{1c0d6342-89f9-3f21-97a1-b302c5a611c2}"
        },
        "RightLane": {
          "Dir": "Forward",
          "Id": "{858ddf59-0553-3bfe-8a4a-007d9519a5f6}"
        },
        "Type": "LaneBoundary"
      },
      "type": "Feature"
    },
    {
      "geometry": {
        "coordinates": [
          [
            4.3515019070011615e-05,
            1.649593254681143e-05,
            0
          ],
          [
            4.075951183910799e-05,
            1.6497414571724963e-05,
            0
          ],
          [
            3.989529386288433e-05,
            1.6497529223673068e-05,
            0
          ]
        ],
        "type": "LineString"
      },
      "properties": {
        "Id": "{4cb8dfd3-f5a2-3040-8202-fe19bcd5749f}",
        "LeftLane": {
          "Dir": "Forward",
          "Id": "{858ddf59-0553-3bfe-8a4a-007d9519a5f6}"
        },
        "RightLane": {
          "Dir": "Forward",
          "Id": "{df457a4e-91b8-3d76-bc25-b630c8c91eae}"
        },
        "Type": "LaneBoundary"
      },
      "type": "Feature"
    },
    {
      "geometry": {
        "coordinates": [
          [
            4.3515396638410775e-05,
            1.694811712557221e-05,
            0
          ],
          [
            4.075961418705403e-05,
            1.6949599298510625e-05,
            0
          ],
          [
            3.989530989260706e-05,
            1.6949713961910192e-05,
            0
          ]
        ],
        "type": "LineString"
      },
      "properties": {
        "Id": "{72c92d6b-9e01-3737-a039-dfce2f1818c6}",
        "LeftLane": {
          "Dir": "Forward",
          "Id": "{df457a4e-91b8-3d76-bc25-b630c8c91eae}"
        },
        "Type": "LaneBoundary"
      },
      "type": "Feature"
    },
    {
      "geometry": {
        "coordinates": [
          [
            3.989510150610521e-05,
            1.1071312364827693e-05,
            0
          ],
          [
            3.842200174520381e-05,
            1.1071122097878225e-05,
            0
          ]
        ],
        "type": "LineString"
      },
      "properties": {
        "Id": "{616af63d-2ec5-37d9-b80c-55e704d3f8c1}",
        "RightLane": {
          "Dir": "Forward",
          "Id": "{251646c6-ab00-3c9c-86e8-4a18ec32fba7}"
        },
        "Type": "LaneBoundary"
      },
      "type": "Feature"
    },
    {
      "geometry": {
        "coordinates": [
          [
            3.9895197684494733e-05,
            1.3784420794250387e-05,
            0
          ],
          [
            3.842121406372948e-05,
            1.3784230413140794e-05,
            0
          ]
        ],
        "type": "LineString"
      },
      "properties": {
        "Id": "{10bd0029-1c56-3f3c-9523-f47c318cf8ff}",
        "LeftLane": {
          "Dir": "Forward",
          "Id": "{251646c6-ab00-3c9c-86e8-4a18ec32fba7}"
        },
        "RightLane": {
          "Dir": "Forward",
          "Id": "{70d6262f-cf98-39bb-b6c6-cd47fcd6e62d}"
        },
        "Type": "LaneBoundary"
      },
      "type": "Feature"
    },
    {
      "geometry": {
        "coordinates": [
          [
            3.989529386288433e-05,
            1.6497529223673068e-05,
            0
          ],
          [
            3.8420426382263245e-05,
            1.6497338728403353e-05,
            0
          ]
        ],
        "type": "LineString"
      },
      "properties": {
        "Id": "{22adbcd7-a470-3caa-90b2-08b595f1dc59}",
        "LeftLane": {
          "Dir": "Forward",
          "Id": "{70d6262f-cf98-39bb-b6c6-cd47fcd6e62d}"
        },
        "RightLane": {
          "Dir": "Forward",
          "Id": "{2e170bab-3bb3-3210-af10-ae84ee40c25c}"
        },
        "Type": "LaneBoundary"
      },
      "type": "Feature"
    },
    {
      "geometry": {
        "coordinates": [
          [
            3.989530989260706e-05,
            1.6949713961910192e-05,
            0
          ],
          [
            3.8420295102022884e-05,
            1.6949523447613786e-05,
            0
          ]
        ],
        "type": "LineString"
      },
      "properties": {
        "Id": "{3b62b4f3-a269-3b55-ad24-05780b068653}",
        "LeftLane": {
          "Dir": "Forward",
          "Id": "{2e170bab-3bb3-3210-af10-ae84ee40c25c}"
        },
        "Type": "LaneBoundary"
      },
      "type": "Feature"
    },
    {
      "geometry": {
        "coordinates": [
          [
            3.842200174520381e-05,
            1.1071122097878225e-05,
            0
          ],
          [
            3.727953971047726e-05,
            1.1070639651838638e-05,
            0
          ],
          [
            3.727460554371303e-05,
            1.1070636933731046e-05,
            0
          ],
          [
            3.333351710409281e-05,
            1.1066764156554672e-05,
            0
          ]
        ],
        "type": "LineString"
      },
      "properties": {
        "Id": "{3f4b1275-0b53-3cd1-a238-30983db16ed3}",
        "RightLane": {
          "Dir": "Forward",
          "Id": "{a30a4456-8c80-34b5-bde4-f43494272aaf}"
        },
        "Type": "LaneBoundary"
      },
      "type": "Feature"
    },
    {
      "geometry": {
        "coordinates": [
          [
            3.842121406372948e-05,
            1.3784230413140794e-05,
            0
          ],
          [
            3.72780665517844e-05,
            1.3783747677633615e-05,
            0
          ],
          [
            3.7273129424518114e-05,
            1.3783744957895162e-05,
            0
          ],
          [
            3.3329854649020586e-05,
            1.3779870082277633e-05,
            0
          ]
        ],
        "type": "LineString"
      },
      "properties": {
        "Id": "{c7a3961b-4133-317c-9440-69f408d285f9}",
        "LeftLane": {
          "Dir": "Forward",
          "Id": "{a30a4456-8c80-34b5-bde4-f43494272aaf}"
        },
        "RightLane": {
          "Dir": "Forward",
          "Id": "{45692e26-a4ea-3c9f-8525-e6f36f09e683}"
        },
        "Type": "LaneBoundary"
      },
      "type": "Feature"
    },
    {
      "geometry": {
        "coordinates": [
          [
            3.8420426382263245e-05,
            1.6497338728403353e-05,
            0
          ],
          [
            3.727659339308896e-05,
            1.6496855703428596e-05,
            0
          ],
          [
            3.7271653305331283e-05,
            1.6496852982059272e-05,
            0
          ],
          [
            3.332619219395908e-05,
            1.6492976008000582e-05,
            0
          ]
        ],
        "type": "LineString"
      },
      "properties": {
        "Id": "{66696217-753e-3f00-ac38-7636fa7f8937}",
        "LeftLane": {
          "Dir": "Forward",
          "Id": "{45692e26-a4ea-3c9f-8525-e6f36f09e683}"
        },
        "RightLane": {
          "Dir": "Forward",
          "Id": "{4852a463-e14c-39dc-bbae-39218fbeae03}"
        },
        "Type": "LaneBoundary"
      },
      "type": "Feature"
    },
    {
      "geometry": {
        "coordinates": [
          [
            3.8420295102022884e-05,
            1.6949523447613786e-05,
            0
          ],
          [
            3.7276347866642407e-05,
            1.6949040374394427e-05,
            0
          ],
          [
            3.7271407285460596e-05,
            1.6949037652753297e-05,
            0
          ],
          [
            3.332558178477462e-05,
            1.6945160328954416e-05,
            0
          ]
        ],
        "type": "LineString"
      },
      "properties": {
        "Id": "{eaa8aee6-f0f1-305d-9b55-c1728a10e0ad}",
        "LeftLane": {
          "Dir": "Forward",
          "Id": "{4852a463-e14c-39dc-bbae-39218fbeae03}"
        },
        "Type": "LaneBoundary"
      },
      "type": "Feature"
    },
    {
      "geometry": {
        "coordinates": [
          [
            3.333351710409281e-05,
            1.1066764156554672e-05,
            0
          ],
          [
            3.182180354220694e-05,
            1.1064544283973814e-05,
            0
          ]
        ],
        "type": "LineString"
      },
      "properties": {
        "Id": "{d2537641-92c7-3471-be1a-86192b6d68e7}",
        "RightLane": {
          "Dir": "Forward",
          "Id": "{9d564438-ca4a-388f-9b5a-077d63bb940b}"
        },
        "Type": "LaneBoundary"
      },
      "type": "Feature"
    },
    {
      "geometry": {
        "coordinates": [
          [
            3.3329854649020586e-05,
            1.3779870082277633e-05,
            0
          ],
          [
            3.181764379064261e-05,
            1.3777649483118871e-05,
            0
          ]
        ],
        "type": "LineString"
      },
      "properties": {
        "Id": "{e95706df-e87d-3952-9a4c-31d5768bd302}",
        "LeftLane": {
          "Dir": "Forward",
          "Id": "{9d564438-ca4a-388f-9b5a-077d63bb940b}"
        },
        "RightLane": {
          "Dir": "Forward",
          "Id": "{a4b5ede2-e8ca-3587-a649-fe65ed2be61a}"
        },
        "Type": "LaneBoundary"
      },
      "type": "Feature"
    },
    {
      "geometry": {
        "coordinates": [
          [
            3.332619219395908e-05,
            1.6492976008000582e-05,
            0
          ],
          [
            3.1813484039078345e-05,
            1.6490754682263926e-05,
            0
          ]
        ],
        "type": "LineString"
      },
      "properties": {
        "Id": "{a84b1dac-99e2-318d-ab30-be527af3447e}",
        "LeftLane": {
          "Dir": "Forward",
          "Id": "{a4b5ede2-e8ca-3587-a649-fe65ed2be61a}"
        },
        "RightLane": {
          "Dir": "Forward",
          "Id": "{a5d0cef0-5b48-3c56-9fe2-497a5eb17158}"
        },
        "Type": "LaneBoundary"
      },
      "type": "Feature"
    },
    {
      "geometry": {
        "coordinates": [
          [
            3.332558178477462e-05,
            1.6945160328954416e-05,
            0
          ],
          [
            3.1812790747161184e-05,
            1.694293888212144e-05,
            0
          ]
        ],
        "type": "LineString"
      },
      "properties": {
        "Id": "{1659ba7e-d208-3407-8469-aa6575ba7163}",
        "LeftLane": {
          "Dir": "Forward",
          "Id": "{a5d0cef0-5b48-3c56-9fe2-497a5eb17158}"
        },
        "Type": "LaneBoundary"
      },
      "type": "Feature"
    },
    {
      "geometry": {
        "coordinates": [
          [
            3.182180354220694e-05,
            1.1064544283973814e-05,
            0
          ],
          [
            2.9444451192576937e-05,
            1.1060672574318742e-05,
            0
          ],
          [
            2.824503715888082e-05,
            1.1058673539894144e-05,
            0
          ]
        ],
        "type": "LineString"
      },
      "properties": {
        "Id": "{ae6f4703-1bf9-3c51-ab9b-c3da77399715}",
        "RightLane": {
          "Dir": "Forward",
          "Id": "{66499891-e4a9-35af-bcb3-a46112c9fc1b}"
        },
        "Type": "LaneBoundary"
      },
      "type": "Feature"
    },
    {
      "geometry": {
        "coordinates": [
          [
            3.182180354220694e-05,
            1.1064544283973814e-05,
            0
          ],
          [
            2.9444451192576937e-05,
            1.1060672574318742e-05,
            0
          ],
          [
            2.824503715888082e-05,
            1.1058673539894144e-05,
            0
          ]
        ],
        "type": "LineString"
      },
      "properties": {
        "Id": "{131acf13-4de1-374c-9df1-4476d0d70b60}",
        "LeftLane": {
          "Dir": "Forward",
          "Id": "{66499891-e4a9-35af-bcb3-a46112c9fc1b}"
        },
        "RightLane": {
          "Dir": "Forward",
          "Id": "{c3a188ab-d809-39ee-8aa2-31a8aaa3cd62}"
        },
        "Type": "LaneBoundary"
      },
      "type": "Feature"
    },
    {
      "geometry": {
        "coordinates": [
          [
            3.181764379064261e-05,
            1.3777649483118871e-05,
            0
          ],
          [
            2.9439989721215116e-05,
            1.3773777287604793e-05,
            0
          ],
          [
            2.824057563176121e-05,
            1.3771778253087286e-05,
            0
          ]
        ],
        "type": "LineString"
      },
      "properties": {
        "Id": "{8c8d99b4-0e17-367c-ac30-fb0faeb5dedc}",
        "LeftLane": {
          "Dir": "Forward",
          "Id": "{c3a188ab-d809-39ee-8aa2-31a8aaa3cd62}"
        },
        "RightLane": {
          "Dir": "Forward",
          "Id": "{57e997d7-f91a-3111-86b7-0829931085c7}"
        },
        "Type": "LaneBoundary"
      },
      "type": "Feature"
    },
    {
      "geometry": {
        "coordinates": [
          [
            3.1813484039078345e-05,
            1.6490754682263926e-05,
            0
          ],
          [
            2.943552824984271e-05,
            1.6486882000890835e-05,
            0
          ],
          [
            2.8236114104633655e-05,
            1.6484882966280437e-05,
            0
          ]
        ],
        "type": "LineString"
      },
      "properties": {
        "Id": "{e2bd5dd2-60b3-36e0-b78c-04e1c9b85808}",
        "LeftLane": {
          "Dir": "Forward",
          "Id": "{57e997d7-f91a-3111-86b7-0829931085c7}"
        },
        "RightLane": {
          "Dir": "Forward",
          "Id": "{5b0f3f14-5ef9-37e0-bc4b-5936bfd4488b}"
        },
        "Type": "LaneBoundary"
      },
      "type": "Feature"
    },
    {
      "geometry": {
        "coordinates": [
          [
            3.1812790747161184e-05,
            1.694293888212144e-05,
            0
          ],
          [
            2.9434784671285538e-05,
            1.6939066119771847e-05,
            0
          ],
          [
            2.823537051678619e-05,
            1.6937067085145955e-05,
            0
          ]
        ],
        "type": "LineString"
      },
      "properties": {
        "Id": "{7a7072f6-d881-3c16-a388-94156ab100ab}",
        "LeftLane": {
          "Dir": "Forward",
          "Id": "{5b0f3f14-5ef9-37e0-bc4b-5936bfd4488b}"
        },
        "Type": "LaneBoundary"
      },
      "type": "Feature"
    },
    {
      "geometry": {
        "coordinates": [
          [
            5.685951046163778e-05,
            9.81916666363121e-06,
            0
          ],
          [
            5.742302587751749e-05,
            9.936394972216504e-06,
            0
          ],
          [
            5.841873794495289e-05,
            1.0174950381381275e-05,
            0
          ],
          [
            5.928503172553197e-05,
            1.0437379477154732e-05,
            0
          ],
          [
            6.0411111517593874e-05,
            1.0930915982635428e-05,
            0
          ],
          [
            6.085433362803141e-05,
            1.1239748276726318e-05,
            0
          ],
          [
            6.130301462112903e-05,
            1.1653195395184716e-05,
            0
          ],
          [
            6.173955159424718e-05,
            1.2169889409807811e-05,
            0
          ],
          [
            6.21491513446665e-05,
            1.2784611743710101e-05,
            0
          ],
          [
            6.259840979644828e-05,
            1.3661069624646047e-05,
            0
          ],
          [
            6.297620849615947e-05,
            1.4655603316740362e-05,
            0
          ],
          [
            6.33611254743485e-05,
            1.614492041824489e-05,
            0
          ],
          [
            6.360977740433303e-05,
            1.777511984971705e-05,
            0
          ],
          [
            6.37379719576289e-05,
            1.9443248736868054e-05,
            0
          ],
          [
            6.378038517247485e-05,
            2.1167920065282837e-05,
            0
          ]
        ],
        "type": "LineString"
      },
      "properties": {
        "Id": "{284d8af6-e7e1-3411-8e89-8f2738c4ce1a}",
        "RightLane": {
          "Dir": "Forward",
          "Id": "{0cdb6331-2b94-3d00-a2c5-6f6c6d918aee}"
        },
        "Type": "LaneBoundary"
      },
      "type": "Feature"
    },
    {
      "geometry": {
        "coordinates": [
          [
            5.703472903206813e-05,
            8.932167575046826e-06,
            0
          ],
          [
            5.7647933730135656e-05,
            9.06082858634528e-06,
            0
          ],
          [
            5.8756097527894734e-05,
            9.336777708782355e-06,
            0
          ],
          [
            5.975035417091037e-05,
            9.66379638573432e-06,
            0
          ],
          [
            6.108248716517124e-05,
            1.0330047590052307e-05,
            0
          ],
          [
            6.159259452274884e-05,
            1.0724497073589135e-05,
            0
          ],
          [
            6.209283360091613e-05,
            1.1222343435772785e-05,
            0
          ],
          [
            6.256769440611243e-05,
            1.1819477775631901e-05,
            0
          ],
          [
            6.300461487380584e-05,
            1.2508624618047185e-05,
            0
          ],
          [
            6.347558878453663e-05,
            1.3466044220474558e-05,
            0
          ],
          [
            6.386560416709004e-05,
            1.4528476032760034e-05,
            0
          ],
          [
            6.42575772329502e-05,
            1.6086698189957937e-05,
            0
          ],
          [
            6.450795597346106e-05,
            1.7759342355102798e-05,
            0
          ],
          [
            6.463628721655338e-05,
            1.944303454814759e-05,
            0
          ],
          [
            6.467870045659318e-05,
            2.116792006528246e-05,
            0
          ]
        ],
        "type": "LineString"
      },
      "properties": {
        "Id": "{9ee03003-8fe6-327f-99c8-241783267ba3}",
        "LeftLane": {
          "Dir": "Forward",
          "Id": "{0cdb6331-2b94-3d00-a2c5-6f6c6d918aee}"
        },
        "RightLane": {
          "Dir": "Forward",
          "Id": "{238ee232-911b-3680-9140-764001a85f2a}"
        },
        "Type": "LaneBoundary"
      },
      "type": "Feature"
    },
    {
      "geometry": {
        "coordinates": [
          [
            5.747277545814668e-05,
            6.714669853585886e-06,
            0
          ],
          [
            5.820732151563524e-05,
            6.883131649837007e-06,
            0
          ],
          [
            5.9563811082286605e-05,
            7.330006706013105e-06,
            0
          ],
          [
            6.0785825316148446e-05,
            7.942360040757915e-06,
            0
          ],
          [
            6.161618218151887e-05,
            8.531632111715073e-06,
            0
          ],
          [
            6.23257754014424e-05,
            9.217328344528046e-06,
            0
          ],
          [
            6.282823359915205e-05,
            9.862112887574361e-06,
            0
          ],
          [
            6.326680162042218e-05,
            1.0581935399958973e-05,
            0
          ],
          [
            6.394615116911709e-05,
            1.2204868949925732e-05,
            0
          ],
          [
            6.423711973414937e-05,
            1.3296731134713412e-05,
            0
          ],
          [
            6.4442064324179e-05,
            1.4446078719069085e-05,
            0
          ],
          [
            6.46033308902895e-05,
            1.6064242382185073e-05,
            0
          ],
          [
            6.466776067445937e-05,
            1.7756535209735537e-05,
            0
          ],
          [
            6.467870045659318e-05,
            2.116792006528246e-05,
            0
          ]
        ],
        "type": "LineString"
      },
      "properties": {
        "Id": "{2e42738d-2cb8-37d5-a48c-9d2bd48134ab}",
        "LeftLane": {
          "Dir": "Forward",
          "Id": "{238ee232-911b-3680-9140-764001a85f2a}"
        },
        "RightLane": {
          "Dir": "Forward",
          "Id": "{d37cd5d9-6651-33c9-ae06-945b4ac67729}"
        },
        "Type": "LaneBoundary"
      },
      "type": "Feature"
    },
    {
      "geometry": {
        "coordinates": [
          [
            5.791082188421201e-05,
            4.4971721321249814e-06,
            0
          ],
          [
            5.876959114718746e-05,
            4.694215685159016e-06,
            0
          ],
          [
            6.040721003966139e-05,
            5.234575024515901e-06,
            0
          ],
          [
            6.194913142960782e-05,
            6.008402312207013e-06,
            0
          ],
          [
            6.304078161497331e-05,
            6.783820674002339e-06,
            0
          ],
          [
            6.40042145204071e-05,
            7.715157363070376e-06,
            0
          ],
          [
            6.467388583594424e-05,
            8.573984879731505e-06,
            0
          ],
          [
            6.524134906987256e-05,
            9.504805501429228e-06,
            0
          ],
          [
            6.570963914829023e-05,
            1.0490028342734177e-05,
            0
          ],
          [
            6.608480999197192e-05,
            1.1514901135768488e-05,
            0
          ],
          [
            6.643006720437409e-05,
            1.2809167624284713e-05,
            0
          ],
          [
            6.666555350150263e-05,
            1.4128260509118268e-05,
            0
          ],
          [
            6.684446028677907e-05,
            1.5918686811467686e-05,
            0
          ],
          [
            6.691320709728874e-05,
            1.771709147319989e-05,
            0
          ],
          [
            6.692448866688887e-05,
            2.1167920065281503e-05,
            0
          ]
        ],
        "type": "LineString"
      },
      "properties": {
        "Id": "{dbdf335b-e453-3d20-b858-823172da200c}",
        "LeftLane": {
          "Dir": "Forward",
          "Id": "{d37cd5d9-6651-33c9-ae06-945b4ac67729}"
        },
        "RightLane": {
          "Dir": "Forward",
          "Id": "{9477ae27-d456-30ad-83c6-9732581f9af6}"
        },
        "Type": "LaneBoundary"
      },
      "type": "Feature"
    },
    {
      "geometry": {
        "coordinates": [
          [
            5.834886831028008e-05,
            2.2796744106641103e-06,
            0
          ],
          [
            5.933186077874509e-05,
            2.5052997204810675e-06,
            0
          ],
          [
            6.12506089970442e-05,
            3.139143343018762e-06,
            0
          ],
          [
            6.311243754306191e-05,
            4.074444583656193e-06,
            0
          ],
          [
            6.446538104841712e-05,
            5.036009236289695e-06,
            0
          ],
          [
            6.56826536393771e-05,
            6.212986381612793e-06,
            0
          ],
          [
            6.651953807274706e-05,
            7.2858568718887365e-06,
            0
          ],
          [
            6.721589651933883e-05,
            8.427675602899558e-06,
            0
          ],
          [
            6.77799961779599e-05,
            9.613999257294527e-06,
            0
          ],
          [
            6.822346881482937e-05,
            1.0824933321611287e-05,
            0
          ],
          [
            6.862301467459071e-05,
            1.2321604113856043e-05,
            0
          ],
          [
            6.888904267882885e-05,
            1.3810442299167465e-05,
            0
          ],
          [
            6.908558968327655e-05,
            1.5773131240750292e-05,
            0
          ],
          [
            6.915865352011803e-05,
            1.7677647736664222e-05,
            0
          ],
          [
            6.917027687719248e-05,
            2.1167920065280513e-05,
            0
          ]
        ],
        "type": "LineString"
      },
      "properties": {
        "Id": "{f824bc39-aba3-3615-baed-56a7b18065d6}",
        "LeftLane": {
          "Dir": "Forward",
          "Id": "{9477ae27-d456-30ad-83c6-9732581f9af6}"
        },
        "RightLane": {
          "Dir": "Forward",
          "Id": "{fced2539-87b7-34d6-b168-d047f97a06fc}"
        },
        "Type": "LaneBoundary"
      },
      "type": "Feature"
    },
    {
      "geometry": {
        "coordinates": [
          [
            5.869930545114097e-05,
            5.056762334954382e-07,
            0
          ],
          [
            5.9781676483992314e-05,
            7.541669487387427e-07,
            0
          ],
          [
            6.192532816294143e-05,
            1.4627979978210983e-06,
            0
          ],
          [
            6.29928267197921e-05,
            1.9462348380030113e-06,
            0
          ],
          [
            6.40430824338268e-05,
            2.527278400815598e-06,
            0
          ],
          [
            6.56050605951743e-05,
            3.637760086119652e-06,
            0
          ],
          [
            6.702540493454777e-05,
            5.0112495964467975e-06,
            0
          ],
          [
            6.799605986218447e-05,
            6.255354465614585e-06,
            0
          ],
          [
            6.879553447890221e-05,
            7.565971684075877e-06,
            0
          ],
          [
            6.94362818016929e-05,
            8.913175988942855e-06,
            0
          ],
          [
            6.99343958731211e-05,
            1.0272959070285558e-05,
            0
          ],
          [
            7.03773726507671e-05,
            1.1931553305513123e-05,
            0
          ],
          [
            7.066783402069508e-05,
            1.355618773120683e-05,
            0
          ],
          [
            7.087849320047176e-05,
            1.565668678417637e-05,
            0
          ],
          [
            7.095501065837922e-05,
            1.764609274743567e-05,
            0
          ],
          [
            7.09669074454289e-05,
            2.1167920065279693e-05,
            0
          ]
        ],
        "type": "LineString"
      },
      "properties": {
        "Id": "{8d5d3746-2e97-33db-a28b-c30a35f598f5}",
        "LeftLane": {
          "Dir": "Forward",
          "Id": "{fced2539-87b7-34d6-b168-d047f97a06fc}"
        },
        "Type": "LaneBoundary"
      },
      "type": "Feature"
    },
    {
      "geometry": {
        "coordinates": [
          [
            3.351742793124735e-05,
            1.8747189431539948e-05,
            0
          ],
          [
            3.346310919503679e-05,
            1.832155848640027e-05,
            0
          ],
          [
            3.330567987609396e-05,
            1.7922769129384885e-05,
            0
          ],
          [
            3.301671794110982e-05,
            1.753601644037886e-05,
            0
          ],
          [
            3.301667513978264e-05,
            1.7535973424139997e-05,
            0
          ],
          [
            3.301663240661043e-05,
            1.753593047640266e-05,
            0
          ],
          [
            3.300806358805785e-05,
            1.752737927699274e-05,
            0
          ],
          [
            3.2653403603757885e-05,
            1.725764596497404e-05,
            0
          ],
          [
            3.224161761652084e-05,
            1.708918258051679e-05,
            0
          ],
          [
            3.181265208877136e-05,
            1.7033375722092945e-05,
            0
          ]
        ],
        "type": "LineString"
      },
      "properties": {
        "Id": "{9269afa2-d95e-38c4-aa23-ea19e01a0d79}",
        "RightLane": {
          "Dir": "Forward",
          "Id": "{c6cd91c4-b372-3f38-9271-da4835fdfbb9}"
        },
        "Type": "LaneBoundary"
      },
      "type": "Feature"
    },
    {
      "geometry": {
        "coordinates": [
          [
            3.190046557541218e-05,
            1.8751300184947406e-05,
            0
          ],
          [
            3.188941200648612e-05,
            1.8708264197551533e-05,
            0
          ],
          [
            3.187432629314196e-05,
            1.8688073651511337e-05,
            0
          ],
          [
            3.1874283491788164e-05,
            1.868803063524576e-05,
            0
          ],
          [
            3.187424202592151e-05,
            1.8687988961169863e-05,
            0
          ],
          [
            3.187378592253873e-05,
            1.8687533795628416e-05,
            0
          ],
          [
            3.183298933028399e-05,
            1.8664209344045574e-05,
            0
          ],
          [
            3.1810156237834426e-05,
            1.866123884157997e-05,
            0
          ]
        ],
        "type": "LineString"
      },
      "properties": {
        "Id": "{8fa6e56a-cf38-3974-87fd-dfcc1791011b}",
        "LeftLane": {
          "Dir": "Forward",
          "Id": "{c6cd91c4-b372-3f38-9271-da4835fdfbb9}"
        },
        "Type": "LaneBoundary"
      },
      "type": "Feature"
    },
    {
      "geometry": {
        "coordinates": [
          [
            6.378038517247485e-05,
            2.1167920065282837e-05,
            0
          ],
          [
            6.378038517247488e-05,
            2.12526820884108e-05,
            0
          ]
        ],
        "type": "LineString"
      },
      "properties": {
        "Id": "{6fd7d05b-2fad-3cf8-908c-50e56f9f4519}",
        "RightLane": {
          "Dir": "Forward",
          "Id": "{f64d4bb3-c929-3963-a14b-f0776bbd06cc}"
        },
        "Type": "LaneBoundary"
      },
      "type": "Feature"
    },
    {
      "geometry": {
        "coordinates": [
          [
            6.467870045659318e-05,
            2.116792006528246e-05,
            0
          ],
          [
            6.46787004565932e-05,
            2.1252682088410427e-05,
            0
          ]
        ],
        "type": "LineString"
      },
      "properties": {
        "Id": "{76147ce7-7851-30ce-98c7-cc71467bccf2}",
        "LeftLane": {
          "Dir": "Forward",
          "Id": "{f64d4bb3-c929-3963-a14b-f0776bbd06cc}"
        },
        "RightLane": {
          "Dir": "Forward",
          "Id": "{2dd62432-f786-3a1a-a110-b3e948be9a8e}"
        },
        "Type": "LaneBoundary"
      },
      "type": "Feature"
    },
    {
      "geometry": {
        "coordinates": [
          [
            6.692448866688887e-05,
            2.1167920065281503e-05,
            0
          ],
          [
            6.692448866688891e-05,
            2.1252682088409462e-05,
            0
          ]
        ],
        "type": "LineString"
      },
      "properties": {
        "Id": "{21dfda17-7d54-3f03-b4e0-4e04b8337230}",
        "LeftLane": {
          "Dir": "Forward",
          "Id": "{2dd62432-f786-3a1a-a110-b3e948be9a8e}"
        },
        "RightLane": {
          "Dir": "Forward",
          "Id": "{5d6aa09d-674b-374e-893c-e5e51d84853d}"
        },
        "Type": "LaneBoundary"
      },
      "type": "Feature"
    },
    {
      "geometry": {
        "coordinates": [
          [
            6.917027687719248e-05,
            2.1167920065280513e-05,
            0
          ],
          [
            6.917027687719251e-05,
            2.1252682088408466e-05,
            0
          ]
        ],
        "type": "LineString"
      },
      "properties": {
        "Id": "{198742f7-373d-37fa-8255-0061f01f81c1}",
        "LeftLane": {
          "Dir": "Forward",
          "Id": "{5d6aa09d-674b-374e-893c-e5e51d84853d}"
        },
        "RightLane": {
          "Dir": "Forward",
          "Id": "{9a2752bd-4593-304e-b10f-64e7ec0b9554}"
        },
        "Type": "LaneBoundary"
      },
      "type": "Feature"
    },
    {
      "geometry": {
        "coordinates": [
          [
            7.09669074454289e-05,
            2.1167920065279693e-05,
            0
          ],
          [
            7.096690744542894e-05,
            2.125268208840765e-05,
            0
          ]
        ],
        "type": "LineString"
      },
      "properties": {
        "Id": "{6927459b-ebb6-303b-a35f-96d95282e208}",
        "LeftLane": {
          "Dir": "Forward",
          "Id": "{9a2752bd-4593-304e-b10f-64e7ec0b9554}"
        },
        "Type": "LaneBoundary"
      },
      "type": "Feature"
    },
    {
      "geometry": {
        "coordinates": [
          [
            6.378038517247488e-05,
            2.12526820884108e-05,
            0
          ],
          [
            6.378038517247527e-05,
            2.2163672207090488e-05,
            0
          ],
          [
            6.378038517247569e-05,
            2.315564148068673e-05,
            0
          ]
        ],
        "type": "LineString"
      },
      "properties": {
        "Id": "{66bb46f8-d224-35c9-a3eb-270685dd67e5}",
        "RightLane": {
          "Dir": "Forward",
          "Id": "{cc7ad28e-31bb-3ba0-b764-26134a9c0cc5}"
        },
        "Type": "LaneBoundary"
      },
      "type": "Feature"
    },
    {
      "geometry": {
        "coordinates": [
          [
            6.46787004565932e-05,
            2.1252682088410427e-05,
            0
          ],
          [
            6.467870045659361e-05,
            2.2163672207090095e-05,
            0
          ],
          [
            6.467870045659405e-05,
            2.315564148068632e-05,
            0
          ]
        ],
        "type": "LineString"
      },
      "properties": {
        "Id": "{451829e0-aa6a-3384-b57f-e152613af5f9}",
        "LeftLane": {
          "Dir": "Forward",
          "Id": "{cc7ad28e-31bb-3ba0-b764-26134a9c0cc5}"
        },
        "RightLane": {
          "Dir": "Forward",
          "Id": "{82bb4345-b8e5-3140-9bef-502824194b4c}"
        },
        "Type": "LaneBoundary"
      },
      "type": "Feature"
    },
    {
      "geometry": {
        "coordinates": [
          [
            6.692448866688891e-05,
            2.1252682088409462e-05,
            0
          ],
          [
            6.692448866688931e-05,
            2.2163672207089092e-05,
            0
          ],
          [
            6.692448866688977e-05,
            2.3155641480685273e-05,
            0
          ]
        ],
        "type": "LineString"
      },
      "properties": {
        "Id": "{9dbfcd9c-51c0-3e46-9d0c-37611b079b0e}",
        "LeftLane": {
          "Dir": "Forward",
          "Id": "{82bb4345-b8e5-3140-9bef-502824194b4c}"
        },
        "RightLane": {
          "Dir": "Forward",
          "Id": "{8255e25d-c32e-3396-9260-b0939027a091}"
        },
        "Type": "LaneBoundary"
      },
      "type": "Feature"
    },
    {
      "geometry": {
        "coordinates": [
          [
            6.917027687719251e-05,
            2.1252682088408466e-05,
            0
          ],
          [
            6.917027687719292e-05,
            2.2163672207088056e-05,
            0
          ],
          [
            6.917027687719339e-05,
            2.315564148068419e-05,
            0
          ]
        ],
        "type": "LineString"
      },
      "properties": {
        "Id": "{e11de327-47cc-338b-9ef7-c86a2fafbd37}",
        "LeftLane": {
          "Dir": "Forward",
          "Id": "{8255e25d-c32e-3396-9260-b0939027a091}"
        },
        "RightLane": {
          "Dir": "Forward",
          "Id": "{96e99a25-5ea9-3370-bf6a-ca739ed8ceff}"
        },
        "Type": "LaneBoundary"
      },
      "type": "Feature"
    },
    {
      "geometry": {
        "coordinates": [
          [
            7.096690744542894e-05,
            2.125268208840765e-05,
            0
          ],
          [
            7.096690744542936e-05,
            2.2163672207087195e-05,
            0
          ],
          [
            7.096690744542983e-05,
            2.3155641480683294e-05,
            0
          ]
        ],
        "type": "LineString"
      },
      "properties": {
        "Id": "{03482969-78aa-308e-aceb-4a377eabde38}",
        "LeftLane": {
          "Dir": "Forward",
          "Id": "{96e99a25-5ea9-3370-bf6a-ca739ed8ceff}"
        },
        "Type": "LaneBoundary"
      },
      "type": "Feature"
    },
    {
      "geometry": {
        "coordinates": [
          [
            6.378038517247569e-05,
            2.315564148068673e-05,
            0
          ],
          [
            6.378038517247615e-05,
            2.4149502188388678e-05,
            0
          ],
          [
            6.378038517247616e-05,
            2.415139362249439e-05,
            0
          ],
          [
            6.378038517247616e-05,
            2.4153285056600084e-05,
            0
          ],
          [
            6.378038517247711e-05,
            2.6141006472003983e-05,
            0
          ],
          [
            6.378038517247763e-05,
            2.713108431149452e-05,
            0
          ]
        ],
        "type": "LineString"
      },
      "properties": {
        "Id": "{95040cff-eda4-3828-8398-8e82809c3ad7}",
        "RightLane": {
          "Dir": "Forward",
          "Id": "{cd7239e3-c782-3548-b03b-c7a0eb4eb08e}"
        },
        "Type": "LaneBoundary"
      },
      "type": "Feature"
    },
    {
      "geometry": {
        "coordinates": [
          [
            6.467870045659405e-05,
            2.315564148068632e-05,
            0
          ],
          [
            6.467870045659451e-05,
            2.414950218838825e-05,
            0
          ],
          [
            6.467870045659451e-05,
            2.4151393622493957e-05,
            0
          ],
          [
            6.467870045659451e-05,
            2.4153285056599653e-05,
            0
          ],
          [
            6.46787004565955e-05,
            2.6141006472003522e-05,
            0
          ],
          [
            6.4678700456596e-05,
            2.7131084311494037e-05,
            0
          ]
        ],
        "type": "LineString"
      },
      "properties": {
        "Id": "{7f9bdd60-47db-36ec-9516-afd45485bfdb}",
        "LeftLane": {
          "Dir": "Forward",
          "Id": "{cd7239e3-c782-3548-b03b-c7a0eb4eb08e}"
        },
        "RightLane": {
          "Dir": "Forward",
          "Id": "{fe4fa9df-01f2-3827-8962-f9bbf086bfc1}"
        },
        "Type": "LaneBoundary"
      },
      "type": "Feature"
    },
    {
      "geometry": {
        "coordinates": [
          [
            6.692448866688977e-05,
            2.3155641480685273e-05,
            0
          ],
          [
            6.692448866689025e-05,
            2.4149502188387153e-05,
            0
          ],
          [
            6.692448866689025e-05,
            2.4151393622492863e-05,
            0
          ],
          [
            6.692448866689025e-05,
            2.4153285056598566e-05,
            0
          ],
          [
            6.692448866689125e-05,
            2.6141006472002333e-05,
            0
          ],
          [
            6.692448866689178e-05,
            2.713108431149281e-05,
            0
          ]
        ],
        "type": "LineString"
      },
      "properties": {
        "Id": "{e3d16d75-5442-3227-b25d-b7bbd03a6ca8}",
        "LeftLane": {
          "Dir": "Forward",
          "Id": "{fe4fa9df-01f2-3827-8962-f9bbf086bfc1}"
        },
        "RightLane": {
          "Dir": "Forward",
          "Id": "{7fbba338-806a-3254-bab8-1d5c1b9bc361}"
        },
        "Type": "LaneBoundary"
      },
      "type": "Feature"
    },
    {
      "geometry": {
        "coordinates": [
          [
            6.917027687719339e-05,
            2.315564148068419e-05,
            0
          ],
          [
            6.917027687719389e-05,
            2.4149502188386025e-05,
            0
          ],
          [
            6.917027687719389e-05,
            2.415139362249173e-05,
            0
          ],
          [
            6.917027687719389e-05,
            2.415328505659743e-05,
            0
          ],
          [
            6.917027687719494e-05,
            2.6141006472001113e-05,
            0
          ],
          [
            6.917027687719549e-05,
            2.7131084311491536e-05,
            0
          ]
        ],
        "type": "LineString"
      },
      "properties": {
        "Id": "{a86b7f9c-5ef8-3a74-96e9-004acc2ae0c5}",
        "LeftLane": {
          "Dir": "Forward",
          "Id": "{7fbba338-806a-3254-bab8-1d5c1b9bc361}"
        },
        "RightLane": {
          "Dir": "Forward",
          "Id": "{b86ebae7-5bd7-3cbd-8ad0-a2a5e199c473}"
        },
        "Type": "LaneBoundary"
      },
      "type": "Feature"
    },
    {
      "geometry": {
        "coordinates": [
          [
            7.096690744542983e-05,
            2.3155641480683294e-05,
            0
          ],
          [
            7.096690744543033e-05,
            2.4149502188385093e-05,
            0
          ],
          [
            7.096690744543035e-05,
            2.41513936224908e-05,
            0
          ],
          [
            7.096690744543035e-05,
            2.4153285056596495e-05,
            0
          ],
          [
            7.096690744543142e-05,
            2.6141006472000103e-05,
            0
          ],
          [
            7.096690744543197e-05,
            2.7131084311490486e-05,
            0
          ]
        ],
        "type": "LineString"
      },
      "properties": {
        "Id": "{11894796-fdc5-3eaa-b0b5-76494bb0a9a2}",
        "LeftLane": {
          "Dir": "Forward",
          "Id": "{b86ebae7-5bd7-3cbd-8ad0-a2a5e199c473}"
        },
        "Type": "LaneBoundary"
      },
      "type": "Feature"
    },
    {
      "geometry": {
        "coordinates": [
          [
            3.3559295485908774e-05,
            3.543849448976878e-05,
            0
          ],
          [
            3.349376131183879e-05,
            3.4636376246012676e-05,
            0
          ],
          [
            3.330283860549251e-05,
            3.385483800388604e-05,
            0
          ],
          [
            3.2915453569587493e-05,
            3.297229377910726e-05,
            0
          ],
          [
            3.236884337773795e-05,
            3.2179729912668086e-05,
            0
          ],
          [
            3.2081398809321437e-05,
            3.1865644329689335e-05,
            0
          ],
          [
            3.1880431490191436e-05,
            3.167462884323895e-05,
            0
          ],
          [
            3.100742920669262e-05,
            3.1044256843059966e-05,
            0
          ],
          [
            3.0021377528923246e-05,
            3.0614883372919276e-05,
            0
          ],
          [
            2.9283608575732896e-05,
            3.0444156288146892e-05,
            0
          ],
          [
            2.8528745934444298e-05,
            3.0386814428889014e-05,
            0
          ]
        ],
        "type": "LineString"
      },
      "properties": {
        "Id": "{c0fbc265-5083-3842-bf95-c94e34e74f46}",
        "RightLane": {
          "Dir": "Forward",
          "Id": "{0c79d649-1481-339f-b8f1-83687784b288}"
        },
        "Type": "LaneBoundary"
      },
      "type": "Feature"
    },
    {
      "geometry": {
        "coordinates": [
          [
            3.194233313008138e-05,
            3.544260524317652e-05,
            0
          ],
          [
            3.1768308818366094e-05,
            3.436798119918463e-05,
            0
          ],
          [
            3.1505440401140066e-05,
            3.3769111903799013e-05,
            0
          ],
          [
            3.113452634239329e-05,
            3.323130070871528e-05,
            0
          ],
          [
            3.0939474670968557e-05,
            3.3018171205979706e-05,
            0
          ],
          [
            3.0803103990132053e-05,
            3.28885535544598e-05,
            0
          ],
          [
            3.0210709583471656e-05,
            3.246080112576692e-05,
            0
          ],
          [
            2.9541603087837283e-05,
            3.216944055674288e-05,
            0
          ],
          [
            2.852874593444474e-05,
            3.201467948757949e-05,
            0
          ]
        ],
        "type": "LineString"
      },
      "properties": {
        "Id": "{97949f6b-b774-37a1-a6a9-38483fae081b}",
        "LeftLane": {
          "Dir": "Forward",
          "Id": "{0c79d649-1481-339f-b8f1-83687784b288}"
        },
        "Type": "LaneBoundary"
      },
      "type": "Feature"
    },
    {
      "geometry": {
        "coordinates": [
          [
            7.186522272953577e-06,
            2.0049666537643307e-05,
            0
          ],
          [
            7.284405371341308e-06,
            1.7297528758117315e-05,
            0
          ],
          [
            7.5452729320977095e-06,
            1.4578226035057996e-05,
            0
          ],
          [
            7.82349030391913e-06,
            1.301869649660461e-05,
            0
          ],
          [
            8.256089695477198e-06,
            1.1657792571460753e-05,
            0
          ],
          [
            8.515934040697288e-06,
            1.112094956827184e-05,
            0
          ],
          [
            8.800996798569647e-06,
            1.0673208854792223e-05,
            0
          ],
          [
            9.099933427758412e-06,
            1.0321427913575501e-05,
            0
          ],
          [
            9.397159703151794e-06,
            1.0069735345871406e-05,
            0
          ],
          [
            9.678165086126685e-06,
            9.9160568092083e-06,
            0
          ],
          [
            9.925457018291203e-06,
            9.849055373822721e-06,
            0
          ],
          [
            1.0516240761489718e-05,
            9.737879520133866e-06,
            0
          ],
          [
            1.1097778245038482e-05,
            9.66006805513912e-06,
            0
          ],
          [
            1.1816576008400367e-05,
            9.596641172351917e-06,
            0
          ],
          [
            1.26869968772062e-05,
            9.550278061941938e-06,
            0
          ],
          [
            1.3719344818079407e-05,
            9.514191002098646e-06,
            0
          ]
        ],
        "type": "LineString"
      },
      "properties": {
        "Id": "{5ddb8e97-a874-3b9d-a7f0-375dd1aa229f}",
        "RightLane": {
          "Dir": "Forward",
          "Id": "{b0996242-6c81-3a5f-9407-ae2de7ce3ad6}"
        },
        "Type": "LaneBoundary"
      },
      "type": "Feature"
    },
    {
      "geometry": {
        "coordinates": [
          [
            6.288206988834713e-06,
            2.0049666537643347e-05,
            0
          ],
          [
            6.3860900872197964e-06,
            1.729752875811735e-05,
            0
          ],
          [
            6.6469966529215636e-06,
            1.456979847933979e-05,
            0
          ],
          [
            6.927208975121733e-06,
            1.2957873020816327e-05,
            0
          ],
          [
            7.373061791811214e-06,
            1.1491658984150919e-05,
            0
          ],
          [
            7.958101900550075e-06,
            1.0360473140779615e-05,
            0
          ],
          [
            8.294019940765497e-06,
            9.921923793349419e-06,
            0
          ],
          [
            8.643554079602888e-06,
            9.577513942046666e-06,
            0
          ],
          [
            8.99667382711513e-06,
            9.326843209039235e-06,
            0
          ],
          [
            9.335621350592637e-06,
            9.166946284537287e-06,
            0
          ],
          [
            1.0114995517000175e-05,
            8.928738614872804e-06,
            0
          ],
          [
            1.0825167267366244e-05,
            8.798347499839286e-06,
            0
          ],
          [
            1.1651354129794912e-05,
            8.707699842032761e-06,
            0
          ],
          [
            1.260360947651931e-05,
            8.649813375808924e-06,
            0
          ],
          [
            1.3690338356464286e-05,
            8.610293111237714e-06,
            0
          ]
        ],
        "type": "LineString"
      },
      "properties": {
        "Id": "{ddfd9811-dbbc-3ce6-8b26-e0a21ad2c0f6}",
        "LeftLane": {
          "Dir": "Forward",
          "Id": "{b0996242-6c81-3a5f-9407-ae2de7ce3ad6}"
        },
        "RightLane": {
          "Dir": "Forward",
          "Id": "{80afe9e1-fbda-3cc4-83c9-0be05e4e49d5}"
        },
        "Type": "LaneBoundary"
      },
      "type": "Feature"
    },
    {
      "geometry": {
        "coordinates": [
          [
            6.288206988834713e-06,
            2.0049666537643347e-05,
            0
          ],
          [
            6.291364612402215e-06,
            1.4566461968172593e-05,
            0
          ],
          [
            6.3462858916479585e-06,
            1.2918450397620215e-05,
            0
          ],
          [
            6.536635450769662e-06,
            1.1334293052702471e-05,
            0
          ],
          [
            6.902144836353669e-06,
            9.96868587617907e-06,
            0
          ],
          [
            7.46930586985861e-06,
            8.810547661309605e-06,
            0
          ],
          [
            8.243333077050138e-06,
            7.903781304379072e-06,
            0
          ],
          [
            9.269062597731286e-06,
            7.222851909758858e-06,
            0
          ],
          [
            1.0206718432309039e-05,
            6.843436959756195e-06,
            0
          ],
          [
            1.125610118202571e-05,
            6.581125055574768e-06,
            0
          ],
          [
            1.2397489380369313e-05,
            6.424011082307969e-06,
            0
          ],
          [
            1.3617822202406502e-05,
            6.350548384085379e-06,
            0
          ]
        ],
        "type": "LineString"
      },
      "properties": {
        "Id": "{4a43f565-d906-3a33-8c8d-971f2af1282b}",
        "LeftLane": {
          "Dir": "Forward",
          "Id": "{80afe9e1-fbda-3cc4-83c9-0be05e4e49d5}"
        },
        "RightLane": {
          "Dir": "Forward",
          "Id": "{278d42e4-a5fc-3026-aee9-78483516fd73}"
        },
        "Type": "LaneBoundary"
      },
      "type": "Feature"
    },
    {
      "geometry": {
        "coordinates": [
          [
            4.042418778537553e-06,
            2.0049666537643415e-05,
            0
          ],
          [
            4.0456739144618414e-06,
            1.4545393078877084e-05,
            0
          ],
          [
            4.1055825696784445e-06,
            1.2766391708149487e-05,
            0
          ],
          [
            4.329065691591369e-06,
            1.0918959084427871e-05,
            0
          ],
          [
            4.794907591299406e-06,
            9.186846591147518e-06,
            0
          ],
          [
            5.14569150802402e-06,
            8.361247367173208e-06,
            0
          ],
          [
            5.585291810982363e-06,
            7.579994151747723e-06,
            0
          ],
          [
            6.128758640326657e-06,
            6.847259487566664e-06,
            0
          ],
          [
            6.76874390778643e-06,
            6.19850858116546e-06,
            0
          ],
          [
            7.485865385918698e-06,
            5.651497108788588e-06,
            0
          ],
          [
            8.26594948649547e-06,
            5.199999646606177e-06,
            0
          ],
          [
            9.525190988141796e-06,
            4.689135571506584e-06,
            0
          ],
          [
            1.0843046485521434e-05,
            4.358771729776874e-06,
            0
          ],
          [
            1.218902087865879e-05,
            4.172849366975421e-06,
            0
          ],
          [
            1.354530604833808e-05,
            4.0908036569330445e-06,
            0
          ]
        ],
        "type": "LineString"
      },
      "properties": {
        "Id": "{1a914a3a-4502-3280-8698-ca045e7725cd}",
        "LeftLane": {
          "Dir": "Forward",
          "Id": "{278d42e4-a5fc-3026-aee9-78483516fd73}"
        },
        "RightLane": {
          "Dir": "Forward",
          "Id": "{2e5ac310-6ac1-3540-9344-1ce3ddefd2cf}"
        },
        "Type": "LaneBoundary"
      },
      "type": "Feature"
    },
    {
      "geometry": {
        "coordinates": [
          [
            1.796630568237722e-06,
            2.004966653764345e-05,
            0
          ],
          [
            1.7999832165427806e-06,
            1.4524324189581552e-05,
            0
          ],
          [
            1.8648792477035944e-06,
            1.2614333018678734e-05,
            0
          ],
          [
            2.1214959324157403e-06,
            1.0503625116153247e-05,
            0
          ],
          [
            2.3567140017719885e-06,
            9.457036237843842e-06,
            0
          ],
          [
            2.6876703462638024e-06,
            8.405007306115953e-06,
            0
          ],
          [
            3.1309077905177604e-06,
            7.362487066607957e-06,
            0
          ],
          [
            3.701277752098131e-06,
            6.349440642185827e-06,
            0
          ],
          [
            4.425030492787142e-06,
            5.374225487143957e-06,
            0
          ],
          [
            5.294154738520066e-06,
            4.493235857951835e-06,
            0
          ],
          [
            6.24988856235062e-06,
            3.763779752649522e-06,
            0
          ],
          [
            7.26283637524634e-06,
            3.177147383453486e-06,
            0
          ],
          [
            8.8436635439799e-06,
            2.5348341832569617e-06,
            0
          ],
          [
            1.042999178901451e-05,
            2.136418403978974e-06,
            0
          ],
          [
            1.1980552376942955e-05,
            1.9216876516428717e-06,
            0
          ],
          [
            1.3472789894283007e-05,
            1.8310589297807066e-06,
            0
          ]
        ],
        "type": "LineString"
      },
      "properties": {
        "Id": "{4047c25e-dbd2-37ba-9339-4fd56c18782b}",
        "LeftLane": {
          "Dir": "Forward",
          "Id": "{2e5ac310-6ac1-3540-9344-1ce3ddefd2cf}"
        },
        "RightLane": {
          "Dir": "Forward",
          "Id": "{5246f757-1b46-3170-9854-8a2936d9a41e}"
        },
        "Type": "LaneBoundary"
      },
      "type": "Feature"
    },
    {
      "geometry": {
        "coordinates": [
          [
            -1.3986060829303652e-20,
            2.0049666537643456e-05,
            0
          ],
          [
            3.4306581904744206e-09,
            1.4507469078145108e-05,
            0
          ],
          [
            7.23165901247816e-08,
            1.2492686067102121e-05,
            0
          ],
          [
            1.7643795121246192e-07,
            1.1357139077466425e-05,
            0
          ],
          [
            3.5544012508110186e-07,
            1.017135794153354e-05,
            0
          ],
          [
            6.214724472776068e-07,
            8.988260721497407e-06,
            0
          ],
          [
            1.0018805502219979e-06,
            7.779535878090689e-06,
            0
          ],
          [
            1.51908081651329e-06,
            6.563478826155745e-06,
            0
          ],
          [
            2.194066505000343e-06,
            5.3649978345363e-06,
            0
          ],
          [
            3.0620479747507387e-06,
            4.195798286805782e-06,
            0
          ],
          [
            4.114483403109647e-06,
            3.129017679380927e-06,
            0
          ],
          [
            5.261107103482835e-06,
            2.2536058677382605e-06,
            0
          ],
          [
            6.460345886248643e-06,
            1.5588655729313244e-06,
            0
          ],
          [
            8.298441588648788e-06,
            8.113930726572574e-07,
            0
          ],
          [
            1.0099548031811644e-05,
            3.585357433406496e-07,
            0
          ],
          [
            1.1813777575574569e-05,
            1.207582793768281e-07,
            0
          ],
          [
            1.3414776971044825e-05,
            2.326314805883548e-08,
            0
          ]
        ],
        "type": "LineString"
      },
      "properties": {
        "Id": "{cb82f17c-6ff8-3a13-960f-e30cac76cd80}",
        "LeftLane": {
          "Dir": "Forward",
          "Id": "{5246f757-1b46-3170-9854-8a2936d9a41e}"
        },
        "Type": "LaneBoundary"
      },
      "type": "Feature"
    },
    {
      "geometry": {
        "coordinates": [
          [
            2.8482537146758604e-05,
            2.577453009593267e-05,
            0
          ],
          [
            2.9437888040378385e-05,
            2.5684172565878992e-05,
            0
          ],
          [
            3.0359805941091474e-05,
            2.5416262083674362e-05,
            0
          ],
          [
            3.113347601246876e-05,
            2.503142388405056e-05,
            0
          ],
          [
            3.1832114313740734e-05,
            2.452145880289673e-05,
            0
          ],
          [
            3.205869289311818e-05,
            2.4312542629253058e-05,
            0
          ],
          [
            3.2114133384418126e-05,
            2.4257430912971008e-05,
            0
          ],
          [
            3.2909472478208365e-05,
            2.3218946161941337e-05,
            0
          ],
          [
            3.341934253713574e-05,
            2.2012262057174465e-05,
            0
          ],
          [
            3.3564428908405414e-05,
            2.131163411336934e-05,
            0
          ],
          [
            3.3611901064417146e-05,
            2.0597540158666378e-05,
            0
          ]
        ],
        "type": "LineString"
      },
      "properties": {
        "Id": "{5ba33972-c54f-3516-bf1f-9c2404e50d75}",
        "RightLane": {
          "Dir": "Forward",
          "Id": "{79d326fe-a5f5-3181-b911-df4c705e0284}"
        },
        "Type": "LaneBoundary"
      },
      "type": "Feature"
    },
    {
      "geometry": {
        "coordinates": [
          [
            2.8482537146758587e-05,
            2.5684093148227643e-05,
            0
          ],
          [
            2.9421156851348873e-05,
            2.559531806178261e-05,
            0
          ],
          [
            3.032692907954352e-05,
            2.533209953198087e-05,
            0
          ],
          [
            3.1087049762638626e-05,
            2.4954001055642944e-05,
            0
          ],
          [
            3.177345271711811e-05,
            2.4452967061724732e-05,
            0
          ],
          [
            3.199606319528528e-05,
            2.4247709665202674e-05,
            0
          ],
          [
            3.205053274978917e-05,
            2.4193563127839742e-05,
            0
          ],
          [
            3.283194296276859e-05,
            2.3173265500295702e-05,
            0
          ],
          [
            3.333288359860061e-05,
            2.1987714216978343e-05,
            0
          ],
          [
            3.347542905267897e-05,
            2.1299356464833546e-05,
            0
          ],
          [
            3.352206982242142e-05,
            2.0597768533855685e-05,
            0
          ]
        ],
        "type": "LineString"
      },
      "properties": {
        "Id": "{d6a9d6d8-150d-393e-a248-e530463cbcc4}",
        "LeftLane": {
          "Dir": "Forward",
          "Id": "{79d326fe-a5f5-3181-b911-df4c705e0284}"
        },
        "RightLane": {
          "Dir": "Forward",
          "Id": "{5fa5540b-082e-346d-ba23-7987c2216997}"
        },
        "Type": "LaneBoundary"
      },
      "type": "Feature"
    },
    {
      "geometry": {
        "coordinates": [
          [
            2.8482537146758228e-05,
            2.4056228089537158e-05,
            0
          ],
          [
            2.9119995448807057e-05,
            2.3995936988047765e-05,
            0
          ],
          [
            2.9735145571690938e-05,
            2.381717360149793e-05,
            0
          ],
          [
            3.0251377265555068e-05,
            2.3560390144305867e-05,
            0
          ],
          [
            3.0717543977961476e-05,
            2.32201157206288e-05,
            0
          ],
          [
            3.086872863425576e-05,
            2.3080716312295638e-05,
            0
          ],
          [
            3.090572132635089e-05,
            2.3043942995476958e-05,
            0
          ],
          [
            3.143641168490591e-05,
            2.235101359067432e-05,
            0
          ],
          [
            3.1776622704957655e-05,
            2.154585309344809e-05,
            0
          ],
          [
            3.1905107466596915e-05,
            2.060187928726317e-05,
            0
          ]
        ],
        "type": "LineString"
      },
      "properties": {
        "Id": "{20a61ab7-ac21-3714-9aee-896d3a1b1e58}",
        "LeftLane": {
          "Dir": "Forward",
          "Id": "{5fa5540b-082e-346d-ba23-7987c2216997}"
        },
        "Type": "LaneBoundary"
      },
      "type": "Feature"
    },
    {
      "geometry": {
        "coordinates": [
          [
            7.186522272953921e-06,
            2.7131084311511238e-05,
            0
          ],
          [
            7.186522272953856e-06,
            2.595540399134575e-05,
            0
          ],
          [
            7.186522272953736e-06,
            2.360404335101478e-05,
            0
          ],
          [
            7.186522272953678e-06,
            2.2428363030849295e-05,
            0
          ],
          [
            7.186522272953678e-06,
            2.2410139128932615e-05,
            0
          ]
        ],
        "type": "LineString"
      },
      "properties": {
        "Id": "{5af83250-3291-3803-99c4-11aa508a65f3}",
        "RightLane": {
          "Dir": "Forward",
          "Id": "{3065ec27-04f8-3b9a-b634-ace9058c6393}"
        },
        "Type": "LaneBoundary"
      },
      "type": "Feature"
    },
    {
      "geometry": {
        "coordinates": [
          [
            6.288206988835012e-06,
            2.713108431151129e-05,
            0
          ],
          [
            6.2882069888349565e-06,
            2.59554039913458e-05,
            0
          ],
          [
            6.2882069888348515e-06,
            2.360404335101482e-05,
            0
          ],
          [
            6.288206988834805e-06,
            2.2428363030849335e-05,
            0
          ],
          [
            6.288206988834804e-06,
            2.241013912893266e-05,
            0
          ]
        ],
        "type": "LineString"
      },
      "properties": {
        "Id": "{5cbacd90-376a-3955-a482-15c298906ba5}",
        "LeftLane": {
          "Dir": "Forward",
          "Id": "{3065ec27-04f8-3b9a-b634-ace9058c6393}"
        },
        "RightLane": {
          "Dir": "Forward",
          "Id": "{b1ea243f-1da3-3595-b06c-17b96d4fe95b}"
        },
        "Type": "LaneBoundary"
      },
      "type": "Feature"
    },
    {
      "geometry": {
        "coordinates": [
          [
            4.042418778537739e-06,
            2.7131084311511377e-05,
            0
          ],
          [
            4.042418778537703e-06,
            2.5955403991345885e-05,
            0
          ],
          [
            4.042418778537638e-06,
            2.3604043351014903e-05,
            0
          ],
          [
            4.042418778537609e-06,
            2.242836303084941e-05,
            0
          ],
          [
            4.042418778537609e-06,
            2.2410139128932734e-05,
            0
          ]
        ],
        "type": "LineString"
      },
      "properties": {
        "Id": "{64737326-5011-3845-88be-8ac6ac7a96f8}",
        "LeftLane": {
          "Dir": "Forward",
          "Id": "{b1ea243f-1da3-3595-b06c-17b96d4fe95b}"
        },
        "RightLane": {
          "Dir": "Forward",
          "Id": "{54023330-459e-323c-beae-81df9fbde295}"
        },
        "Type": "LaneBoundary"
      },
      "type": "Feature"
    },
    {
      "geometry": {
        "coordinates": [
          [
            1.7966305682377929e-06,
            2.7131084311511418e-05,
            0
          ],
          [
            1.796630568237779e-06,
            2.5955403991345925e-05,
            0
          ],
          [
            1.7966305682377541e-06,
            2.360404335101494e-05,
            0
          ],
          [
            1.7966305682377427e-06,
            2.2428363030849444e-05,
            0
          ],
          [
            1.7966305682377425e-06,
            2.241013912893277e-05,
            0
          ]
        ],
        "type": "LineString"
      },
      "properties": {
        "Id": "{979badd8-d588-3dc8-899e-120866f26865}",
        "LeftLane": {
          "Dir": "Forward",
          "Id": "{54023330-459e-323c-beae-81df9fbde295}"
        },
        "RightLane": {
          "Dir": "Forward",
          "Id": "{261467b3-d276-3429-8b63-dbb6fc6b7d69}"
        },
        "Type": "LaneBoundary"
      },
      "type": "Feature"
    },
    {
      "geometry": {
        "coordinates": [
          [
            -3.3466645555835416e-20,
            2.7131084311511428e-05,
            0
          ],
          [
            -3.04696325209842e-20,
            2.5955403991345935e-05,
            0
          ],
          [
            -2.3976104278806815e-20,
            2.3604043351014947e-05,
            0
          ],
          [
            -2.0479589071480654e-20,
            2.2428363030849454e-05,
            0
          ],
          [
            -2.043313318491582e-20,
            2.2410139128932778e-05,
            0
          ]
        ],
        "type": "LineString"
      },
      "properties": {
        "Id": "{a8f322c8-4ef4-347e-a46e-b53ba40267be}",
        "LeftLane": {
          "Dir": "Forward",
          "Id": "{261467b3-d276-3429-8b63-dbb6fc6b7d69}"
        },
        "Type": "LaneBoundary"
      },
      "type": "Feature"
    },
    {
      "geometry": {
        "coordinates": [
          [
            7.186522272953678e-06,
            2.2410139128932615e-05,
            0
          ],
          [
            7.186522272953627e-06,
            2.1252682710683805e-05,
            0
          ],
          [
            7.186522272953601e-06,
            2.061962407674854e-05,
            0
          ]
        ],
        "type": "LineString"
      },
      "properties": {
        "Id": "{2c4daf41-bea3-3240-9202-72397c7379f2}",
        "RightLane": {
          "Dir": "Forward",
          "Id": "{27a579e1-75c2-36d9-a604-a8d514b7006a}"
        },
        "Type": "LaneBoundary"
      },
      "type": "Feature"
    },
    {
      "geometry": {
        "coordinates": [
          [
            6.288206988834804e-06,
            2.241013912893266e-05,
            0
          ],
          [
            6.288206988834758e-06,
            2.1252682710683846e-05,
            0
          ],
          [
            6.288206988834735e-06,
            2.0619624076748585e-05,
            0
          ]
        ],
        "type": "LineString"
      },
      "properties": {
        "Id": "{316c073e-87b1-387c-8271-243c02d4676d}",
        "LeftLane": {
          "Dir": "Forward",
          "Id": "{27a579e1-75c2-36d9-a604-a8d514b7006a}"
        },
        "RightLane": {
          "Dir": "Forward",
          "Id": "{30cc3cf6-75ca-3a2b-b980-0f8f4653d60d}"
        },
        "Type": "LaneBoundary"
      },
      "type": "Feature"
    },
    {
      "geometry": {
        "coordinates": [
          [
            4.042418778537609e-06,
            2.2410139128932734e-05,
            0
          ],
          [
            4.04241877853758e-06,
            2.1252682710683917e-05,
            0
          ],
          [
            4.042418778537566e-06,
            2.0619624076748653e-05,
            0
          ]
        ],
        "type": "LineString"
      },
      "properties": {
        "Id": "{48eb65b6-a669-31b6-ac76-56b32586e72b}",
        "LeftLane": {
          "Dir": "Forward",
          "Id": "{30cc3cf6-75ca-3a2b-b980-0f8f4653d60d}"
        },
        "RightLane": {
          "Dir": "Forward",
          "Id": "{411e73c7-9247-3a25-b8b6-da9c43abd266}"
        },
        "Type": "LaneBoundary"
      },
      "type": "Feature"
    },
    {
      "geometry": {
        "coordinates": [
          [
            1.7966305682377425e-06,
            2.241013912893277e-05,
            0
          ],
          [
            1.7966305682377319e-06,
            2.1252682710683955e-05,
            0
          ],
          [
            1.7966305682377264e-06,
            2.0619624076748684e-05,
            0
          ]
        ],
        "type": "LineString"
      },
      "properties": {
        "Id": "{bf441f81-b5cb-3dc9-b711-0d18e5275442}",
        "LeftLane": {
          "Dir": "Forward",
          "Id": "{411e73c7-9247-3a25-b8b6-da9c43abd266}"
        },
        "RightLane": {
          "Dir": "Forward",
          "Id": "{f80ac171-84f7-3b43-9e73-825cc425e8b2}"
        },
        "Type": "LaneBoundary"
      },
      "type": "Feature"
    },
    {
      "geometry": {
        "coordinates": [
          [
            -2.043313318491582e-20,
            2.2410139128932778e-05,
            0
          ],
          [
            -1.748257603662969e-20,
            2.125268271068396e-05,
            0
          ],
          [
            -1.5484567346729092e-20,
            2.0619624076748687e-05,
            0
          ]
        ],
        "type": "LineString"
      },
      "properties": {
        "Id": "{25f2eb4a-8a8c-3223-a232-cfd871e2548c}",
        "LeftLane": {
          "Dir": "Forward",
          "Id": "{f80ac171-84f7-3b43-9e73-825cc425e8b2}"
        },
        "Type": "LaneBoundary"
      },
      "type": "Feature"
    },
    {
      "geometry": {
        "coordinates": [
          [
            7.186522272953601e-06,
            2.061962407674854e-05,
            0
          ],
          [
            7.186522272953601e-06,
            2.0619624076748524e-05,
            0
          ],
          [
            7.186522272953577e-06,
            2.004966653764331e-05,
            0
          ]
        ],
        "type": "LineString"
      },
      "properties": {
        "Id": "{c90b104d-7181-3c51-bd27-5e2184c0880f}",
        "RightLane": {
          "Dir": "Forward",
          "Id": "{d5f2ba19-463c-3114-9418-df51c2036ecc}"
        },
        "Type": "LaneBoundary"
      },
      "type": "Feature"
    },
    {
      "geometry": {
        "coordinates": [
          [
            6.288206988834735e-06,
            2.0619624076748585e-05,
            0
          ],
          [
            6.288206988834735e-06,
            2.061962407674857e-05,
            0
          ],
          [
            6.288206988834713e-06,
            2.004966653764335e-05,
            0
          ]
        ],
        "type": "LineString"
      },
      "properties": {
        "Id": "{e2761c51-bba6-35bf-8090-87fb08412e72}",
        "LeftLane": {
          "Dir": "Forward",
          "Id": "{d5f2ba19-463c-3114-9418-df51c2036ecc}"
        },
        "RightLane": {
          "Dir": "Forward",
          "Id": "{1a617349-a7a8-3a90-ae83-1ed2be395acb}"
        },
        "Type": "LaneBoundary"
      },
      "type": "Feature"
    },
    {
      "geometry": {
        "coordinates": [
          [
            4.042418778537566e-06,
            2.0619624076748653e-05,
            0
          ],
          [
            4.042418778537566e-06,
            2.061962407674863e-05,
            0
          ],
          [
            4.042418778537553e-06,
            2.0049666537643415e-05,
            0
          ]
        ],
        "type": "LineString"
      },
      "properties": {
        "Id": "{e59cfe5f-e95b-37db-af84-88bccbd7040d}",
        "LeftLane": {
          "Dir": "Forward",
          "Id": "{1a617349-a7a8-3a90-ae83-1ed2be395acb}"
        },
        "RightLane": {
          "Dir": "Forward",
          "Id": "{ee9b3651-b3e0-3be6-9a67-7f8f91255d77}"
        },
        "Type": "LaneBoundary"
      },
      "type": "Feature"
    },
    {
      "geometry": {
        "coordinates": [
          [
            1.7966305682377264e-06,
            2.0619624076748684e-05,
            0
          ],
          [
            1.7966305682377264e-06,
            2.0619624076748663e-05,
            0
          ],
          [
            1.796630568237722e-06,
            2.0049666537643446e-05,
            0
          ]
        ],
        "type": "LineString"
      },
      "properties": {
        "Id": "{00d82928-2bbf-355b-ae7c-996e9a12f60d}",
        "LeftLane": {
          "Dir": "Forward",
          "Id": "{ee9b3651-b3e0-3be6-9a67-7f8f91255d77}"
        },
        "RightLane": {
          "Dir": "Forward",
          "Id": "{5249159a-55d3-3e31-b5f1-f7885ba7cfa4}"
        },
        "Type": "LaneBoundary"
      },
      "type": "Feature"
    },
    {
      "geometry": {
        "coordinates": [
          [
            -1.5484567346729092e-20,
            2.0619624076748687e-05,
            0
          ],
          [
            -1.5484567346729092e-20,
            2.0619624076748667e-05,
            0
          ],
          [
            -1.3986060829303652e-20,
            2.004966653764345e-05,
            0
          ]
        ],
        "type": "LineString"
      },
      "properties": {
        "Id": "{f3ccf137-d73e-33a4-aa64-c0d72ad003ee}",
        "LeftLane": {
          "Dir": "Forward",
          "Id": "{5249159a-55d3-3e31-b5f1-f7885ba7cfa4}"
        },
        "Type": "LaneBoundary"
      },
      "type": "Feature"
    },
    {
      "geometry": {
        "coordinates": [
          [
            3.9895197684494733e-05,
            1.3784420794250387e-05,
            0
          ],
          [
            3.810440417441875e-05,
            1.3784485135585777e-05,
            0
          ],
          [
            3.5723345465093906e-05,
            1.378457068453159e-05,
            0
          ],
          [
            3.560169696450958e-05,
            1.3855850435185727e-05,
            0
          ],
          [
            3.562398194842768e-05,
            1.4017030046412022e-05,
            0
          ],
          [
            3.582715147894601e-05,
            1.4411355921022879e-05,
            0
          ],
          [
            3.5842573852637474e-05,
            1.4568632045058179e-05,
            0
          ],
          [
            3.5848558552449016e-05,
            1.695454760785652e-05,
            0
          ],
          [
            3.585310878957156e-05,
            1.8768587060274966e-05,
            0
          ]
        ],
        "type": "LineString"
      },
      "properties": {
        "Id": "{a0c62419-2dd5-3743-9571-2632e0075677}",
        "RightLane": {
          "Dir": "Forward",
          "Id": "{a902bcc4-cd8c-39b3-a497-b72c70289c47}"
        },
        "Type": "LaneBoundary"
      },
      "type": "Feature"
    },
    {
      "geometry": {
        "coordinates": [
          [
            3.9895293862884334e-05,
            1.6497529223673068e-05,
            0
          ],
          [
            3.979103599025493e-05,
            1.6498386268886356e-05,
            0.0
          ],
          [
            3.968963191816778e-05,
            1.6506011316807057e-05,
            0.0
          ],
          [
            3.959110671977443e-05,
            1.6520178761319682e-05,
            0.0
          ],
          [
            3.949548546822642e-05,
            1.6540662996308747e-05,
            0.0
          ],
          [
            3.940279323667528e-05,
            1.6567238415658752e-05,
            0.0
          ],
          [
            3.9313055098272544e-05,
            1.6599679413254204e-05,
            0.0
          ],
          [
            3.9226296126169755e-05,
            1.6637760382979624e-05,
            0.0
          ],
          [
            3.914254139351845e-05,
            1.6681255718719517e-05,
            0.0
          ],
          [
            3.906181597347018e-05,
            1.6729939814358388e-05,
            0.0
          ],
          [
            3.8984144939176456e-05,
            1.6783587063780748e-05,
            0.0
          ],
          [
            3.8909553363788835e-05,
            1.6841971860871104e-05,
            0.0
          ],
          [
            3.8838066320458866e-05,
            1.6904868599513973e-05,
            0.0
          ],
          [
            3.8769708882338064e-05,
            1.697205167359386e-05,
            0.0
          ],
          [
            3.870450612257797e-05,
            1.7043295476995274e-05,
            0.0
          ],
          [
            3.864248311433013e-05,
            1.7118374403602716e-05,
            0.0
          ],
          [
            3.858366493074608e-05,
            1.719706284730071e-05,
            0.0
          ],
          [
            3.8528076644977346e-05,
            1.7279135201973764e-05,
            0.0
          ],
          [
            3.84757433301755e-05,
            1.7364365861506376e-05,
            0.0
          ],
          [
            3.842669005949203e-05,
            1.7452529219783056e-05,
            0.0
          ],
          [
            3.838094190607852e-05,
            1.7543399670688324e-05,
            0.0
          ],
          [
            3.833852394308648e-05,
            1.763675160810668e-05,
            0.0
          ],
          [
            3.829946124366746e-05,
            1.7732359425922645e-05,
            0.0
          ],
          [
            3.826377888097299e-05,
            1.782999751802071e-05,
            0.0
          ],
          [
            3.8231501928154605e-05,
            1.79294402782854e-05,
            0.0
          ],
          [
            3.8202655458363866e-05,
            1.8030462100601218e-05,
            0.0
          ],
          [
            3.817726454475227e-05,
            1.8132837378852675e-05,
            0.0
          ],
          [
            3.81553542604714e-05,
            1.823634050692428e-05,
            0.0
          ],
          [
            3.813694967867275e-05,
            1.834074587870054e-05,
            0.0
          ],
          [
            3.812207587250791e-05,
            1.8445827888065964e-05,
            0.0
          ],
          [
            3.811075791512837e-05,
            1.855136092890507e-05,
            0.0
          ],
          [
            3.810302087968569e-05,
            1.865711939510235e-05,
            0.0
          ],
          [
            3.80988898393314e-05,
            1.876287768054233e-05,
            0
          ]
        ],
        "type": "LineString"
      },
      "properties": {
        "Id": "{0a5e94ab-e0dc-3177-b813-12fe5c56b504}",
        "LeftLane": {
          "Dir": "Forward",
          "Id": "{a902bcc4-cd8c-39b3-a497-b72c70289c47}"
        },
        "Type": "LaneBoundary"
      },
      "type": "Feature"
    },
    {
      "geometry": {
        "coordinates": [
          [
            3.127839056235318e-05,
            2.803545378855762e-05,
            0
          ],
          [
            3.385295341115522e-05,
            2.8035453788556897e-05,
            0
          ],
          [
            3.488573503546057e-05,
            2.8035453788556585e-05,
            0
          ],
          [
            3.528574520626615e-05,
            2.8124979431172766e-05,
            0
          ],
          [
            3.561000389504844e-05,
            2.8377213723718796e-05,
            0
          ],
          [
            3.576099316085383e-05,
            2.8633432915099878e-05,
            0
          ],
          [
            3.582545276269418e-05,
            2.8924194461670392e-05,
            0
          ],
          [
            3.584679131863224e-05,
            2.9305609993007757e-05,
            0
          ],
          [
            3.5883039420861434e-05,
            3.07010082715472e-05,
            0
          ],
          [
            3.5887173463304305e-05,
            3.234912371784516e-05,
            0
          ],
          [
            3.5892148839058484e-05,
            3.433265285170007e-05,
            0
          ]
        ],
        "type": "LineString"
      },
      "properties": {
        "Id": "{c707f444-8d1a-3a21-8440-c044280576d8}",
        "RightLane": {
          "Dir": "Forward",
          "Id": "{0863c21f-0a5d-39f8-9f83-8664a19dd3ca}"
        },
        "Type": "LaneBoundary"
      },
      "type": "Feature"
    },
    {
      "geometry": {
        "coordinates": [
          [
            3.1278390562352595e-05,
            2.5774530095932e-05,
            0
          ],
          [
            3.385295341115459e-05,
            2.5774530095931344e-05,
            0
          ],
          [
            3.488573503545993e-05,
            2.5774530095931063e-05,
            0
          ],
          [
            3.557800092678447e-05,
            2.5850979824148963e-05,
            0
          ],
          [
            3.6238865235814346e-05,
            2.607777351478366e-05,
            0
          ],
          [
            3.6834802510738e-05,
            2.6444023941445285e-05,
            0
          ],
          [
            3.73372020978093e-05,
            2.693214760234475e-05,
            0
          ],
          [
            3.784863658554612e-05,
            2.7800019435481404e-05,
            0
          ],
          [
            3.8066823179467026e-05,
            2.8782450187030873e-05,
            0
          ],
          [
            3.808979613551265e-05,
            2.9193079765781338e-05,
            0
          ],
          [
            3.812882047062414e-05,
            3.069529889181424e-05,
            0
          ],
          [
            3.8132954513069726e-05,
            3.234341433811217e-05,
            0
          ],
          [
            3.813792988882393e-05,
            3.432694347196703e-05,
            0
          ]
        ],
        "type": "LineString"
      },
      "properties": {
        "Id": "{8309bb0f-1a90-3abf-b348-d721afbe909d}",
        "LeftLane": {
          "Dir": "Forward",
          "Id": "{0863c21f-0a5d-39f8-9f83-8664a19dd3ca}"
        },
        "Type": "LaneBoundary"
      },
      "type": "Feature"
    },
    {
      "geometry": {
        "coordinates": [
          [
            4.326116343576637e-05,
            3.0386814226807875e-05,
            0
          ],
          [
            4.225255861670012e-05,
            3.0489650012649357e-05,
            0
          ],
          [
            4.1284913927723654e-05,
            3.079398108638308e-05,
            0
          ],
          [
            4.036191282935287e-05,
            3.1312502006757576e-05,
            0
          ],
          [
            3.9775371011970994e-05,
            3.1799740409667474e-05,
            0
          ],
          [
            3.9699527980946785e-05,
            3.187468737762502e-05,
            0
          ],
          [
            3.890740999796501e-05,
            3.2914096024146124e-05,
            0
          ],
          [
            3.8406625903800866e-05,
            3.412328199580403e-05,
            0
          ],
          [
            3.827396296820132e-05,
            3.4787735533152584e-05,
            0
          ],
          [
            3.823061401529614e-05,
            3.546407230889077e-05,
            0
          ]
        ],
        "type": "LineString"
      },
      "properties": {
        "Id": "{1a20b068-e0b3-3a51-9f62-96c9abec6b62}",
        "RightLane": {
          "Dir": "Forward",
          "Id": "{553f22e6-065c-38c2-97b6-64b8e34c2d25}"
        },
        "Type": "LaneBoundary"
      },
      "type": "Feature"
    },
    {
      "geometry": {
        "coordinates": [
          [
            4.326116347787004e-05,
            3.201467928549809e-05,
            0
          ],
          [
            4.2576753064938506e-05,
            3.208446071160483e-05,
            0
          ],
          [
            4.192013702598428e-05,
            3.229097108306701e-05,
            0
          ],
          [
            4.129381485209383e-05,
            3.2642824564749715e-05,
            0
          ],
          [
            4.089580433315224e-05,
            3.297345062386715e-05,
            0
          ],
          [
            4.0844339419241144e-05,
            3.302430749498121e-05,
            0
          ],
          [
            4.030683078793467e-05,
            3.372962050512053e-05,
            0
          ],
          [
            3.996701300974702e-05,
            3.455013955731696e-05,
            0
          ],
          [
            3.98475763711234e-05,
            3.5459961555482956e-05,
            0
          ]
        ],
        "type": "LineString"
      },
      "properties": {
        "Id": "{1a5c1053-2872-379e-a56c-52fccc729967}",
        "LeftLane": {
          "Dir": "Forward",
          "Id": "{553f22e6-065c-38c2-97b6-64b8e34c2d25}"
        },
        "Type": "LaneBoundary"
      },
      "type": "Feature"
    },
    {
      "geometry": {
        "coordinates": [
          [
            5.946847078067027e-05,
            2.803545316157666e-05,
            0
          ],
          [
            6.0826509966347197e-05,
            2.8160168847236558e-05,
            0
          ],
          [
            6.213972036982565e-05,
            2.8530199118431632e-05,
            0
          ],
          [
            6.336475299770814e-05,
            2.9133329299029736e-05,
            0
          ],
          [
            6.446116959951009e-05,
            2.994965009945383e-05,
            0
          ],
          [
            6.528270540005079e-05,
            3.081316655101757e-05,
            0
          ],
          [
            6.595865259275412e-05,
            3.179633778298418e-05,
            0
          ],
          [
            6.647208543921794e-05,
            3.2874545157627866e-05,
            0
          ],
          [
            6.68101475728628e-05,
            3.4020789995154325e-05,
            0
          ],
          [
            6.698770106805092e-05,
            3.486121894130119e-05,
            0
          ],
          [
            6.717871448521988e-05,
            3.5765358872329105e-05,
            0
          ],
          [
            6.720532456145683e-05,
            3.589131459234013e-05,
            0
          ],
          [
            6.754728140411104e-05,
            3.750992781087616e-05,
            0
          ],
          [
            6.777962346153412e-05,
            3.9346919455340436e-05,
            0
          ],
          [
            6.770769468124672e-05,
            4.1197326842457e-05,
            0
          ],
          [
            6.733346698872979e-05,
            4.301042110606705e-05,
            0
          ],
          [
            6.666719982556173e-05,
            4.473649631823696e-05,
            0
          ],
          [
            6.57061370576231e-05,
            4.6357819400222346e-05,
            0
          ],
          [
            6.448786637008053e-05,
            4.779328647128931e-05,
            0
          ]
        ],
        "type": "LineString"
      },
      "properties": {
        "Id": "{5e721135-c5d1-366b-b5eb-76115e7c6a03}",
        "RightLane": {
          "Dir": "Forward",
          "Id": "{2d9b7396-75ec-358f-a5f1-ba34b6bca5a4}"
        },
        "Type": "LaneBoundary"
      },
      "type": "Feature"
    },
    {
      "geometry": {
        "coordinates": [
          [
            5.946847072218507e-05,
            2.577452946895194e-05,
            0
          ],
          [
            6.123285190462005e-05,
            2.5936561618872783e-05,
            0
          ],
          [
            6.293899098285533e-05,
            2.641730949000275e-05,
            0
          ],
          [
            6.453056841250426e-05,
            2.7200903625153663e-05,
            0
          ],
          [
            6.595504632206404e-05,
            2.826147763088433e-05,
            0
          ],
          [
            6.702239571996726e-05,
            2.938336880598788e-05,
            0
          ],
          [
            6.79005946112053e-05,
            3.066071694077045e-05,
            0
          ],
          [
            6.856765286866786e-05,
            3.206153719886024e-05,
            0
          ],
          [
            6.900680067467001e-05,
            3.355043699709686e-05,
            0
          ],
          [
            6.918435416985013e-05,
            3.4390865943243666e-05,
            0
          ],
          [
            6.937536758702444e-05,
            3.529500587427157e-05,
            0
          ],
          [
            6.940197766326139e-05,
            3.5420961594282577e-05,
            0
          ],
          [
            6.974395022824422e-05,
            3.703964923879692e-05,
            0
          ],
          [
            6.992908341199636e-05,
            3.81379919184106e-05,
            0
          ],
          [
            7.002326092573802e-05,
            3.924799422461133e-05,
            0
          ],
          [
            7.002583619123211e-05,
            4.036203540682833e-05,
            0
          ],
          [
            6.993679152792288e-05,
            4.14724669854793e-05,
            0
          ],
          [
            6.975673827433404e-05,
            4.257166526281196e-05,
            0
          ],
          [
            6.948691259090067e-05,
            4.365208366360516e-05,
            0
          ],
          [
            6.912916697307204e-05,
            4.4706304546383285e-05,
            0
          ],
          [
            6.868595753298375e-05,
            4.5727090129432425e-05,
            0
          ],
          [
            6.8149212399392e-05,
            4.672621755748057e-05,
            0
          ],
          [
            6.753061305929963e-05,
            4.76761685094443e-05,
            0
          ],
          [
            6.683457472335375e-05,
            4.857016277514886e-05,
            0
          ],
          [
            6.606606531772885e-05,
            4.9401819531453784e-05,
            0
          ]
        ],
        "type": "LineString"
      },
      "properties": {
        "Id": "{e7062ee6-8639-3cf3-8cdc-46cd7eba8733}",
        "LeftLane": {
          "Dir": "Forward",
          "Id": "{2d9b7396-75ec-358f-a5f1-ba34b6bca5a4}"
        },
        "Type": "LaneBoundary"
      },
      "type": "Feature"
    },
    {
      "geometry": {
        "coordinates": [
          [
            4.325913730020078e-05,
            4.702721280660626e-05,
            0
          ],
          [
            4.3187664742363895e-05,
            4.702721280660631e-05,
            0
          ]
        ],
        "type": "LineString"
      },
      "properties": {
        "Id": "{6587b900-b3d0-30f6-b1e7-6262455632de}",
        "RightLane": {
          "Dir": "Forward",
          "Id": "{f6a1f604-8781-374e-acb0-9dbbc4e0a5c1}"
        },
        "Type": "LaneBoundary"
      },
      "type": "Feature"
    },
    {
      "geometry": {
        "coordinates": [
          [
            4.325913730020134e-05,
            4.793158228365639e-05,
            0
          ],
          [
            4.3187664742364464e-05,
            4.793158228365643e-05,
            0
          ]
        ],
        "type": "LineString"
      },
      "properties": {
        "Id": "{2acafb21-b71a-396f-a996-00d170269408}",
        "LeftLane": {
          "Dir": "Forward",
          "Id": "{f6a1f604-8781-374e-acb0-9dbbc4e0a5c1}"
        },
        "RightLane": {
          "Dir": "Forward",
          "Id": "{f3bfd945-629c-378b-895e-11ad350d0e17}"
        },
        "Type": "LaneBoundary"
      },
      "type": "Feature"
    },
    {
      "geometry": {
        "coordinates": [
          [
            4.325913730020279e-05,
            5.0192505976281676e-05,
            0
          ],
          [
            4.318766474236591e-05,
            5.019250597628172e-05,
            0
          ]
        ],
        "type": "LineString"
      },
      "properties": {
        "Id": "{65ff40e2-0ebb-38ba-88e9-aafc2a26578f}",
        "LeftLane": {
          "Dir": "Forward",
          "Id": "{f3bfd945-629c-378b-895e-11ad350d0e17}"
        },
        "RightLane": {
          "Dir": "Forward",
          "Id": "{9f8b1b7e-0b59-3fc0-8bd6-5331d2183088}"
        },
        "Type": "LaneBoundary"
      },
      "type": "Feature"
    },
    {
      "geometry": {
        "coordinates": [
          [
            4.325913730020431e-05,
            5.2453429668906954e-05,
            0
          ],
          [
            4.3187664742367425e-05,
            5.2453429668907e-05,
            0
          ]
        ],
        "type": "LineString"
      },
      "properties": {
        "Id": "{514de294-4481-3e3f-9a01-205a8fa84206}",
        "LeftLane": {
          "Dir": "Forward",
          "Id": "{9f8b1b7e-0b59-3fc0-8bd6-5331d2183088}"
        },
        "RightLane": {
          "Dir": "Forward",
          "Id": "{5574367a-06d0-3011-b3d8-2e484623472b}"
        },
        "Type": "LaneBoundary"
      },
      "type": "Feature"
    },
    {
      "geometry": {
        "coordinates": [
          [
            4.325913730020557e-05,
            5.4262168623007196e-05,
            0
          ],
          [
            4.3187664742368686e-05,
            5.4262168623007244e-05,
            0
          ]
        ],
        "type": "LineString"
      },
      "properties": {
        "Id": "{66fac0d7-a6d8-326e-89a5-497380d1d2c5}",
        "LeftLane": {
          "Dir": "Forward",
          "Id": "{5574367a-06d0-3011-b3d8-2e484623472b}"
        },
        "Type": "LaneBoundary"
      },
      "type": "Feature"
    },
    {
      "geometry": {
        "coordinates": [
          [
            4.3187664742363895e-05,
            4.702721280660631e-05,
            0
          ],
          [
            4.2046411666637916e-05,
            4.7027212806607015e-05,
            0
          ],
          [
            4.0816961988395095e-05,
            4.7027212806607746e-05,
            0
          ]
        ],
        "type": "LineString"
      },
      "properties": {
        "Id": "{6b82356d-a07b-3e40-b9cb-103424ad763c}",
        "RightLane": {
          "Dir": "Forward",
          "Id": "{2ad6fc0b-5f8f-326a-8b08-3b46886cb124}"
        },
        "Type": "LaneBoundary"
      },
      "type": "Feature"
    },
    {
      "geometry": {
        "coordinates": [
          [
            4.3187664742364464e-05,
            4.793158228365643e-05,
            0
          ],
          [
            4.2046411666638465e-05,
            4.793158228365715e-05,
            0
          ],
          [
            4.081696198839563e-05,
            4.7931582283657894e-05,
            0
          ]
        ],
        "type": "LineString"
      },
      "properties": {
        "Id": "{8189e25a-ffd9-3647-955f-38ed551bc904}",
        "LeftLane": {
          "Dir": "Forward",
          "Id": "{2ad6fc0b-5f8f-326a-8b08-3b46886cb124}"
        },
        "RightLane": {
          "Dir": "Forward",
          "Id": "{61233b2c-e5d4-336b-b31b-0463a10b0e9c}"
        },
        "Type": "LaneBoundary"
      },
      "type": "Feature"
    },
    {
      "geometry": {
        "coordinates": [
          [
            4.318766474236591e-05,
            5.019250597628172e-05,
            0
          ],
          [
            4.2046411666639874e-05,
            5.0192505976282475e-05,
            0
          ],
          [
            4.081696198839699e-05,
            5.0192505976283254e-05,
            0
          ]
        ],
        "type": "LineString"
      },
      "properties": {
        "Id": "{6d80aad7-bea5-36ec-832b-3490975e3216}",
        "LeftLane": {
          "Dir": "Forward",
          "Id": "{61233b2c-e5d4-336b-b31b-0463a10b0e9c}"
        },
        "RightLane": {
          "Dir": "Forward",
          "Id": "{46074810-9d02-30c5-a7f2-622cd6212e3e}"
        },
        "Type": "LaneBoundary"
      },
      "type": "Feature"
    },
    {
      "geometry": {
        "coordinates": [
          [
            4.3187664742367425e-05,
            5.2453429668907e-05,
            0
          ],
          [
            4.204641166664135e-05,
            5.245342966890779e-05,
            0
          ],
          [
            4.081696198839843e-05,
            5.245342966890861e-05,
            0
          ]
        ],
        "type": "LineString"
      },
      "properties": {
        "Id": "{19e56d45-af8e-3d0b-9f25-48cc43222a60}",
        "LeftLane": {
          "Dir": "Forward",
          "Id": "{46074810-9d02-30c5-a7f2-622cd6212e3e}"
        },
        "RightLane": {
          "Dir": "Forward",
          "Id": "{771fe9b2-81f1-3da9-bf3f-cf0dc5567a34}"
        },
        "Type": "LaneBoundary"
      },
      "type": "Feature"
    },
    {
      "geometry": {
        "coordinates": [
          [
            4.3187664742368686e-05,
            5.4262168623007244e-05,
            0
          ],
          [
            4.204641166664258e-05,
            5.426216862300806e-05,
            0
          ],
          [
            4.081696198839962e-05,
            5.4262168623008904e-05,
            0
          ]
        ],
        "type": "LineString"
      },
      "properties": {
        "Id": "{690e5a58-cd0e-3c29-8e1f-4041fbb2d522}",
        "LeftLane": {
          "Dir": "Forward",
          "Id": "{771fe9b2-81f1-3da9-bf3f-cf0dc5567a34}"
        },
        "Type": "LaneBoundary"
      },
      "type": "Feature"
    },
    {
      "geometry": {
        "coordinates": [
          [
            4.0816961988395095e-05,
            4.7027212806607746e-05,
            0
          ],
          [
            3.9620960399514795e-05,
            4.7027212806608444e-05,
            0
          ],
          [
            3.9595874332501564e-05,
            4.702721280660846e-05,
            0
          ],
          [
            3.719550913239426e-05,
            4.7027212806609786e-05,
            0
          ],
          [
            3.5932611364788846e-05,
            4.702721280661046e-05,
            0
          ]
        ],
        "type": "LineString"
      },
      "properties": {
        "Id": "{e487a75c-c536-37eb-b2aa-89cc8fc71030}",
        "RightLane": {
          "Dir": "Forward",
          "Id": "{fd442275-8836-3f6a-a64c-23440798eef2}"
        },
        "Type": "LaneBoundary"
      },
      "type": "Feature"
    },
    {
      "geometry": {
        "coordinates": [
          [
            4.081696198839563e-05,
            4.7931582283657894e-05,
            0
          ],
          [
            3.962096039951531e-05,
            4.79315822836586e-05,
            0
          ],
          [
            3.959587433250208e-05,
            4.793158228365861e-05,
            0
          ],
          [
            3.719550913239475e-05,
            4.7931582283659975e-05,
            0
          ],
          [
            3.593261136478931e-05,
            4.793158228366065e-05,
            0
          ]
        ],
        "type": "LineString"
      },
      "properties": {
        "Id": "{6170277e-e5a2-3c06-a414-64dfdf5d65d6}",
        "LeftLane": {
          "Dir": "Forward",
          "Id": "{fd442275-8836-3f6a-a64c-23440798eef2}"
        },
        "RightLane": {
          "Dir": "Forward",
          "Id": "{3f396bee-445b-3efa-bcfb-a8862c7904ec}"
        },
        "Type": "LaneBoundary"
      },
      "type": "Feature"
    },
    {
      "geometry": {
        "coordinates": [
          [
            4.081696198839699e-05,
            5.0192505976283254e-05,
            0
          ],
          [
            3.9620960399516645e-05,
            5.0192505976284e-05,
            0
          ],
          [
            3.959587433250341e-05,
            5.019250597628401e-05,
            0
          ],
          [
            3.7195509132396e-05,
            5.019250597628543e-05,
            0
          ],
          [
            3.593261136479052e-05,
            5.019250597628614e-05,
            0
          ]
        ],
        "type": "LineString"
      },
      "properties": {
        "Id": "{f563a851-d42c-379f-9f68-f9c3feaa71bc}",
        "LeftLane": {
          "Dir": "Forward",
          "Id": "{3f396bee-445b-3efa-bcfb-a8862c7904ec}"
        },
        "RightLane": {
          "Dir": "Forward",
          "Id": "{ab0e36c9-40d8-3502-8e27-35c4be0cdce8}"
        },
        "Type": "LaneBoundary"
      },
      "type": "Feature"
    },
    {
      "geometry": {
        "coordinates": [
          [
            4.081696198839843e-05,
            5.245342966890861e-05,
            0
          ],
          [
            3.962096039951803e-05,
            5.245342966890939e-05,
            0
          ],
          [
            3.9595874332504796e-05,
            5.24534296689094e-05,
            0
          ],
          [
            3.7195509132397305e-05,
            5.2453429668910884e-05,
            0
          ],
          [
            3.593261136479177e-05,
            5.245342966891162e-05,
            0
          ]
        ],
        "type": "LineString"
      },
      "properties": {
        "Id": "{84eca6c9-455a-39c0-8c43-cc23411bf928}",
        "LeftLane": {
          "Dir": "Forward",
          "Id": "{ab0e36c9-40d8-3502-8e27-35c4be0cdce8}"
        },
        "RightLane": {
          "Dir": "Forward",
          "Id": "{a7de5599-d70e-3ba5-882d-662f24067495}"
        },
        "Type": "LaneBoundary"
      },
      "type": "Feature"
    },
    {
      "geometry": {
        "coordinates": [
          [
            4.081696198839962e-05,
            5.4262168623008904e-05,
            0
          ],
          [
            3.962096039951918e-05,
            5.42621686230097e-05,
            0
          ],
          [
            3.959587433250595e-05,
            5.4262168623009724e-05,
            0
          ],
          [
            3.719550913239838e-05,
            5.4262168623011255e-05,
            0
          ],
          [
            3.5932611364792823e-05,
            5.426216862301203e-05,
            0
          ]
        ],
        "type": "LineString"
      },
      "properties": {
        "Id": "{9917fb62-7767-374b-8777-1ef99095129b}",
        "LeftLane": {
          "Dir": "Forward",
          "Id": "{a7de5599-d70e-3ba5-882d-662f24067495}"
        },
        "Type": "LaneBoundary"
      },
      "type": "Feature"
    },
    {
      "geometry": {
        "coordinates": [
          [
            2.824503715888082e-05,
            1.1058673539894144e-05,
            0
          ],
          [
            2.5751056158488387e-05,
            1.1054516881475136e-05,
            0
          ],
          [
            2.067790076459703e-05,
            1.1046061574848587e-05,
            0
          ],
          [
            2.063066605583832e-05,
            1.1045982849890458e-05,
            0
          ],
          [
            1.5557510661946794e-05,
            1.1037527543263823e-05,
            0
          ],
          [
            1.3025570977209186e-05,
            1.1033307620014372e-05,
            0
          ]
        ],
        "type": "LineString"
      },
      "properties": {
        "Id": "{63bb8e89-adf4-3c85-96bc-aed46881ed53}",
        "RightLane": {
          "Dir": "Forward",
          "Id": "{6a8aac14-9e1b-35ea-bcdb-0441386562a4}"
        },
        "Type": "LaneBoundary"
      },
      "type": "Feature"
    },
    {
      "geometry": {
        "coordinates": [
          [
            2.824503715888082e-05,
            1.1058673539894144e-05,
            0
          ],
          [
            2.5751056158488387e-05,
            1.1054516881475136e-05,
            0
          ],
          [
            2.067790076459703e-05,
            1.1046061574848587e-05,
            0
          ],
          [
            2.063066605583832e-05,
            1.1045982849890458e-05,
            0
          ],
          [
            1.5557510661946794e-05,
            1.1037527543263823e-05,
            0
          ],
          [
            1.3025570977209186e-05,
            1.1033307620014372e-05,
            0
          ]
        ],
        "type": "LineString"
      },
      "properties": {
        "Id": "{9afafe87-925b-321b-8269-dd3163f4368a}",
        "LeftLane": {
          "Dir": "Forward",
          "Id": "{6a8aac14-9e1b-35ea-bcdb-0441386562a4}"
        },
        "RightLane": {
          "Dir": "Forward",
          "Id": "{a7a8fcf7-84e1-36d4-99a8-1f5a335e608a}"
        },
        "Type": "LaneBoundary"
      },
      "type": "Feature"
    },
    {
      "geometry": {
        "coordinates": [
          [
            2.824057563176121e-05,
            1.3771778253087286e-05,
            0
          ],
          [
            2.5746594631360756e-05,
            1.3767621594668335e-05,
            0
          ],
          [
            2.0673439237469347e-05,
            1.3759166288041884e-05,
            0
          ],
          [
            2.0626204528710634e-05,
            1.3759087563083754e-05,
            0
          ],
          [
            1.5553049134821718e-05,
            1.3750632256457198e-05,
            0
          ],
          [
            1.302110945008409e-05,
            1.374641233320778e-05,
            0
          ]
        ],
        "type": "LineString"
      },
      "properties": {
        "Id": "{f9e89a32-1cea-303b-91e3-ade719c2f2fd}",
        "LeftLane": {
          "Dir": "Forward",
          "Id": "{a7a8fcf7-84e1-36d4-99a8-1f5a335e608a}"
        },
        "RightLane": {
          "Dir": "Forward",
          "Id": "{d8fca83d-2dac-3722-9cf9-fd42cd7d4916}"
        },
        "Type": "LaneBoundary"
      },
      "type": "Feature"
    },
    {
      "geometry": {
        "coordinates": [
          [
            2.8236114104633655e-05,
            1.6484882966280437e-05,
            0
          ],
          [
            2.574213310424118e-05,
            1.6480726307861535e-05,
            0
          ],
          [
            2.0668977710352365e-05,
            1.6472271001235186e-05,
            0
          ],
          [
            2.0621743001593652e-05,
            1.6472192276277058e-05,
            0
          ],
          [
            1.5548587607694023e-05,
            1.6463736969650577e-05,
            0
          ],
          [
            1.3016647922959021e-05,
            1.6459517046401187e-05,
            0
          ]
        ],
        "type": "LineString"
      },
      "properties": {
        "Id": "{8dfab29b-5f80-3785-8313-60a920399468}",
        "LeftLane": {
          "Dir": "Forward",
          "Id": "{d8fca83d-2dac-3722-9cf9-fd42cd7d4916}"
        },
        "RightLane": {
          "Dir": "Forward",
          "Id": "{55d3a33e-a9c9-33d0-82ff-6c114dcf77d5}"
        },
        "Type": "LaneBoundary"
      },
      "type": "Feature"
    },
    {
      "geometry": {
        "coordinates": [
          [
            2.8228678226097664e-05,
            2.100672415493567e-05,
            0
          ],
          [
            2.573469722569712e-05,
            2.1002567496516867e-05,
            0
          ],
          [
            2.0661541831810848e-05,
            2.0994112189890678e-05,
            0
          ],
          [
            2.0614307123049468e-05,
            2.0994033464932552e-05,
            0
          ],
          [
            1.5541151729155033e-05,
            2.0985578158306197e-05,
            0
          ],
          [
            1.300921204441997e-05,
            2.098135823505686e-05,
            0
          ]
        ],
        "type": "LineString"
      },
      "properties": {
        "Id": "{ff6341a2-37d0-3051-8c8c-4814b4760c1c}",
        "LeftLane": {
          "Dir": "Forward",
          "Id": "{55d3a33e-a9c9-33d0-82ff-6c114dcf77d5}"
        },
        "RightLane": {
          "Dir": "Forward",
          "Id": "{44a2143c-2233-3140-ad9e-3e5a89efde41}"
        },
        "Type": "LaneBoundary"
      },
      "type": "Feature"
    },
    {
      "geometry": {
        "coordinates": [
          [
            2.8228678226097664e-05,
            2.100672415493567e-05,
            0
          ],
          [
            2.573469722569712e-05,
            2.1002567496516867e-05,
            0
          ],
          [
            2.0661541831810848e-05,
            2.0994112189890678e-05,
            0
          ],
          [
            2.0614307123049468e-05,
            2.0994033464932552e-05,
            0
          ],
          [
            1.5541151729155033e-05,
            2.0985578158306197e-05,
            0
          ],
          [
            1.300921204441997e-05,
            2.098135823505686e-05,
            0
          ]
        ],
        "type": "LineString"
      },
      "properties": {
        "Id": "{968e0f04-00d9-32a2-a820-fd90006d49da}",
        "LeftLane": {
          "Dir": "Forward",
          "Id": "{44a2143c-2233-3140-ad9e-3e5a89efde41}"
        },
        "Type": "LaneBoundary"
      },
      "type": "Feature"
    },
    {
      "geometry": {
        "coordinates": [
          [
            6.692448866688979e-05,
            2.3155641480685273e-05,
            0
          ],
          [
            6.682704024717159e-05,
            2.422198507514224e-05,
            0
          ],
          [
            6.653796661483768e-05,
            2.5252528413986136e-05,
            0
          ],
          [
            6.606697281243075e-05,
            2.6212673160299285e-05,
            0
          ],
          [
            6.542987147163674e-05,
            2.7070184462648874e-05,
            0
          ],
          [
            6.439428354345558e-05,
            2.798113450638096e-05,
            0
          ],
          [
            6.317490902537487e-05,
            2.862128540708505e-05,
            0
          ],
          [
            6.184017731368185e-05,
            2.895471289455776e-05,
            0
          ],
          [
            6.046499262260914e-05,
            2.8962706288778017e-05,
            0
          ],
          [
            5.9615758216198605e-05,
            2.8866121491483758e-05,
            0
          ],
          [
            5.876652378797468e-05,
            2.876953671576232e-05,
            0
          ],
          [
            5.81588203397139e-05,
            2.8702074981186588e-05,
            0
          ],
          [
            5.813423719172694e-05,
            2.869941499981547e-05,
            0
          ],
          [
            5.391705409262605e-05,
            2.8322196448429905e-05,
            0
          ],
          [
            4.9688964991472305e-05,
            2.8100963483255677e-05,
            0
          ],
          [
            4.581407943161595e-05,
            2.803545351954883e-05,
            0
          ]
        ],
        "type": "LineString"
      },
      "properties": {
        "Id": "{d2ff1b8b-bbdb-3805-a1ac-3326eed9e5ee}",
        "RightLane": {
          "Dir": "Forward",
          "Id": "{efebe81d-afa6-342a-848b-e545cda75a02}"
        },
        "Type": "LaneBoundary"
      },
      "type": "Feature"
    },
    {
      "geometry": {
        "coordinates": [
          [
            6.91702768771934e-05,
            2.315564148068419e-05,
            0
          ],
          [
            6.903512963674785e-05,
            2.463450993807591e-05,
            0
          ],
          [
            6.863422520131905e-05,
            2.6063728480498466e-05,
            0
          ],
          [
            6.798102309869823e-05,
            2.7395314085020265e-05,
            0
          ],
          [
            6.709745322313697e-05,
            2.858456155037177e-05,
            0
          ],
          [
            6.641663687895288e-05,
            2.9259207850509687e-05,
            0
          ],
          [
            6.566123854542409e-05,
            2.9847921027502716e-05,
            0
          ],
          [
            6.484189360098913e-05,
            3.0342412490898943e-05,
            0
          ],
          [
            6.397013773897422e-05,
            3.073572021337806e-05,
            0
          ],
          [
            6.305824455475705e-05,
            3.102230675028853e-05,
            0
          ],
          [
            6.211905274369473e-05,
            3.1198137202249286e-05,
            0
          ],
          [
            6.1165785343068e-05,
            3.126073602316716e-05,
            0
          ],
          [
            6.0212888978393596e-05,
            3.12093393552635e-05,
            0
          ],
          [
            5.936365457199368e-05,
            3.111275455796929e-05,
            0
          ],
          [
            5.851446541200776e-05,
            3.101617493020988e-05,
            0
          ],
          [
            5.7918588054286984e-05,
            3.09500260211314e-05,
            0
          ],
          [
            5.789448330170525e-05,
            3.094741780379197e-05,
            0
          ],
          [
            5.375936784486104e-05,
            3.057754003804455e-05,
            0
          ],
          [
            4.961355862002607e-05,
            3.0360612332427396e-05,
            0
          ],
          [
            4.581407949010095e-05,
            3.0296377212174063e-05,
            0
          ]
        ],
        "type": "LineString"
      },
      "properties": {
        "Id": "{cc5737b5-4a1f-3326-9546-10fa1ec1e3b8}",
        "LeftLane": {
          "Dir": "Forward",
          "Id": "{efebe81d-afa6-342a-848b-e545cda75a02}"
        },
        "Type": "LaneBoundary"
      },
      "type": "Feature"
    },
    {
      "geometry": {
        "coordinates": [
          [
            4.042418778537566e-06,
            2.061962407674863e-05,
            0
          ],
          [
            4.042418778537617e-06,
            2.275327218258794e-05,
            0
          ],
          [
            4.059717126747612e-06,
            2.3163261648184793e-05,
            0
          ],
          [
            4.242760038890795e-06,
            2.413370002192439e-05,
            0
          ],
          [
            4.618433564421928e-06,
            2.504620710134598e-05,
            0
          ],
          [
            5.170965315242328e-06,
            2.5862471920065848e-05,
            0
          ],
          [
            5.877157635355921e-06,
            2.654822417516207e-05,
            0
          ],
          [
            5.929362314486249e-06,
            2.658883187529959e-05,
            0
          ],
          [
            6.051847859934159e-06,
            2.6680665762875516e-05,
            0
          ],
          [
            6.956622374408554e-06,
            2.7243513778079878e-05,
            0
          ],
          [
            7.935419091181737e-06,
            2.766242443832009e-05,
            0
          ],
          [
            8.965809205208335e-06,
            2.7927798543501064e-05,
            0
          ],
          [
            1.0024181665678509e-05,
            2.8033555133223648e-05,
            0
          ],
          [
            1.0187554737781235e-05,
            2.8035453788561373e-05,
            0
          ],
          [
            1.230691939243389e-05,
            2.8035453788561166e-05,
            0
          ]
        ],
        "type": "LineString"
      },
      "properties": {
        "Id": "{27d7f3a3-7bd6-3cad-b317-4ee847ef18e9}",
        "RightLane": {
          "Dir": "Forward",
          "Id": "{23137bee-820e-35c9-ac6b-a2b0b0f41b3e}"
        },
        "Type": "LaneBoundary"
      },
      "type": "Feature"
    },
    {
      "geometry": {
        "coordinates": [
          [
            6.288206988834735e-06,
            2.061962407674857e-05,
            0
          ],
          [
            6.288206988834817e-06,
            2.275327218258787e-05,
            0
          ],
          [
            6.297392477957351e-06,
            2.2971257374134402e-05,
            0
          ],
          [
            6.394588964931409e-06,
            2.348656386513115e-05,
            0
          ],
          [
            6.594073044949942e-06,
            2.3971108617101768e-05,
            0
          ],
          [
            6.887469519556545e-06,
            2.4404548360253864e-05,
            0
          ],
          [
            7.262460344623659e-06,
            2.476868543255966e-05,
            0
          ],
          [
            7.290253135989914e-06,
            2.479030342729752e-05,
            0
          ],
          [
            7.373587654324923e-06,
            2.485278372046073e-05,
            0
          ],
          [
            7.989161909138524e-06,
            2.5235724156987777e-05,
            0
          ],
          [
            8.655098062178824e-06,
            2.552073507781332e-05,
            0
          ],
          [
            9.356136405388663e-06,
            2.5701285551361806e-05,
            0
          ],
          [
            1.0076212875545692e-05,
            2.5773238322873814e-05,
            0
          ],
          [
            1.0187554737781047e-05,
            2.5774530095935464e-05,
            0
          ],
          [
            1.2306919392433664e-05,
            2.5774530095935278e-05,
            0
          ]
        ],
        "type": "LineString"
      },
      "properties": {
        "Id": "{e393ec86-fedd-3dcb-b955-1b72dff50c36}",
        "LeftLane": {
          "Dir": "Forward",
          "Id": "{23137bee-820e-35c9-ac6b-a2b0b0f41b3e}"
        },
        "Type": "LaneBoundary"
      },
      "type": "Feature"
    },
    {
      "geometry": {
        "coordinates": [
          [
            3.588011699647259e-05,
            2.953592764317956e-05,
            0
          ],
          [
            3.588397338457777e-05,
            3.107335085218459e-05,
            0
          ],
          [
            3.588605131195113e-05,
            3.1901756519122946e-05,
            0
          ],
          [
            3.5886132917765514e-05,
            3.193429024743982e-05,
            0
          ],
          [
            3.5890061926142007e-05,
            3.350066492196277e-05,
            0
          ],
          [
            3.5892148839058484e-05,
            3.433265285170007e-05,
            0
          ]
        ],
        "type": "LineString"
      },
      "properties": {
        "Id": "{c7a4e5e8-ca54-30aa-ac49-58d362d9ba75}",
        "RightLane": {
          "Dir": "Forward",
          "Id": "{3a24439d-fac6-3a8b-84c4-c7d9a74c4ce3}"
        },
        "Type": "LaneBoundary"
      },
      "type": "Feature"
    },
    {
      "geometry": {
        "coordinates": [
          [
            3.812589804623794e-05,
            2.953021826344664e-05,
            0
          ],
          [
            3.812975443434048e-05,
            3.106764147245164e-05,
            0
          ],
          [
            3.813183236170588e-05,
            3.1896047139389974e-05,
            0
          ],
          [
            3.813191396753091e-05,
            3.192858086770685e-05,
            0
          ],
          [
            3.813584297590745e-05,
            3.3494955542229755e-05,
            0
          ],
          [
            3.813792988882393e-05,
            3.432694347196703e-05,
            0
          ]
        ],
        "type": "LineString"
      },
      "properties": {
        "Id": "{51228662-506b-3370-9892-75d5bc2d0569}",
        "LeftLane": {
          "Dir": "Forward",
          "Id": "{3a24439d-fac6-3a8b-84c4-c7d9a74c4ce3}"
        },
        "Type": "LaneBoundary"
      },
      "type": "Feature"
    },
    {
      "geometry": {
        "coordinates": [
          [
            3.9863908788718535e-05,
            4.1971193617131024e-05,
            0
          ],
          [
            3.986356582610281e-05,
            4.183446498128294e-05,
            0
          ]
        ],
        "type": "LineString"
      },
      "properties": {
        "Id": "{0eba3e0d-f07a-3234-91d5-d26ae8aee1fd}",
        "RightLane": {
          "Dir": "Forward",
          "Id": "{f234b490-577f-3960-92d6-1d34fe15733f}"
        },
        "Type": "LaneBoundary"
      },
      "type": "Feature"
    },
    {
      "geometry": {
        "coordinates": [
          [
            3.8246946432888474e-05,
            4.197530437053899e-05,
            0
          ],
          [
            3.824660347027275e-05,
            4.18385757346909e-05,
            0
          ]
        ],
        "type": "LineString"
      },
      "properties": {
        "Id": "{a77de414-7f80-37d4-9a5c-fd3eef6f6d6d}",
        "LeftLane": {
          "Dir": "Forward",
          "Id": "{f234b490-577f-3960-92d6-1d34fe15733f}"
        },
        "Type": "LaneBoundary"
      },
      "type": "Feature"
    },
    {
      "geometry": {
        "coordinates": [
          [
            3.986356582610281e-05,
            4.183446498128294e-05,
            0
          ],
          [
            3.9862501376471325e-05,
            4.141010168576788e-05,
            0
          ]
        ],
        "type": "LineString"
      },
      "properties": {
        "Id": "{6e1d1a85-4b31-35dd-85cc-3b635e54e785}",
        "RightLane": {
          "Dir": "Forward",
          "Id": "{b27b77ed-1112-39bf-a140-ba4159650d33}"
        },
        "Type": "LaneBoundary"
      },
      "type": "Feature"
    },
    {
      "geometry": {
        "coordinates": [
          [
            3.824660347027275e-05,
            4.18385757346909e-05,
            0
          ],
          [
            3.8245539020641276e-05,
            4.1414212439175836e-05,
            0
          ]
        ],
        "type": "LineString"
      },
      "properties": {
        "Id": "{c2a9ef7a-8a89-35f5-9603-a5910e35304a}",
        "LeftLane": {
          "Dir": "Forward",
          "Id": "{b27b77ed-1112-39bf-a140-ba4159650d33}"
        },
        "Type": "LaneBoundary"
      },
      "type": "Feature"
    },
    {
      "geometry": {
        "coordinates": [
          [
            3.35753788867659e-05,
            4.185045124453594e-05,
            0
          ],
          [
            3.357431443713446e-05,
            4.142608794902086e-05,
            0
          ]
        ],
        "type": "LineString"
      },
      "properties": {
        "Id": "{673ab8e9-a6a1-373e-bd4c-003f9405d309}",
        "RightLane": {
          "Dir": "Forward",
          "Id": "{3014a4cb-2cdb-31dd-9ccc-8ce732b10493}"
        },
        "Type": "LaneBoundary"
      },
      "type": "Feature"
    },
    {
      "geometry": {
        "coordinates": [
          [
            3.1958416530935734e-05,
            4.185456199794377e-05,
            0
          ],
          [
            3.19573520813043e-05,
            4.1430198702428685e-05,
            0
          ]
        ],
        "type": "LineString"
      },
      "properties": {
        "Id": "{dc67394c-f52d-31bb-b96c-fd98e94c5f3e}",
        "LeftLane": {
          "Dir": "Forward",
          "Id": "{3014a4cb-2cdb-31dd-9ccc-8ce732b10493}"
        },
        "Type": "LaneBoundary"
      },
      "type": "Feature"
    },
    {
      "geometry": {
        "coordinates": [
          [
            3.9862501376471325e-05,
            4.141010168576788e-05,
            0
          ],
          [
            3.98475763711234e-05,
            3.545996155548296e-05,
            0
          ]
        ],
        "type": "LineString"
      },
      "properties": {
        "Id": "{4406e484-bae0-3b1c-873a-a13e5a92ff45}",
        "RightLane": {
          "Dir": "Forward",
          "Id": "{0bc2f83b-65da-3fae-95c3-a1fb15ad03fc}"
        },
        "Type": "LaneBoundary"
      },
      "type": "Feature"
    },
    {
      "geometry": {
        "coordinates": [
          [
            3.8245539020641276e-05,
            4.1414212439175836e-05,
            0
          ],
          [
            3.823061401529613e-05,
            3.5464072308890786e-05,
            0
          ]
        ],
        "type": "LineString"
      },
      "properties": {
        "Id": "{296dcea3-dc89-3728-a7fb-9bdd4f55d3ea}",
        "LeftLane": {
          "Dir": "Forward",
          "Id": "{0bc2f83b-65da-3fae-95c3-a1fb15ad03fc}"
        },
        "Type": "LaneBoundary"
      },
      "type": "Feature"
    },
    {
      "geometry": {
        "coordinates": [
          [
            3.815570777865621e-05,
            4.141444081436517e-05,
            0
          ],
          [
            3.814078277330838e-05,
            3.5464300684080124e-05,
            0
          ]
        ],
        "type": "LineString"
      },
      "properties": {
        "Id": "{468e3cfd-f77d-3306-8d0e-09147a216e57}",
        "RightLane": {
          "Dir": "Forward",
          "Id": "{317261be-5a4c-36c7-962d-a6c3b040e2fb}"
        },
        "Type": "LaneBoundary"
      },
      "type": "Feature"
    },
    {
      "geometry": {
        "coordinates": [
          [
            3.5909926728887895e-05,
            4.1420150194098376e-05,
            0
          ],
          [
            3.589500172354291e-05,
            3.54700100638132e-05,
            0
          ]
        ],
        "type": "LineString"
      },
      "properties": {
        "Id": "{df906269-d124-3467-89c5-5f33bbe226a8}",
        "LeftLane": {
          "Dir": "Forward",
          "Id": "{317261be-5a4c-36c7-962d-a6c3b040e2fb}"
        },
        "Type": "LaneBoundary"
      },
      "type": "Feature"
    },
    {
      "geometry": {
        "coordinates": [
          [
            3.357431443713446e-05,
            4.142608794902086e-05,
            0
          ],
          [
            3.3559389431792296e-05,
            3.547594781873551e-05,
            0
          ]
        ],
        "type": "LineString"
      },
      "properties": {
        "Id": "{aa88ef7e-578a-355d-a546-c49b73158c32}",
        "RightLane": {
          "Dir": "Forward",
          "Id": "{0d179c16-54d0-3a6b-93f4-2dbbcfb1eec8}"
        },
        "Type": "LaneBoundary"
      },
      "type": "Feature"
    },
    {
      "geometry": {
        "coordinates": [
          [
            3.19573520813043e-05,
            4.1430198702428685e-05,
            0
          ],
          [
            3.1942427075964925e-05,
            3.548005857214324e-05,
            0
          ]
        ],
        "type": "LineString"
      },
      "properties": {
        "Id": "{c0be7c81-c18b-3ffa-b488-0a1ddbac2377}",
        "LeftLane": {
          "Dir": "Forward",
          "Id": "{0d179c16-54d0-3a6b-93f4-2dbbcfb1eec8}"
        },
        "Type": "LaneBoundary"
      },
      "type": "Feature"
    },
    {
      "geometry": {
        "coordinates": [
          [
            3.814078277330838e-05,
            3.5464300684080124e-05,
            0
          ],
          [
            3.8140688827424866e-05,
            3.54268473551134e-05,
            0
          ]
        ],
        "type": "LineString"
      },
      "properties": {
        "Id": "{3a086be9-6910-387d-a9bc-ca377886ea05}",
        "RightLane": {
          "Dir": "Forward",
          "Id": "{c9e82a50-36a6-3781-a258-001c7d22f858}"
        },
        "Type": "LaneBoundary"
      },
      "type": "Feature"
    },
    {
      "geometry": {
        "coordinates": [
          [
            3.589500172354291e-05,
            3.54700100638132e-05,
            0
          ],
          [
            3.589490777767004e-05,
            3.543255673484645e-05,
            0
          ]
        ],
        "type": "LineString"
      },
      "properties": {
        "Id": "{72c2d803-2a43-3de2-8160-a4e86ce127e2}",
        "LeftLane": {
          "Dir": "Forward",
          "Id": "{c9e82a50-36a6-3781-a258-001c7d22f858}"
        },
        "Type": "LaneBoundary"
      },
      "type": "Feature"
    },
    {
      "geometry": {
        "coordinates": [
          [
            3.3559389431792296e-05,
            3.547594781873551e-05,
            0
          ],
          [
            3.3559295485908774e-05,
            3.543849448976878e-05,
            0
          ]
        ],
        "type": "LineString"
      },
      "properties": {
        "Id": "{4b251f47-7273-30a2-adac-f596db49293e}",
        "RightLane": {
          "Dir": "Forward",
          "Id": "{688bc956-5a6a-3f66-8532-482405eb32de}"
        },
        "Type": "LaneBoundary"
      },
      "type": "Feature"
    },
    {
      "geometry": {
        "coordinates": [
          [
            3.1942427075964925e-05,
            3.548005857214324e-05,
            0
          ],
          [
            3.194233313008139e-05,
            3.544260524317652e-05,
            0
          ]
        ],
        "type": "LineString"
      },
      "properties": {
        "Id": "{e71857fc-9b32-3c5f-ae46-0cd59867f23d}",
        "LeftLane": {
          "Dir": "Forward",
          "Id": "{688bc956-5a6a-3f66-8532-482405eb32de}"
        },
        "Type": "LaneBoundary"
      },
      "type": "Feature"
    },
    {
      "geometry": {
        "coordinates": [
          [
            3.8140688827424866e-05,
            3.54268473551134e-05,
            0
          ],
          [
            3.813964142221983e-05,
            3.500927914353254e-05,
            0
          ]
        ],
        "type": "LineString"
      },
      "properties": {
        "Id": "{64dda677-33b5-3dca-a677-eb2f43c4af77}",
        "RightLane": {
          "Dir": "Forward",
          "Id": "{f81d12b2-eb71-3a01-8a13-fba7e30cf898}"
        },
        "Type": "LaneBoundary"
      },
      "type": "Feature"
    },
    {
      "geometry": {
        "coordinates": [
          [
            3.589490777767004e-05,
            3.543255673484645e-05,
            0
          ],
          [
            3.589386037245436e-05,
            3.5014988523265584e-05,
            0
          ]
        ],
        "type": "LineString"
      },
      "properties": {
        "Id": "{d239c5e7-93ed-310a-9fee-96f96a752237}",
        "LeftLane": {
          "Dir": "Forward",
          "Id": "{f81d12b2-eb71-3a01-8a13-fba7e30cf898}"
        },
        "Type": "LaneBoundary"
      },
      "type": "Feature"
    },
    {
      "geometry": {
        "coordinates": [
          [
            3.813964142221983e-05,
            3.500927914353254e-05,
            0
          ],
          [
            3.813792988882393e-05,
            3.4326943471967045e-05,
            0
          ],
          [
            3.813792988882393e-05,
            3.432694347196704e-05,
            0
          ]
        ],
        "type": "LineString"
      },
      "properties": {
        "Id": "{63d412ff-59ae-3d75-94bb-7a4ee37a784f}",
        "RightLane": {
          "Dir": "Forward",
          "Id": "{becf583d-91ca-3e65-ac66-f66089686169}"
        },
        "Type": "LaneBoundary"
      },
      "type": "Feature"
    },
    {
      "geometry": {
        "coordinates": [
          [
            3.589386037245436e-05,
            3.5014988523265584e-05,
            0
          ],
          [
            3.5892148839058484e-05,
            3.4332652851700085e-05,
            0
          ],
          [
            3.5892148839058484e-05,
            3.433265285170008e-05,
            0
          ]
        ],
        "type": "LineString"
      },
      "properties": {
        "Id": "{c8f80a57-ae64-3cd8-ad9d-cb5d30aaf4c1}",
        "LeftLane": {
          "Dir": "Forward",
          "Id": "{becf583d-91ca-3e65-ac66-f66089686169}"
        },
        "Type": "LaneBoundary"
      },
      "type": "Feature"
    },
    {
      "geometry": {
        "coordinates": [
          [
            3.813792988882393e-05,
            3.432694347196704e-05,
            0
          ],
          [
            3.812589804623794e-05,
            2.953021826344664e-05,
            0
          ]
        ],
        "type": "LineString"
      },
      "properties": {
        "Id": "{a983fa59-6162-3aa6-9093-f1f70f08cec2}",
        "RightLane": {
          "Dir": "Forward",
          "Id": "{6d16f79a-a358-3d03-beb1-20ebacd4dbdc}"
        },
        "Type": "LaneBoundary"
      },
      "type": "Feature"
    },
    {
      "geometry": {
        "coordinates": [
          [
            3.5892148839058484e-05,
            3.433265285170008e-05,
            0
          ],
          [
            3.588011699647259e-05,
            2.953592764317956e-05,
            0
          ]
        ],
        "type": "LineString"
      },
      "properties": {
        "Id": "{45e237fe-e10f-3472-8785-fb2c1d5e7e7b}",
        "LeftLane": {
          "Dir": "Forward",
          "Id": "{6d16f79a-a358-3d03-beb1-20ebacd4dbdc}"
        },
        "Type": "LaneBoundary"
      },
      "type": "Feature"
    },
    {
      "geometry": {
        "coordinates": [
          [
            3.812589804623794e-05,
            2.953021826344664e-05,
            0
          ],
          [
            3.8103579851809266e-05,
            2.063264126143252e-05,
            0
          ]
        ],
        "type": "LineString"
      },
      "properties": {
        "Id": "{70757ec3-4479-3c4a-9d4b-db71609f139c}",
        "RightLane": {
          "Dir": "Forward",
          "Id": "{4688b820-5ead-3b30-b8f7-b9edf48a7c08}"
        },
        "Type": "LaneBoundary"
      },
      "type": "Feature"
    },
    {
      "geometry": {
        "coordinates": [
          [
            3.588011699647259e-05,
            2.953592764317956e-05,
            0
          ],
          [
            3.5857798802049394e-05,
            2.063835064116521e-05,
            0
          ]
        ],
        "type": "LineString"
      },
      "properties": {
        "Id": "{410566af-aeca-3e4c-9d95-4dd06ec42741}",
        "LeftLane": {
          "Dir": "Forward",
          "Id": "{4688b820-5ead-3b30-b8f7-b9edf48a7c08}"
        },
        "RightLane": {
          "Dir": "Forward",
          "Id": "{5e908d81-9ee6-3afb-b55c-13d1d315612b}"
        },
        "Type": "LaneBoundary"
      },
      "type": "Feature"
    },
    {
      "geometry": {
        "coordinates": [
          [
            3.363433594671784e-05,
            2.9541637022912427e-05,
            0
          ],
          [
            3.3612017752286806e-05,
            2.0644060020897866e-05,
            0
          ]
        ],
        "type": "LineString"
      },
      "properties": {
        "Id": "{5b0f8d38-b063-300b-a04d-30f9b835d43e}",
        "LeftLane": {
          "Dir": "Forward",
          "Id": "{5e908d81-9ee6-3afb-b55c-13d1d315612b}"
        },
        "Type": "LaneBoundary"
      },
      "type": "Feature"
    },
    {
      "geometry": {
        "coordinates": [
          [
            3.9810373449629395e-05,
            2.0628302132835667e-05,
            0
          ],
          [
            3.981025676175973e-05,
            2.0581782270604185e-05,
            0
          ]
        ],
        "type": "LineString"
      },
      "properties": {
        "Id": "{133fa6e2-4025-39e8-8974-411ef5fd5335}",
        "RightLane": {
          "Dir": "Forward",
          "Id": "{556e6c6a-2943-35ac-b9eb-b521eab67126}"
        },
        "Type": "LaneBoundary"
      },
      "type": "Feature"
    },
    {
      "geometry": {
        "coordinates": [
          [
            3.8193411093804985e-05,
            2.0632412886243216e-05,
            0
          ],
          [
            3.819329440592467e-05,
            2.0585893024011744e-05,
            0
          ]
        ],
        "type": "LineString"
      },
      "properties": {
        "Id": "{a58c5def-d614-3a7c-a45c-6dc21a475566}",
        "LeftLane": {
          "Dir": "Forward",
          "Id": "{556e6c6a-2943-35ac-b9eb-b521eab67126}"
        },
        "Type": "LaneBoundary"
      },
      "type": "Feature"
    },
    {
      "geometry": {
        "coordinates": [
          [
            3.8103579851809266e-05,
            2.063264126143252e-05,
            0
          ],
          [
            3.81034631639396e-05,
            2.0586121399201044e-05,
            0
          ]
        ],
        "type": "LineString"
      },
      "properties": {
        "Id": "{ca4c1e56-faad-3864-9476-814a6365719a}",
        "RightLane": {
          "Dir": "Forward",
          "Id": "{3f89e5c6-67a5-3601-9668-658e157d4b2a}"
        },
        "Type": "LaneBoundary"
      },
      "type": "Feature"
    },
    {
      "geometry": {
        "coordinates": [
          [
            3.5857798802049394e-05,
            2.063835064116521e-05,
            0
          ],
          [
            3.585768211417974e-05,
            2.059183077893373e-05,
            0
          ]
        ],
        "type": "LineString"
      },
      "properties": {
        "Id": "{83ba77f4-477a-3bd3-a8e0-7950320464c4}",
        "LeftLane": {
          "Dir": "Forward",
          "Id": "{3f89e5c6-67a5-3601-9668-658e157d4b2a}"
        },
        "RightLane": {
          "Dir": "Forward",
          "Id": "{e2743ee3-0e29-34e0-8984-a16dfe626505}"
        },
        "Type": "LaneBoundary"
      },
      "type": "Feature"
    },
    {
      "geometry": {
        "coordinates": [
          [
            3.3612017752286806e-05,
            2.0644060020897866e-05,
            0
          ],
          [
            3.3611901064417146e-05,
            2.0597540158666378e-05,
            0
          ]
        ],
        "type": "LineString"
      },
      "properties": {
        "Id": "{86540574-122e-3230-8c3a-9314c98f885e}",
        "LeftLane": {
          "Dir": "Forward",
          "Id": "{e2743ee3-0e29-34e0-8984-a16dfe626505}"
        },
        "Type": "LaneBoundary"
      },
      "type": "Feature"
    },
    {
      "geometry": {
        "coordinates": [
          [
            3.981025676175973e-05,
            2.0581782270604185e-05,
            0
          ],
          [
            3.981000700815454e-05,
            2.0482213199526296e-05,
            0
          ]
        ],
        "type": "LineString"
      },
      "properties": {
        "Id": "{9b897c27-7a4d-399d-95d2-b2c9a22cbc64}",
        "RightLane": {
          "Dir": "Forward",
          "Id": "{990ed62d-54aa-38b2-9815-30e05c94a85e}"
        },
        "Type": "LaneBoundary"
      },
      "type": "Feature"
    },
    {
      "geometry": {
        "coordinates": [
          [
            3.819329440592467e-05,
            2.0585893024011744e-05,
            0
          ],
          [
            3.8193044652330144e-05,
            2.0486323952933848e-05,
            0
          ]
        ],
        "type": "LineString"
      },
      "properties": {
        "Id": "{ddc6775f-3cba-33df-969e-4e207ae16d3c}",
        "LeftLane": {
          "Dir": "Forward",
          "Id": "{990ed62d-54aa-38b2-9815-30e05c94a85e}"
        },
        "RightLane": {
          "Dir": "Forward",
          "Id": "{2de72f38-8ff4-3cda-b2b9-2229d8cb6dcf}"
        },
        "Type": "LaneBoundary"
      },
      "type": "Feature"
    },
    {
      "geometry": {
        "coordinates": [
          [
            3.81034631639396e-05,
            2.0586121399201044e-05,
            0
          ],
          [
            3.810321341033442e-05,
            2.0486552328123156e-05,
            0
          ]
        ],
        "type": "LineString"
      },
      "properties": {
        "Id": "{dde59528-cfa9-359a-b6b2-3d61f2032751}",
        "LeftLane": {
          "Dir": "Forward",
          "Id": "{2de72f38-8ff4-3cda-b2b9-2229d8cb6dcf}"
        },
        "RightLane": {
          "Dir": "Forward",
          "Id": "{c7bd3668-1afc-3494-9734-04e5ae57e5f1}"
        },
        "Type": "LaneBoundary"
      },
      "type": "Feature"
    },
    {
      "geometry": {
        "coordinates": [
          [
            3.585768211417974e-05,
            2.059183077893373e-05,
            0
          ],
          [
            3.585743236057455e-05,
            2.0492261707855836e-05,
            0
          ]
        ],
        "type": "LineString"
      },
      "properties": {
        "Id": "{86bf16d8-0607-3b4e-9d37-f59c2c8002dd}",
        "LeftLane": {
          "Dir": "Forward",
          "Id": "{c7bd3668-1afc-3494-9734-04e5ae57e5f1}"
        },
        "RightLane": {
          "Dir": "Forward",
          "Id": "{b51cb279-b60d-3922-8669-82ae30190e1b}"
        },
        "Type": "LaneBoundary"
      },
      "type": "Feature"
    },
    {
      "geometry": {
        "coordinates": [
          [
            3.3611901064417146e-05,
            2.0597540158666378e-05,
            0
          ],
          [
            3.3611651310811965e-05,
            2.049797108758849e-05,
            0
          ]
        ],
        "type": "LineString"
      },
      "properties": {
        "Id": "{a420f6a0-8926-3ba2-bf2a-76d166b95c2b}",
        "LeftLane": {
          "Dir": "Forward",
          "Id": "{b51cb279-b60d-3922-8669-82ae30190e1b}"
        },
        "RightLane": {
          "Dir": "Forward",
          "Id": "{9e9a3735-7ab2-32e9-966f-e370d83efc21}"
        },
        "Type": "LaneBoundary"
      },
      "type": "Feature"
    },
    {
      "geometry": {
        "coordinates": [
          [
            3.352206982242142e-05,
            2.059776853385568e-05,
            0
          ],
          [
            3.35218200688269e-05,
            2.049819946277779e-05,
            0
          ]
        ],
        "type": "LineString"
      },
      "properties": {
        "Id": "{fe0c1cf8-2c5f-3a1f-8922-52599a6b9f26}",
        "LeftLane": {
          "Dir": "Forward",
          "Id": "{9e9a3735-7ab2-32e9-966f-e370d83efc21}"
        },
        "RightLane": {
          "Dir": "Forward",
          "Id": "{e872b7f3-246b-3f9c-8c9f-bbe0b7e2547c}"
        },
        "Type": "LaneBoundary"
      },
      "type": "Feature"
    },
    {
      "geometry": {
        "coordinates": [
          [
            3.1905107466596915e-05,
            2.060187928726317e-05,
            0
          ],
          [
            3.190485771299173e-05,
            2.0502310216185274e-05,
            0
          ]
        ],
        "type": "LineString"
      },
      "properties": {
        "Id": "{b4ede978-dd3e-3d21-a9a5-f7988901c59d}",
        "LeftLane": {
          "Dir": "Forward",
          "Id": "{e872b7f3-246b-3f9c-8c9f-bbe0b7e2547c}"
        },
        "Type": "LaneBoundary"
      },
      "type": "Feature"
    },
    {
      "geometry": {
        "coordinates": [
          [
            2.229523772115778e-05,
            3.201467948758105e-05,
            0
          ],
          [
            2.6679035644339836e-05,
            3.201467948758001e-05,
            0
          ],
          [
            2.8482537146760152e-05,
            3.2014679487579506e-05,
            0
          ]
        ],
        "type": "LineString"
      },
      "properties": {
        "Id": "{b4a129d9-edea-3cb7-b2cb-697b591c9c4b}",
        "RightLane": {
          "Dir": "Forward",
          "Id": "{fdfd3050-d0ca-3888-a273-6de72dcc949e}"
        },
        "Type": "LaneBoundary"
      },
      "type": "Feature"
    },
    {
      "geometry": {
        "coordinates": [
          [
            2.2295237721157442e-05,
            3.0386814428890495e-05,
            0
          ],
          [
            2.6679035644339426e-05,
            3.0386814428889502e-05,
            0
          ],
          [
            2.8482537146759722e-05,
            3.0386814428889034e-05,
            0
          ]
        ],
        "type": "LineString"
      },
      "properties": {
        "Id": "{056f4d65-6bf8-3d0c-947c-1f3a65c09649}",
        "LeftLane": {
          "Dir": "Forward",
          "Id": "{fdfd3050-d0ca-3888-a273-6de72dcc949e}"
        },
        "RightLane": {
          "Dir": "Forward",
          "Id": "{0eb8cc7a-941d-3645-96b8-96066b5ee325}"
        },
        "Type": "LaneBoundary"
      },
      "type": "Feature"
    },
    {
      "geometry": {
        "coordinates": [
          [
            2.2295237721157425e-05,
            3.029637748118546e-05,
            0
          ],
          [
            2.6679035644339402e-05,
            3.0296377481184463e-05,
            0
          ],
          [
            2.8482537146759695e-05,
            3.029637748118401e-05,
            0
          ]
        ],
        "type": "LineString"
      },
      "properties": {
        "Id": "{4ac2b9ba-8528-3740-a438-83bc54947f89}",
        "LeftLane": {
          "Dir": "Forward",
          "Id": "{0eb8cc7a-941d-3645-96b8-96066b5ee325}"
        },
        "RightLane": {
          "Dir": "Forward",
          "Id": "{e2cee8a7-973a-3782-9787-da4bd95b164a}"
        },
        "Type": "LaneBoundary"
      },
      "type": "Feature"
    },
    {
      "geometry": {
        "coordinates": [
          [
            2.2295237721156978e-05,
            2.803545378855968e-05,
            0
          ],
          [
            2.667903564433887e-05,
            2.8035453788558757e-05,
            0
          ],
          [
            2.8482537146759126e-05,
            2.8035453788558334e-05,
            0
          ]
        ],
        "type": "LineString"
      },
      "properties": {
        "Id": "{2363c323-731c-3e55-8252-a95f71994a42}",
        "LeftLane": {
          "Dir": "Forward",
          "Id": "{e2cee8a7-973a-3782-9787-da4bd95b164a}"
        },
        "RightLane": {
          "Dir": "Forward",
          "Id": "{3a4ec57a-c1c6-34b1-918d-82c5f22986f8}"
        },
        "Type": "LaneBoundary"
      },
      "type": "Feature"
    },
    {
      "geometry": {
        "coordinates": [
          [
            2.2295237721156568e-05,
            2.5774530095933912e-05,
            0
          ],
          [
            2.667903564433838e-05,
            2.577453009593306e-05,
            0
          ],
          [
            2.8482537146758604e-05,
            2.577453009593267e-05,
            0
          ]
        ],
        "type": "LineString"
      },
      "properties": {
        "Id": "{d7836da0-dde8-3924-9db1-2a32dde313f2}",
        "LeftLane": {
          "Dir": "Forward",
          "Id": "{3a4ec57a-c1c6-34b1-918d-82c5f22986f8}"
        },
        "RightLane": {
          "Dir": "Forward",
          "Id": "{99419863-56a1-3658-85d6-6c7a4f9c0f81}"
        },
        "Type": "LaneBoundary"
      },
      "type": "Feature"
    },
    {
      "geometry": {
        "coordinates": [
          [
            2.2295237721156554e-05,
            2.5684093148228873e-05,
            0
          ],
          [
            2.6679035644338362e-05,
            2.568409314822803e-05,
            0
          ],
          [
            2.8482537146758587e-05,
            2.568409314822764e-05,
            0
          ]
        ],
        "type": "LineString"
      },
      "properties": {
        "Id": "{a61e386e-c660-36c7-bb1f-f0c998837375}",
        "LeftLane": {
          "Dir": "Forward",
          "Id": "{99419863-56a1-3658-85d6-6c7a4f9c0f81}"
        },
        "RightLane": {
          "Dir": "Forward",
          "Id": "{9cf94e3e-135e-3aa3-bbea-a9a862fa7075}"
        },
        "Type": "LaneBoundary"
      },
      "type": "Feature"
    },
    {
      "geometry": {
        "coordinates": [
          [
            2.2295237721156276e-05,
            2.405622808953832e-05,
            0
          ],
          [
            2.6679035644338033e-05,
            2.4056228089537527e-05,
            0
          ],
          [
            2.8482537146758228e-05,
            2.4056228089537158e-05,
            0
          ]
        ],
        "type": "LineString"
      },
      "properties": {
        "Id": "{8af4266e-1a43-35b0-a964-41942db90d35}",
        "LeftLane": {
          "Dir": "Forward",
          "Id": "{9cf94e3e-135e-3aa3-bbea-a9a862fa7075}"
        },
        "Type": "LaneBoundary"
      },
      "type": "Feature"
    },
    {
      "geometry": {
        "coordinates": [
          [
            2.8482537146760152e-05,
            3.2014679487579506e-05,
            0
          ],
          [
            2.852874593444474e-05,
            3.201467948757949e-05,
            0
          ]
        ],
        "type": "LineString"
      },
      "properties": {
        "Id": "{0af62ed1-25eb-3fe9-b2af-d1c484605d64}",
        "RightLane": {
          "Dir": "Forward",
          "Id": "{39e1d50a-8d95-3e1f-a4c2-caa86b32262f}"
        },
        "Type": "LaneBoundary"
      },
      "type": "Feature"
    },
    {
      "geometry": {
        "coordinates": [
          [
            2.8482537146759722e-05,
            3.0386814428889034e-05,
            0
          ],
          [
            2.8528745934444298e-05,
            3.038681442888902e-05,
            0
          ]
        ],
        "type": "LineString"
      },
      "properties": {
        "Id": "{21a53459-10a0-3549-94e5-1fcba49d5353}",
        "LeftLane": {
          "Dir": "Forward",
          "Id": "{39e1d50a-8d95-3e1f-a4c2-caa86b32262f}"
        },
        "Type": "LaneBoundary"
      },
      "type": "Feature"
    },
    {
      "geometry": {
        "coordinates": [
          [
            2.8482537146759695e-05,
            3.029637748118401e-05,
            0
          ],
          [
            2.8528745934444274e-05,
            3.0296377481183995e-05,
            0
          ]
        ],
        "type": "LineString"
      },
      "properties": {
        "Id": "{b14fda6b-4df7-357d-a9b3-d6d65495d37e}",
        "RightLane": {
          "Dir": "Forward",
          "Id": "{4b682127-60bd-33a1-966b-faf4f5c750d1}"
        },
        "Type": "LaneBoundary"
      },
      "type": "Feature"
    },
    {
      "geometry": {
        "coordinates": [
          [
            2.8482537146759126e-05,
            2.8035453788558334e-05,
            0
          ],
          [
            2.8528745934443708e-05,
            2.803545378855832e-05,
            0
          ]
        ],
        "type": "LineString"
      },
      "properties": {
        "Id": "{2dbc1aa0-9722-3915-ab21-8862abb0bb84}",
        "LeftLane": {
          "Dir": "Forward",
          "Id": "{4b682127-60bd-33a1-966b-faf4f5c750d1}"
        },
        "RightLane": {
          "Dir": "Forward",
          "Id": "{0e958036-e9ea-3f34-ad72-7c42abb9dafc}"
        },
        "Type": "LaneBoundary"
      },
      "type": "Feature"
    },
    {
      "geometry": {
        "coordinates": [
          [
            2.8482537146758604e-05,
            2.577453009593267e-05,
            0
          ],
          [
            2.8528745934443183e-05,
            2.5774530095932655e-05,
            0
          ]
        ],
        "type": "LineString"
      },
      "properties": {
        "Id": "{39e0862f-ffc6-304e-a083-e95e14ca650d}",
        "LeftLane": {
          "Dir": "Forward",
          "Id": "{0e958036-e9ea-3f34-ad72-7c42abb9dafc}"
        },
        "Type": "LaneBoundary"
      },
      "type": "Feature"
    },
    {
      "geometry": {
        "coordinates": [
          [
            2.8528745934444274e-05,
            3.0296377481183995e-05,
            0
          ],
          [
            2.9751208422964363e-05,
            3.0296377481183656e-05,
            0
          ],
          [
            2.9751254579352357e-05,
            3.0296377481183656e-05,
            0
          ]
        ],
        "type": "LineString"
      },
      "properties": {
        "Id": "{e5c2add2-ecb5-3330-8716-f15444db5785}",
        "RightLane": {
          "Dir": "Forward",
          "Id": "{65f523fc-2e5f-3565-9a92-f5c3cef60e28}"
        },
        "Type": "LaneBoundary"
      },
      "type": "Feature"
    },
    {
      "geometry": {
        "coordinates": [
          [
            2.8528745934443708e-05,
            2.803545378855832e-05,
            0
          ],
          [
            2.9751208422963774e-05,
            2.8035453788558012e-05,
            0
          ],
          [
            2.9751254579351767e-05,
            2.8035453788558012e-05,
            0
          ]
        ],
        "type": "LineString"
      },
      "properties": {
        "Id": "{51f29670-b327-3bb5-a497-7c6584e114d7}",
        "LeftLane": {
          "Dir": "Forward",
          "Id": "{65f523fc-2e5f-3565-9a92-f5c3cef60e28}"
        },
        "RightLane": {
          "Dir": "Forward",
          "Id": "{92534da4-da6b-33d9-9b33-3c8a294b3072}"
        },
        "Type": "LaneBoundary"
      },
      "type": "Feature"
    },
    {
      "geometry": {
        "coordinates": [
          [
            2.8528745934443183e-05,
            2.5774530095932655e-05,
            0
          ],
          [
            2.9751208422963228e-05,
            2.577453009593237e-05,
            0
          ],
          [
            2.9751254579351222e-05,
            2.577453009593237e-05,
            0
          ]
        ],
        "type": "LineString"
      },
      "properties": {
        "Id": "{277d3ce2-1b30-305c-8791-e70cb60480f8}",
        "LeftLane": {
          "Dir": "Forward",
          "Id": "{92534da4-da6b-33d9-9b33-3c8a294b3072}"
        },
        "Type": "LaneBoundary"
      },
      "type": "Feature"
    },
    {
      "geometry": {
        "coordinates": [
          [
            2.9751254579352357e-05,
            3.0296377481183656e-05,
            0
          ],
          [
            3.12783905623538e-05,
            3.029637748118323e-05,
            0
          ]
        ],
        "type": "LineString"
      },
      "properties": {
        "Id": "{8c088740-125f-377b-8692-2073e3b49589}",
        "RightLane": {
          "Dir": "Forward",
          "Id": "{8842f179-8138-3b45-bf5d-dc904892bd2e}"
        },
        "Type": "LaneBoundary"
      },
      "type": "Feature"
    },
    {
      "geometry": {
        "coordinates": [
          [
            2.9751254579351767e-05,
            2.8035453788558012e-05,
            0
          ],
          [
            3.127839056235318e-05,
            2.803545378855762e-05,
            0
          ]
        ],
        "type": "LineString"
      },
      "properties": {
        "Id": "{759a3a08-173c-348b-a158-b781365fc8f6}",
        "LeftLane": {
          "Dir": "Forward",
          "Id": "{8842f179-8138-3b45-bf5d-dc904892bd2e}"
        },
        "RightLane": {
          "Dir": "Forward",
          "Id": "{aac5c63d-4c7d-3bb4-a30d-fa6f3c312af7}"
        },
        "Type": "LaneBoundary"
      },
      "type": "Feature"
    },
    {
      "geometry": {
        "coordinates": [
          [
            2.9751254579351222e-05,
            2.577453009593237e-05,
            0
          ],
          [
            3.1278390562352595e-05,
            2.5774530095932e-05,
            0
          ]
        ],
        "type": "LineString"
      },
      "properties": {
        "Id": "{86ac820e-31ff-3b0a-a19f-704797a894d3}",
        "LeftLane": {
          "Dir": "Forward",
          "Id": "{aac5c63d-4c7d-3bb4-a30d-fa6f3c312af7}"
        },
        "Type": "LaneBoundary"
      },
      "type": "Feature"
    },
    {
      "geometry": {
        "coordinates": [
          [
            3.12783905623538e-05,
            3.029637748118323e-05,
            0
          ],
          [
            3.551841936671622e-05,
            3.0296377481181908e-05,
            0
          ],
          [
            3.555309161497716e-05,
            3.0296377481181898e-05,
            0
          ],
          [
            3.557235701560124e-05,
            3.029637748067683e-05,
            0
          ],
          [
            4.2870738912712824e-05,
            3.0296377289338446e-05,
            0
          ],
          [
            4.287073891271283e-05,
            3.0296377289338446e-05,
            0
          ]
        ],
        "type": "LineString"
      },
      "properties": {
        "Id": "{258bfbd9-b3b4-399d-8c6c-522287ed9c06}",
        "RightLane": {
          "Dir": "Forward",
          "Id": "{ea22971c-4481-361a-bb39-6a2d1e6d4122}"
        },
        "Type": "LaneBoundary"
      },
      "type": "Feature"
    },
    {
      "geometry": {
        "coordinates": [
          [
            3.127839056235318e-05,
            2.803545378855762e-05,
            0
          ],
          [
            3.551841936671552e-05,
            2.80354537885564e-05,
            0
          ],
          [
            3.555309161497645e-05,
            2.8035453788556385e-05,
            0
          ],
          [
            3.557235695711645e-05,
            2.803545378805132e-05,
            0
          ],
          [
            4.287073885422789e-05,
            2.8035453596713137e-05,
            0
          ],
          [
            4.2870738854227896e-05,
            2.8035453596713137e-05,
            0
          ]
        ],
        "type": "LineString"
      },
      "properties": {
        "Id": "{537d5fcc-43e4-35d0-b7ea-14bb998a3800}",
        "LeftLane": {
          "Dir": "Forward",
          "Id": "{ea22971c-4481-361a-bb39-6a2d1e6d4122}"
        },
        "RightLane": {
          "Dir": "Forward",
          "Id": "{9153a3be-1116-3149-9e76-3f7f86502e6a}"
        },
        "Type": "LaneBoundary"
      },
      "type": "Feature"
    },
    {
      "geometry": {
        "coordinates": [
          [
            3.1278390562352595e-05,
            2.5774530095932e-05,
            0
          ],
          [
            3.5518419366714865e-05,
            2.5774530095930887e-05,
            0
          ],
          [
            3.5553091614975795e-05,
            2.5774530095930876e-05,
            0
          ],
          [
            3.557235689863171e-05,
            2.577453009542581e-05,
            0
          ],
          [
            4.287073879574302e-05,
            2.5774529904087824e-05,
            0
          ],
          [
            4.287073879574303e-05,
            2.5774529904087824e-05,
            0
          ]
        ],
        "type": "LineString"
      },
      "properties": {
        "Id": "{af1bfbaa-da2b-311e-a34b-e4308801a614}",
        "LeftLane": {
          "Dir": "Forward",
          "Id": "{9153a3be-1116-3149-9e76-3f7f86502e6a}"
        },
        "Type": "LaneBoundary"
      },
      "type": "Feature"
    },
    {
      "geometry": {
        "coordinates": [
          [
            4.287073891271283e-05,
            3.0296377289338446e-05,
            0
          ],
          [
            4.304627468640921e-05,
            3.0296377284736502e-05,
            0
          ],
          [
            4.30463208427972e-05,
            3.029637728473529e-05,
            0
          ]
        ],
        "type": "LineString"
      },
      "properties": {
        "Id": "{fca8d660-8835-3482-9213-2acbeb29dc97}",
        "RightLane": {
          "Dir": "Forward",
          "Id": "{bc5eca94-5cf3-3a2d-b48a-c410b39a8eb2}"
        },
        "Type": "LaneBoundary"
      },
      "type": "Feature"
    },
    {
      "geometry": {
        "coordinates": [
          [
            4.2870738854227896e-05,
            2.8035453596713137e-05,
            0
          ],
          [
            4.3046274627934937e-05,
            2.80354535921112e-05,
            0
          ],
          [
            4.304632078431226e-05,
            2.803545359210998e-05,
            0
          ]
        ],
        "type": "LineString"
      },
      "properties": {
        "Id": "{7dd1f176-da65-3c1a-ad89-24a530bcb1d2}",
        "LeftLane": {
          "Dir": "Forward",
          "Id": "{bc5eca94-5cf3-3a2d-b48a-c410b39a8eb2}"
        },
        "RightLane": {
          "Dir": "Forward",
          "Id": "{2342449c-9957-3f3e-a5cb-cdba7c6edd2c}"
        },
        "Type": "LaneBoundary"
      },
      "type": "Feature"
    },
    {
      "geometry": {
        "coordinates": [
          [
            4.287073879574303e-05,
            2.5774529904087824e-05,
            0
          ],
          [
            4.3046274569450056e-05,
            2.5774529899485887e-05,
            0
          ],
          [
            4.304632072583805e-05,
            2.5774529899484678e-05,
            0
          ]
        ],
        "type": "LineString"
      },
      "properties": {
        "Id": "{12303aa1-73e1-310e-94a4-e1f7d4c36b35}",
        "LeftLane": {
          "Dir": "Forward",
          "Id": "{2342449c-9957-3f3e-a5cb-cdba7c6edd2c}"
        },
        "Type": "LaneBoundary"
      },
      "type": "Feature"
    },
    {
      "geometry": {
        "coordinates": [
          [
            4.30463208427972e-05,
            3.029637728473529e-05,
            0
          ],
          [
            4.3223960895574185e-05,
            3.029637728007818e-05,
            0
          ]
        ],
        "type": "LineString"
      },
      "properties": {
        "Id": "{56108e76-e115-3bba-ba76-3f5f86c596bc}",
        "RightLane": {
          "Dir": "Forward",
          "Id": "{e1a3112b-e4c3-3bd5-92fd-6827419bcc2b}"
        },
        "Type": "LaneBoundary"
      },
      "type": "Feature"
    },
    {
      "geometry": {
        "coordinates": [
          [
            4.304632078431226e-05,
            2.803545359210998e-05,
            0
          ],
          [
            4.3223960837089237e-05,
            2.8035453587452874e-05,
            0
          ]
        ],
        "type": "LineString"
      },
      "properties": {
        "Id": "{7bd7f622-4277-309b-bac7-0cd09fae774a}",
        "LeftLane": {
          "Dir": "Forward",
          "Id": "{e1a3112b-e4c3-3bd5-92fd-6827419bcc2b}"
        },
        "RightLane": {
          "Dir": "Forward",
          "Id": "{d9edb4c4-9f70-366e-b2bd-d34ab26a217b}"
        },
        "Type": "LaneBoundary"
      },
      "type": "Feature"
    },
    {
      "geometry": {
        "coordinates": [
          [
            4.304632072583805e-05,
            2.5774529899484678e-05,
            0
          ],
          [
            4.3223960778615015e-05,
            2.577452989482758e-05,
            0
          ]
        ],
        "type": "LineString"
      },
      "properties": {
        "Id": "{541ff58e-2d7b-3174-bec5-9bd3574fb128}",
        "LeftLane": {
          "Dir": "Forward",
          "Id": "{d9edb4c4-9f70-366e-b2bd-d34ab26a217b}"
        },
        "Type": "LaneBoundary"
      },
      "type": "Feature"
    },
    {
      "geometry": {
        "coordinates": [
          [
            4.3223960895574185e-05,
            3.029637728007818e-05,
            0
          ],
          [
            4.3261163433423145e-05,
            3.0296377279102856e-05,
            0
          ]
        ],
        "type": "LineString"
      },
      "properties": {
        "Id": "{1a6e55e9-dfc8-39b1-9434-56084a8f2214}",
        "RightLane": {
          "Dir": "Forward",
          "Id": "{6e1f1f12-282d-3d66-a0c4-a7622a684b9f}"
        },
        "Type": "LaneBoundary"
      },
      "type": "Feature"
    },
    {
      "geometry": {
        "coordinates": [
          [
            4.3223960837089237e-05,
            2.8035453587452874e-05,
            0
          ],
          [
            4.3261163374938196e-05,
            2.8035453586477546e-05,
            0
          ]
        ],
        "type": "LineString"
      },
      "properties": {
        "Id": "{8e50e974-d400-364c-9528-80fc71e39178}",
        "LeftLane": {
          "Dir": "Forward",
          "Id": "{6e1f1f12-282d-3d66-a0c4-a7622a684b9f}"
        },
        "RightLane": {
          "Dir": "Forward",
          "Id": "{925d0f30-1e15-31b8-a611-04e99138d8fc}"
        },
        "Type": "LaneBoundary"
      },
      "type": "Feature"
    },
    {
      "geometry": {
        "coordinates": [
          [
            4.3223960778615015e-05,
            2.577452989482758e-05,
            0
          ],
          [
            4.326116331645333e-05,
            2.5774529893852254e-05,
            0
          ]
        ],
        "type": "LineString"
      },
      "properties": {
        "Id": "{9e456af3-912a-3156-8de6-32269d2063be}",
        "LeftLane": {
          "Dir": "Forward",
          "Id": "{925d0f30-1e15-31b8-a611-04e99138d8fc}"
        },
        "Type": "LaneBoundary"
      },
      "type": "Feature"
    },
    {
      "geometry": {
        "coordinates": [
          [
            4.322396077627179e-05,
            2.568409294712257e-05,
            0
          ],
          [
            4.3261163314120756e-05,
            2.5684092946147242e-05,
            0
          ]
        ],
        "type": "LineString"
      },
      "properties": {
        "Id": "{6a9fe286-83fa-3a79-a58e-91c892520b43}",
        "RightLane": {
          "Dir": "Forward",
          "Id": "{fbf399da-ef0f-3070-981d-bb93eb650daf}"
        },
        "Type": "LaneBoundary"
      },
      "type": "Feature"
    },
    {
      "geometry": {
        "coordinates": [
          [
            4.3223960734168255e-05,
            2.4056227888432346e-05,
            0
          ],
          [
            4.3261163272006556e-05,
            2.4056227887457028e-05,
            0
          ]
        ],
        "type": "LineString"
      },
      "properties": {
        "Id": "{3bbfc8ab-431f-38b8-a5be-db5cd1b50569}",
        "LeftLane": {
          "Dir": "Forward",
          "Id": "{fbf399da-ef0f-3070-981d-bb93eb650daf}"
        },
        "Type": "LaneBoundary"
      },
      "type": "Feature"
    },
    {
      "geometry": {
        "coordinates": [
          [
            4.326116347787005e-05,
            3.2014679285498085e-05,
            0
          ],
          [
            4.372483496458691e-05,
            3.201467927334219e-05,
            0
          ],
          [
            4.3724834964586915e-05,
            3.201467927334219e-05,
            0
          ]
        ],
        "type": "LineString"
      },
      "properties": {
        "Id": "{f5f413f8-3f26-3bdc-bd4a-f534710c15bf}",
        "RightLane": {
          "Dir": "Forward",
          "Id": "{ec7f2b0f-c388-365e-9044-4fa5e3208437}"
        },
        "Type": "LaneBoundary"
      },
      "type": "Feature"
    },
    {
      "geometry": {
        "coordinates": [
          [
            4.326116343576638e-05,
            3.0386814226807875e-05,
            0
          ],
          [
            4.372483492248323e-05,
            3.038681421465199e-05,
            0
          ],
          [
            4.372483492248324e-05,
            3.038681421465199e-05,
            0
          ]
        ],
        "type": "LineString"
      },
      "properties": {
        "Id": "{1f1f12d0-ce09-3816-9648-d0842f4a30b9}",
        "LeftLane": {
          "Dir": "Forward",
          "Id": "{ec7f2b0f-c388-365e-9044-4fa5e3208437}"
        },
        "Type": "LaneBoundary"
      },
      "type": "Feature"
    },
    {
      "geometry": {
        "coordinates": [
          [
            4.3261163433423145e-05,
            3.0296377279102856e-05,
            0
          ],
          [
            4.372483492013999e-05,
            3.0296377266946974e-05,
            0
          ],
          [
            4.372483492014001e-05,
            3.0296377266946974e-05,
            0
          ]
        ],
        "type": "LineString"
      },
      "properties": {
        "Id": "{d83ec5a2-b751-30e2-9f78-cc125637fe44}",
        "RightLane": {
          "Dir": "Forward",
          "Id": "{035e6481-1b49-3a20-a9a8-ed4f89ce62d2}"
        },
        "Type": "LaneBoundary"
      },
      "type": "Feature"
    },
    {
      "geometry": {
        "coordinates": [
          [
            4.3261163374938196e-05,
            2.8035453586477546e-05,
            0
          ],
          [
            4.3724834861655045e-05,
            2.8035453574321695e-05,
            0
          ],
          [
            4.3724834861655045e-05,
            2.8035453574321695e-05,
            0
          ]
        ],
        "type": "LineString"
      },
      "properties": {
        "Id": "{123249cc-83cb-3a33-9100-33588a560306}",
        "LeftLane": {
          "Dir": "Forward",
          "Id": "{035e6481-1b49-3a20-a9a8-ed4f89ce62d2}"
        },
        "RightLane": {
          "Dir": "Forward",
          "Id": "{54cc0275-26a1-36d3-a334-0918d57a2d24}"
        },
        "Type": "LaneBoundary"
      },
      "type": "Feature"
    },
    {
      "geometry": {
        "coordinates": [
          [
            4.326116331645333e-05,
            2.5774529893852254e-05,
            0
          ],
          [
            4.3724834803170144e-05,
            2.57745298816964e-05,
            0
          ],
          [
            4.372483480317016e-05,
            2.57745298816964e-05,
            0
          ]
        ],
        "type": "LineString"
      },
      "properties": {
        "Id": "{d1a7bfe1-2431-3a30-8f25-acf6f8f8e671}",
        "LeftLane": {
          "Dir": "Forward",
          "Id": "{54cc0275-26a1-36d3-a334-0918d57a2d24}"
        },
        "Type": "LaneBoundary"
      },
      "type": "Feature"
    },
    {
      "geometry": {
        "coordinates": [
          [
            4.3261163314120756e-05,
            2.5684092946147242e-05,
            0
          ],
          [
            4.3724834800837585e-05,
            2.568409293399139e-05,
            0
          ],
          [
            4.372483480083759e-05,
            2.568409293399139e-05,
            0
          ]
        ],
        "type": "LineString"
      },
      "properties": {
        "Id": "{7ec01e19-d2b9-3b99-8734-fd59bf02fb7a}",
        "RightLane": {
          "Dir": "Forward",
          "Id": "{c7644629-1580-3100-a849-f64e6a4ed85b}"
        },
        "Type": "LaneBoundary"
      },
      "type": "Feature"
    },
    {
      "geometry": {
        "coordinates": [
          [
            4.3261163272006556e-05,
            2.4056227887457028e-05,
            0
          ],
          [
            4.372483475872338e-05,
            2.4056227875301183e-05,
            0
          ],
          [
            4.3724834758723384e-05,
            2.4056227875301183e-05,
            0
          ]
        ],
        "type": "LineString"
      },
      "properties": {
        "Id": "{d7c123e8-26d6-3298-95c6-6831f4eefdd9}",
        "LeftLane": {
          "Dir": "Forward",
          "Id": "{c7644629-1580-3100-a849-f64e6a4ed85b}"
        },
        "Type": "LaneBoundary"
      },
      "type": "Feature"
    },
    {
      "geometry": {
        "coordinates": [
          [
            4.3724834964586915e-05,
            3.201467927334219e-05,
            0
          ],
          [
            4.441174078243481e-05,
            3.201467925533385e-05,
            0
          ],
          [
            4.581407953454789e-05,
            3.2014679218569255e-05,
            0
          ]
        ],
        "type": "LineString"
      },
      "properties": {
        "Id": "{13647efe-7408-3628-a702-37eb1de6fe90}",
        "RightLane": {
          "Dir": "Forward",
          "Id": "{c5183421-d3b2-35f8-8e4d-836c28673572}"
        },
        "Type": "LaneBoundary"
      },
      "type": "Feature"
    },
    {
      "geometry": {
        "coordinates": [
          [
            4.372483492248324e-05,
            3.038681421465199e-05,
            0
          ],
          [
            4.441174074032048e-05,
            3.038681419664365e-05,
            0
          ],
          [
            4.581407949243353e-05,
            3.0386814159879095e-05,
            0
          ]
        ],
        "type": "LineString"
      },
      "properties": {
        "Id": "{552d98a6-de3c-3ad8-9b73-e22b2f452359}",
        "LeftLane": {
          "Dir": "Forward",
          "Id": "{c5183421-d3b2-35f8-8e4d-836c28673572}"
        },
        "RightLane": {
          "Dir": "Forward",
          "Id": "{caa53d62-fdc1-34a9-bdc5-ce1f5b367cd0}"
        },
        "Type": "LaneBoundary"
      },
      "type": "Feature"
    },
    {
      "geometry": {
        "coordinates": [
          [
            4.372483492014001e-05,
            3.0296377266946974e-05,
            0
          ],
          [
            4.441174073798789e-05,
            3.029637724893864e-05,
            0
          ],
          [
            4.581407949010095e-05,
            3.0296377212174087e-05,
            0
          ]
        ],
        "type": "LineString"
      },
      "properties": {
        "Id": "{1d7b4c65-2ce4-3839-b8f2-cd93ff839f70}",
        "LeftLane": {
          "Dir": "Forward",
          "Id": "{caa53d62-fdc1-34a9-bdc5-ce1f5b367cd0}"
        },
        "RightLane": {
          "Dir": "Forward",
          "Id": "{02dfc126-3096-31ae-bd99-ce26c505d26f}"
        },
        "Type": "LaneBoundary"
      },
      "type": "Feature"
    },
    {
      "geometry": {
        "coordinates": [
          [
            4.3724834861655045e-05,
            2.8035453574321695e-05,
            0
          ],
          [
            4.441174067950292e-05,
            2.8035453556313375e-05,
            0
          ],
          [
            4.581407943161595e-05,
            2.8035453519548855e-05,
            0
          ]
        ],
        "type": "LineString"
      },
      "properties": {
        "Id": "{9767864d-d893-3b66-9dfc-2974c3e4eef2}",
        "LeftLane": {
          "Dir": "Forward",
          "Id": "{02dfc126-3096-31ae-bd99-ce26c505d26f}"
        },
        "RightLane": {
          "Dir": "Forward",
          "Id": "{c74caa02-a1ea-36d9-8821-d66fcfcf2aad}"
        },
        "Type": "LaneBoundary"
      },
      "type": "Feature"
    },
    {
      "geometry": {
        "coordinates": [
          [
            4.372483480317016e-05,
            2.57745298816964e-05,
            0
          ],
          [
            4.441174062101802e-05,
            2.577452986368811e-05,
            0
          ],
          [
            4.581407937313102e-05,
            2.5774529826923644e-05,
            0
          ]
        ],
        "type": "LineString"
      },
      "properties": {
        "Id": "{6034dda9-7f21-377e-8254-7689edac4f51}",
        "LeftLane": {
          "Dir": "Forward",
          "Id": "{c74caa02-a1ea-36d9-8821-d66fcfcf2aad}"
        },
        "RightLane": {
          "Dir": "Forward",
          "Id": "{1f82e785-88a2-3d3f-a493-f7dfb7841634}"
        },
        "Type": "LaneBoundary"
      },
      "type": "Feature"
    },
    {
      "geometry": {
        "coordinates": [
          [
            4.372483480083759e-05,
            2.568409293399139e-05,
            0
          ],
          [
            4.441174061868545e-05,
            2.56840929159831e-05,
            0
          ],
          [
            4.581407937078779e-05,
            2.568409287921864e-05,
            0
          ]
        ],
        "type": "LineString"
      },
      "properties": {
        "Id": "{61642dd5-f97d-3759-82b4-325f52812405}",
        "LeftLane": {
          "Dir": "Forward",
          "Id": "{1f82e785-88a2-3d3f-a493-f7dfb7841634}"
        },
        "RightLane": {
          "Dir": "Forward",
          "Id": "{afdcbf1c-bf84-38ee-aeea-3a591e1915b2}"
        },
        "Type": "LaneBoundary"
      },
      "type": "Feature"
    },
    {
      "geometry": {
        "coordinates": [
          [
            4.3724834758723384e-05,
            2.4056227875301183e-05,
            0
          ],
          [
            4.441174057657124e-05,
            2.4056227857292907e-05,
            0
          ],
          [
            4.5814079328684225e-05,
            2.4056227820528472e-05,
            0
          ]
        ],
        "type": "LineString"
      },
      "properties": {
        "Id": "{48a0770f-72cb-3cb0-99a3-99f3addf7bca}",
        "LeftLane": {
          "Dir": "Forward",
          "Id": "{afdcbf1c-bf84-38ee-aeea-3a591e1915b2}"
        },
        "Type": "LaneBoundary"
      },
      "type": "Feature"
    },
    {
      "geometry": {
        "coordinates": [
          [
            4.581407943161595e-05,
            2.8035453519548855e-05,
            0
          ],
          [
            5.8659987861186395e-05,
            2.80354531827724e-05,
            0
          ]
        ],
        "type": "LineString"
      },
      "properties": {
        "Id": "{98a16c83-7731-33da-8a2c-42540bfef5ef}",
        "RightLane": {
          "Dir": "Forward",
          "Id": "{5792a6d9-dc0d-3e85-a96c-2bdf591270d7}"
        },
        "Type": "LaneBoundary"
      },
      "type": "Feature"
    },
    {
      "geometry": {
        "coordinates": [
          [
            4.581407937313102e-05,
            2.5774529826923644e-05,
            0
          ],
          [
            5.8659987802701217e-05,
            2.577452949014765e-05,
            0
          ]
        ],
        "type": "LineString"
      },
      "properties": {
        "Id": "{698fd277-0ab0-38f7-a433-03d856ce526e}",
        "LeftLane": {
          "Dir": "Forward",
          "Id": "{5792a6d9-dc0d-3e85-a96c-2bdf591270d7}"
        },
        "Type": "LaneBoundary"
      },
      "type": "Feature"
    },
    {
      "geometry": {
        "coordinates": [
          [
            4.581407937078779e-05,
            2.568409287921864e-05,
            0
          ],
          [
            5.865998780035797e-05,
            2.568409254244266e-05,
            0
          ]
        ],
        "type": "LineString"
      },
      "properties": {
        "Id": "{8b044c4b-5f9e-3df3-acb3-d22d60857f15}",
        "RightLane": {
          "Dir": "Forward",
          "Id": "{13685bcf-8ecd-3ebc-a571-06f1a5f5f2da}"
        },
        "Type": "LaneBoundary"
      },
      "type": "Feature"
    },
    {
      "geometry": {
        "coordinates": [
          [
            4.5814079328684225e-05,
            2.4056227820528472e-05,
            0
          ],
          [
            5.8659987758254274e-05,
            2.405622748375283e-05,
            0
          ]
        ],
        "type": "LineString"
      },
      "properties": {
        "Id": "{525e6c67-3a4c-347d-8fb3-816461a530e6}",
        "LeftLane": {
          "Dir": "Forward",
          "Id": "{13685bcf-8ecd-3ebc-a571-06f1a5f5f2da}"
        },
        "Type": "LaneBoundary"
      },
      "type": "Feature"
    },
    {
      "geometry": {
        "coordinates": [
          [
            5.8659987861186395e-05,
            2.80354531827724e-05,
            0
          ],
          [
            5.92888089273357e-05,
            2.8035453166286795e-05,
            0
          ]
        ],
        "type": "LineString"
      },
      "properties": {
        "Id": "{d3211a21-1e50-3b09-84fa-f83b9e7b71db}",
        "RightLane": {
          "Dir": "Forward",
          "Id": "{235949ca-80d5-3947-899f-cbbfd4e1d015}"
        },
        "Type": "LaneBoundary"
      },
      "type": "Feature"
    },
    {
      "geometry": {
        "coordinates": [
          [
            5.8659987802701217e-05,
            2.577452949014765e-05,
            0
          ],
          [
            5.928880886885053e-05,
            2.5774529473662062e-05,
            0
          ]
        ],
        "type": "LineString"
      },
      "properties": {
        "Id": "{78b3b1a3-70e8-333e-b855-ee03f1038f56}",
        "LeftLane": {
          "Dir": "Forward",
          "Id": "{235949ca-80d5-3947-899f-cbbfd4e1d015}"
        },
        "Type": "LaneBoundary"
      },
      "type": "Feature"
    },
    {
      "geometry": {
        "coordinates": [
          [
            5.865998780035797e-05,
            2.568409254244266e-05,
            0
          ],
          [
            5.928880886650729e-05,
            2.5684092525957077e-05,
            0
          ]
        ],
        "type": "LineString"
      },
      "properties": {
        "Id": "{44c60733-8f5c-3040-9ca8-260cb3ec5923}",
        "RightLane": {
          "Dir": "Forward",
          "Id": "{ce4ab9c1-c2bf-3d5c-808c-fc7e5b97ed75}"
        },
        "Type": "LaneBoundary"
      },
      "type": "Feature"
    },
    {
      "geometry": {
        "coordinates": [
          [
            5.8659987758254274e-05,
            2.405622748375283e-05,
            0
          ],
          [
            5.9288808824403557e-05,
            2.4056227467267266e-05,
            0
          ]
        ],
        "type": "LineString"
      },
      "properties": {
        "Id": "{5b7a27a1-01c8-3ff5-9e08-ae58afc2825f}",
        "LeftLane": {
          "Dir": "Forward",
          "Id": "{ce4ab9c1-c2bf-3d5c-808c-fc7e5b97ed75}"
        },
        "Type": "LaneBoundary"
      },
      "type": "Feature"
    },
    {
      "geometry": {
        "coordinates": [
          [
            5.92888089273357e-05,
            2.8035453166286795e-05,
            0
          ],
          [
            5.946847078067027e-05,
            2.8035453161576652e-05,
            0
          ]
        ],
        "type": "LineString"
      },
      "properties": {
        "Id": "{01736380-8029-3775-8344-250de1d4d305}",
        "RightLane": {
          "Dir": "Forward",
          "Id": "{02ded283-f52b-3fc2-b4e2-2dddf2bdb289}"
        },
        "Type": "LaneBoundary"
      },
      "type": "Feature"
    },
    {
      "geometry": {
        "coordinates": [
          [
            5.928880886885053e-05,
            2.5774529473662062e-05,
            0
          ],
          [
            5.946847072218507e-05,
            2.5774529468951935e-05,
            0
          ]
        ],
        "type": "LineString"
      },
      "properties": {
        "Id": "{9d544e39-a321-3ba0-ac24-509e9c67ea60}",
        "LeftLane": {
          "Dir": "Forward",
          "Id": "{02ded283-f52b-3fc2-b4e2-2dddf2bdb289}"
        },
        "Type": "LaneBoundary"
      },
      "type": "Feature"
    },
    {
      "geometry": {
        "coordinates": [
          [
            1.3719344818079414e-05,
            9.514191002098648e-06,
            0
          ],
          [
            1.4314050427160422e-05,
            9.501009573220362e-06,
            0
          ],
          [
            1.7878765766468337e-05,
            9.495879509028549e-06,
            0
          ],
          [
            2.099475395068361e-05,
            9.495879509028372e-06,
            0
          ],
          [
            2.4738902190846305e-05,
            9.495879509028122e-06,
            0
          ],
          [
            3.591969951592696e-05,
            9.495879509027136e-06,
            0
          ],
          [
            3.593261136477731e-05,
            9.495879509027134e-06,
            0
          ]
        ],
        "type": "LineString"
      },
      "properties": {
        "Id": "{39908609-d883-3e60-902e-84641e44185a}",
        "RightLane": {
          "Dir": "Forward",
          "Id": "{08813237-5729-3f61-8a5a-532e9b19147d}"
        },
        "Type": "LaneBoundary"
      },
      "type": "Feature"
    },
    {
      "geometry": {
        "coordinates": [
          [
            1.3690338356464289e-05,
            8.610293111237714e-06,
            0
          ],
          [
            1.4302067031199613e-05,
            8.596720566811634e-06,
            0
          ],
          [
            1.7878765766468293e-05,
            8.591510031978207e-06,
            0
          ],
          [
            2.0994753950683558e-05,
            8.59151003197805e-06,
            0
          ],
          [
            2.4738902190846244e-05,
            8.591510031977821e-06,
            0
          ],
          [
            3.591969951592687e-05,
            8.591510031976928e-06,
            0
          ],
          [
            3.5932611364777225e-05,
            8.591510031976927e-06,
            0
          ]
        ],
        "type": "LineString"
      },
      "properties": {
        "Id": "{bc308dd2-b747-34b3-8cf8-50d773eb5a3e}",
        "LeftLane": {
          "Dir": "Forward",
          "Id": "{08813237-5729-3f61-8a5a-532e9b19147d}"
        },
        "RightLane": {
          "Dir": "Forward",
          "Id": "{8ac7a352-1683-3a54-9a41-9cc2acd5d423}"
        },
        "Type": "LaneBoundary"
      },
      "type": "Feature"
    },
    {
      "geometry": {
        "coordinates": [
          [
            1.3617822202406507e-05,
            6.350548384085381e-06,
            0
          ],
          [
            1.4272108541310934e-05,
            6.33599805078981e-06,
            0
          ],
          [
            1.78787657664682e-05,
            6.330586339352364e-06,
            0
          ],
          [
            2.099475395068345e-05,
            6.330586339352246e-06,
            0
          ],
          [
            2.473890219084611e-05,
            6.330586339352079e-06,
            0
          ],
          [
            3.591969951592669e-05,
            6.330586339351422e-06,
            0
          ],
          [
            3.593261136477704e-05,
            6.33058633935142e-06,
            0
          ]
        ],
        "type": "LineString"
      },
      "properties": {
        "Id": "{dbb67cd8-19b8-397b-bbf0-44b87ee7b8bc}",
        "LeftLane": {
          "Dir": "Forward",
          "Id": "{8ac7a352-1683-3a54-9a41-9cc2acd5d423}"
        },
        "RightLane": {
          "Dir": "Forward",
          "Id": "{a83713ba-fed9-3654-a4f6-d0973bec2c3b}"
        },
        "Type": "LaneBoundary"
      },
      "type": "Feature"
    },
    {
      "geometry": {
        "coordinates": [
          [
            1.3545306048338084e-05,
            4.090803656933047e-06,
            0
          ],
          [
            1.4242150051411626e-05,
            4.075275534767988e-06,
            0
          ],
          [
            1.7878765766468137e-05,
            4.069662646726521e-06,
            0
          ],
          [
            2.0994753950683375e-05,
            4.0696626467264455e-06,
            0
          ],
          [
            2.4738902190846027e-05,
            4.069662646726338e-06,
            0
          ],
          [
            3.591969951592656e-05,
            4.069662646725916e-06,
            0
          ],
          [
            3.593261136477691e-05,
            4.0696626467259144e-06,
            0
          ]
        ],
        "type": "LineString"
      },
      "properties": {
        "Id": "{b061ad75-2aec-3384-9610-019b3fcc363a}",
        "LeftLane": {
          "Dir": "Forward",
          "Id": "{a83713ba-fed9-3654-a4f6-d0973bec2c3b}"
        },
        "RightLane": {
          "Dir": "Forward",
          "Id": "{e3a70a5e-f0c4-35cd-bb9e-10ab5c9a61eb}"
        },
        "Type": "LaneBoundary"
      },
      "type": "Feature"
    },
    {
      "geometry": {
        "coordinates": [
          [
            1.3472789894283012e-05,
            1.8310589297807085e-06,
            0
          ],
          [
            1.4212191561509662e-05,
            1.8145530187461636e-06,
            0
          ],
          [
            1.78787657664681e-05,
            1.8087389541006754e-06,
            0
          ],
          [
            2.0994753950683335e-05,
            1.8087389541006421e-06,
            0
          ],
          [
            2.4738902190845976e-05,
            1.8087389541005943e-06,
            0
          ],
          [
            3.5919699515926486e-05,
            1.8087389541004062e-06,
            0
          ],
          [
            3.593261136477684e-05,
            1.8087389541004058e-06,
            0
          ]
        ],
        "type": "LineString"
      },
      "properties": {
        "Id": "{0bfc844e-fa9e-3a7c-99b3-06c26be26e85}",
        "LeftLane": {
          "Dir": "Forward",
          "Id": "{e3a70a5e-f0c4-35cd-bb9e-10ab5c9a61eb}"
        },
        "RightLane": {
          "Dir": "Forward",
          "Id": "{af92f6b8-7bd6-37fd-b59d-256a84ed59c3}"
        },
        "Type": "LaneBoundary"
      },
      "type": "Feature"
    },
    {
      "geometry": {
        "coordinates": [
          [
            1.3414776971044829e-05,
            2.3263148058837485e-08,
            0
          ],
          [
            1.418822476960144e-05,
            5.975005928702998e-09,
            0
          ],
          [
            1.7878765766468096e-05,
            0,
            0
          ],
          [
            2.0994753950683325e-05,
            0,
            0
          ],
          [
            2.4738902190845966e-05,
            0,
            0
          ],
          [
            3.5919699515926465e-05,
            0,
            0
          ],
          [
            3.5932611364776825e-05,
            0,
            0
          ]
        ],
        "type": "LineString"
      },
      "properties": {
        "Id": "{4cb6cde0-bb4b-3c28-aff4-585f60b5ea27}",
        "LeftLane": {
          "Dir": "Forward",
          "Id": "{af92f6b8-7bd6-37fd-b59d-256a84ed59c3}"
        },
        "Type": "LaneBoundary"
      },
      "type": "Feature"
    },
    {
      "geometry": {
        "coordinates": [
          [
            2.8535846211099026e-05,
            5.0192505976289834e-05,
            0
          ],
          [
            2.9601583667935994e-05,
            5.010956130797725e-05,
            0
          ],
          [
            3.06419952363957e-05,
            4.986269837705817e-05,
            0
          ],
          [
            3.1632356865479324e-05,
            4.9457783565531494e-05,
            0
          ],
          [
            3.254913387699177e-05,
            4.8904439156307685e-05,
            0
          ],
          [
            3.3703881319389435e-05,
            4.7865916461055e-05,
            0
          ],
          [
            3.4600922714642974e-05,
            4.659531072873122e-05,
            0
          ],
          [
            3.519552675051939e-05,
            4.515598120010956e-05,
            0
          ],
          [
            3.5458043562770793e-05,
            4.361970142657778e-05,
            0
          ],
          [
            3.548532332231617e-05,
            4.3153091185322034e-05,
            0
          ],
          [
            3.551260307344393e-05,
            4.26864809235948e-05,
            0
          ],
          [
            3.55503471736118e-05,
            4.202327825810266e-05,
            0
          ],
          [
            3.555298550024286e-05,
            4.1975533315352896e-05,
            0
          ],
          [
            3.58542831232835e-05,
            3.346273650208358e-05,
            0
          ],
          [
            3.588011699647261e-05,
            2.953592764317956e-05,
            0
          ]
        ],
        "type": "LineString"
      },
      "properties": {
        "Id": "{eec81e51-1cf7-376a-92e4-2aac2e9c7471}",
        "RightLane": {
          "Dir": "Forward",
          "Id": "{78051476-0521-3558-87d5-ae9abf0d691f}"
        },
        "Type": "LaneBoundary"
      },
      "type": "Feature"
    },
    {
      "geometry": {
        "coordinates": [
          [
            2.853584621109806e-05,
            4.793158228366418e-05,
            0
          ],
          [
            2.9256414398901176e-05,
            4.787550159610785e-05,
            0
          ],
          [
            2.9959859204790485e-05,
            4.7708592219293656e-05,
            0
          ],
          [
            3.0629464162147074e-05,
            4.743482054120841e-05,
            0
          ],
          [
            3.124931696508065e-05,
            4.7060692395831066e-05,
            0
          ],
          [
            3.203006673285679e-05,
            4.635852469804553e-05,
            0
          ],
          [
            3.2636575857977145e-05,
            4.549944062993874e-05,
            0
          ],
          [
            3.303860053098108e-05,
            4.4526278747115234e-05,
            0
          ],
          [
            3.321613523856524e-05,
            4.348685853031016e-05,
            0
          ],
          [
            3.3243414998105304e-05,
            4.30202482890544e-05,
            0
          ],
          [
            3.327069349728618e-05,
            4.255365944321498e-05,
            0
          ],
          [
            3.330803999269082e-05,
            4.189744310245919e-05,
            0
          ],
          [
            3.331065052659572e-05,
            4.185020111558087e-05,
            0
          ],
          [
            3.3608774213296453e-05,
            3.342708000183236e-05,
            0
          ],
          [
            3.363433594671786e-05,
            2.9541637022912427e-05,
            0
          ]
        ],
        "type": "LineString"
      },
      "properties": {
        "Id": "{ca66bbeb-37bf-3737-b310-a54a675fb182}",
        "LeftLane": {
          "Dir": "Forward",
          "Id": "{78051476-0521-3558-87d5-ae9abf0d691f}"
        },
        "Type": "LaneBoundary"
      },
      "type": "Feature"
    },
    {
      "geometry": {
        "coordinates": [
          [
            3.824694643288848e-05,
            4.197530437053899e-05,
            0
          ],
          [
            3.834045741983651e-05,
            4.2925975255790195e-05,
            0
          ],
          [
            3.8612770594517865e-05,
            4.384111477385925e-05,
            0
          ],
          [
            3.9266232128546467e-05,
            4.498853096061465e-05,
            0
          ],
          [
            3.9698452097395956e-05,
            4.5484353634902225e-05,
            0
          ],
          [
            3.9728237858886006e-05,
            4.5514011953793625e-05,
            0
          ],
          [
            4.0757287111331586e-05,
            4.6293375906279105e-05,
            0
          ],
          [
            4.1951433515550015e-05,
            4.677855716562759e-05,
            0
          ],
          [
            4.318766474236385e-05,
            4.6936775858901315e-05,
            0
          ]
        ],
        "type": "LineString"
      },
      "properties": {
        "Id": "{df937eb3-08e2-355f-ae60-72fea7e9b82f}",
        "RightLane": {
          "Dir": "Forward",
          "Id": "{9fc74ac3-4aa6-3cd4-981c-48e62424cfdb}"
        },
        "Type": "LaneBoundary"
      },
      "type": "Feature"
    },
    {
      "geometry": {
        "coordinates": [
          [
            3.9863908788718535e-05,
            4.1971193617131024e-05,
            0
          ],
          [
            3.992681617993644e-05,
            4.2610735849027274e-05,
            0
          ],
          [
            4.011000867926908e-05,
            4.32263751611828e-05,
            0
          ],
          [
            4.054961007489005e-05,
            4.3998273323181865e-05,
            0
          ],
          [
            4.0840376235748606e-05,
            4.4331826758611706e-05,
            0
          ],
          [
            4.0860413929843274e-05,
            4.435177871859319e-05,
            0
          ],
          [
            4.1552683426938554e-05,
            4.4876078104810693e-05,
            0
          ],
          [
            4.235601828068765e-05,
            4.5202472770190575e-05,
            0
          ],
          [
            4.3187664742362865e-05,
            4.530891080021108e-05,
            0
          ]
        ],
        "type": "LineString"
      },
      "properties": {
        "Id": "{4346b845-9a7b-3dfa-8010-cb6a687bb370}",
        "LeftLane": {
          "Dir": "Forward",
          "Id": "{9fc74ac3-4aa6-3cd4-981c-48e62424cfdb}"
        },
        "Type": "LaneBoundary"
      },
      "type": "Feature"
    },
    {
      "geometry": {
        "coordinates": [
          [
            3.585254821440175e-05,
            1.8545102995682888e-05,
            0
          ],
          [
            3.585346346910143e-05,
            1.8345824087508805e-05,
            0.0
          ],
          [
            3.585734503679918e-05,
            1.8143954272476942e-05,
            0.0
          ],
          [
            3.5864408257505446e-05,
            1.7940078458305138e-05,
            0.0
          ],
          [
            3.58748684712307e-05,
            1.773478155271123e-05,
            0.0
          ],
          [
            3.588894101798541e-05,
            1.7528648463413065e-05,
            0.0
          ],
          [
            3.590684123778003e-05,
            1.7322264098128482e-05,
            0.0
          ],
          [
            3.5928784470625035e-05,
            1.7116213364575313e-05,
            0.0
          ],
          [
            3.595498605653087e-05,
            1.6911081170471408e-05,
            0.0
          ],
          [
            3.598566133550801e-05,
            1.6707452423534604e-05,
            0.0
          ],
          [
            3.602102564756694e-05,
            1.650591203148274e-05,
            0.0
          ],
          [
            3.606129433271809e-05,
            1.630704490203366e-05,
            0.0
          ],
          [
            3.610668273097193e-05,
            1.6111435942905204e-05,
            0.0
          ],
          [
            3.615740618233895e-05,
            1.5919670061815205e-05,
            0.0
          ],
          [
            3.6213680026829586e-05,
            1.5732332166481513e-05,
            0.0
          ],
          [
            3.6275719604454306e-05,
            1.555000716462196e-05,
            0.0
          ],
          [
            3.634374025522358e-05,
            1.537327996395439e-05,
            0.0
          ],
          [
            3.641795731914787e-05,
            1.520273547219665e-05,
            0.0
          ],
          [
            3.649858613623764e-05,
            1.5038958597066572e-05,
            0.0
          ],
          [
            3.658584204650335e-05,
            1.4882534246281995e-05,
            0.0
          ],
          [
            3.6679940389955473e-05,
            1.4734047327560763e-05,
            0.0
          ],
          [
            3.678109650660447e-05,
            1.459408274862072e-05,
            0.0
          ],
          [
            3.688952573646079e-05,
            1.44632254171797e-05,
            0.0
          ],
          [
            3.700544341953491e-05,
            1.434206024095555e-05,
            0.0
          ],
          [
            3.71290648958373e-05,
            1.4231172127666102e-05,
            0.0
          ],
          [
            3.7260605505378414e-05,
            1.4131145985029201e-05,
            0.0
          ],
          [
            3.7400280588168715e-05,
            1.4042566720762687e-05,
            0.0
          ],
          [
            3.754830548421868e-05,
            1.3966019242584402e-05,
            0.0
          ],
          [
            3.770489553353874e-05,
            1.3902088458212184e-05,
            0.0
          ],
          [
            3.7870266076139394e-05,
            1.385135927536387e-05,
            0.0
          ],
          [
            3.80446324520311e-05,
            1.381441660175731e-05,
            0.0
          ],
          [
            3.82282100012243e-05,
            1.3791845345110334e-05,
            0.0
          ],
          [
            3.842121406372948e-05,
            1.3784230413140794e-05,
            0
          ]
        ],
        "type": "LineString"
      },
      "properties": {
        "Id": "{6636a102-55c9-3d65-85a9-fdd23be2e715}",
        "RightLane": {
          "Dir": "Forward",
          "Id": "{6789762e-ebe9-33e6-8167-d529a7b5a473}"
        },
        "Type": "LaneBoundary"
      },
      "type": "Feature"
    },
    {
      "geometry": {
        "coordinates": [
          [
            3.36067671646392e-05,
            1.8550812375415493e-05,
            0
          ],
          [
            3.360124129720944e-05,
            1.8224549168393042e-05,
            0.0
          ],
          [
            3.3604957318230105e-05,
            1.789645748907949e-05,
            0.0
          ],
          [
            3.361799750303724e-05,
            1.7567317106548136e-05,
            0.0
          ],
          [
            3.364044412696695e-05,
            1.723790778987228e-05,
            0.0
          ],
          [
            3.367237946535528e-05,
            1.6909009308125224e-05,
            0.0
          ],
          [
            3.3713885793538305e-05,
            1.6581401430380266e-05,
            0.0
          ],
          [
            3.3765045386852106e-05,
            1.6255863925710707e-05,
            0.0
          ],
          [
            3.3825940520632745e-05,
            1.5933176563189848e-05,
            0.0
          ],
          [
            3.3896653470216295e-05,
            1.5614119111890984e-05,
            0.0
          ],
          [
            3.397726651093883e-05,
            1.5299471340887422e-05,
            0.0
          ],
          [
            3.406786191813641e-05,
            1.4990013019252457e-05,
            0.0
          ],
          [
            3.416852196714512e-05,
            1.4686523916059385e-05,
            0.0
          ],
          [
            3.4279328933301016e-05,
            1.4389783800381516e-05,
            0.0
          ],
          [
            3.440036509194019e-05,
            1.4100572441292143e-05,
            0.0
          ],
          [
            3.4531712718398675e-05,
            1.3819669607864563e-05,
            0.0
          ],
          [
            3.4673454088012585e-05,
            1.3547855069172083e-05,
            0.0
          ],
          [
            3.482567147611796e-05,
            1.3285908594288e-05,
            0.0
          ],
          [
            3.4988447158050894e-05,
            1.3034609952285614e-05,
            0.0
          ],
          [
            3.516186340914744e-05,
            1.2794738912238221e-05,
            0.0
          ],
          [
            3.534600250474367e-05,
            1.2567075243219126e-05,
            0.0
          ],
          [
            3.554094672017566e-05,
            1.235239871430163e-05,
            0.0
          ],
          [
            3.574677833077947e-05,
            1.2151489094559027e-05,
            0.0
          ],
          [
            3.59635796118912e-05,
            1.1965126153064618e-05,
            0.0
          ],
          [
            3.619143283884689e-05,
            1.1794089658891708e-05,
            0.0
          ],
          [
            3.6430420286982614e-05,
            1.1639159381113592e-05,
            0.0
          ],
          [
            3.668062423163445e-05,
            1.1501115088803568e-05,
            0.0
          ],
          [
            3.6942126948138484e-05,
            1.1380736551034944e-05,
            0.0
          ],
          [
            3.721501071183076e-05,
            1.127880353688101e-05,
            0.0
          ],
          [
            3.749935779804735e-05,
            1.119609581541507e-05,
            0.0
          ],
          [
            3.7795250482124354e-05,
            1.113339315571043e-05,
            0.0
          ],
          [
            3.810277103939782e-05,
            1.1091475326840379e-05,
            0.0
          ],
          [
            3.842200174520381e-05,
            1.1071122097878223e-05,
            0
          ]
        ],
        "type": "LineString"
      },
      "properties": {
        "Id": "{9f3d2358-570c-324d-8be2-52683c6dfa5b}",
        "LeftLane": {
          "Dir": "Forward",
          "Id": "{6789762e-ebe9-33e6-8167-d529a7b5a473}"
        },
        "Type": "LaneBoundary"
      },
      "type": "Feature"
    },
    {
      "geometry": {
        "coordinates": [
          [
            3.3329854649020586e-05,
            1.3779870082277633e-05,
            0
          ],
          [
            3.3521929511289e-05,
            1.3783986799628618e-05,
            0.0
          ],
          [
            3.3704124931603895e-05,
            1.380357195679775e-05,
            0.0
          ],
          [
            3.387669826907451e-05,
            1.3838012882778647e-05,
            0.0
          ],
          [
            3.403990688281008e-05,
            1.3886696906564933e-05,
            0.0
          ],
          [
            3.419400813191979e-05,
            1.3949011357150233e-05,
            0.0
          ],
          [
            3.433925937551289e-05,
            1.4024343563528167e-05,
            0.0
          ],
          [
            3.447591797269858e-05,
            1.4112080854692367e-05,
            0.0
          ],
          [
            3.4604241282586084e-05,
            1.4211610559636449e-05,
            0.0
          ],
          [
            3.4724486664284624e-05,
            1.4322320007354045e-05,
            0.0
          ],
          [
            3.4836911476903424e-05,
            1.444359652683877e-05,
            0.0
          ],
          [
            3.49417730795517e-05,
            1.4574827447084258e-05,
            0.0
          ],
          [
            3.503932883133866e-05,
            1.4715400097084126e-05,
            0.0
          ],
          [
            3.512983609137354e-05,
            1.4864701805832e-05,
            0.0
          ],
          [
            3.5213552218765544e-05,
            1.5022119902321507e-05,
            0.0
          ],
          [
            3.529073457262391e-05,
            1.5187041715546265e-05,
            0.0
          ],
          [
            3.5361640512057844e-05,
            1.5358854574499904e-05,
            0.0
          ],
          [
            3.542652739617657e-05,
            1.5536945808176046e-05,
            0.0
          ],
          [
            3.548565258408932e-05,
            1.5720702745568313e-05,
            0.0
          ],
          [
            3.5539273434905285e-05,
            1.590951271567033e-05,
            0.0
          ],
          [
            3.5587647307733704e-05,
            1.6102763047475726e-05,
            0.0
          ],
          [
            3.563103156168379e-05,
            1.6299841069978123e-05,
            0.0
          ],
          [
            3.566968355586477e-05,
            1.6500134112171138e-05,
            0.0
          ],
          [
            3.570386064938586e-05,
            1.6703029503048404e-05,
            0.0
          ],
          [
            3.573382020135627e-05,
            1.690791457160353e-05,
            0.0
          ],
          [
            3.575981957088523e-05,
            1.7114176646830165e-05,
            0.0
          ],
          [
            3.578211611708196e-05,
            1.732120305772192e-05,
            0.0
          ],
          [
            3.580096719905568e-05,
            1.7528381133272416e-05,
            0.0
          ],
          [
            3.5816630175915605e-05,
            1.7735098202475274e-05,
            0.0
          ],
          [
            3.582936240677095e-05,
            1.7940741594324128e-05,
            0.0
          ],
          [
            3.583942125073094e-05,
            1.8144698637812605e-05,
            0.0
          ],
          [
            3.584706406690481e-05,
            1.834635666193431e-05,
            0.0
          ],
          [
            3.5852548214401746e-05,
            1.8545102995682888e-05,
            0
          ]
        ],
        "type": "LineString"
      },
      "properties": {
        "Id": "{cbaaf229-2689-326d-9b01-5ea54fbcb943}",
        "RightLane": {
          "Dir": "Forward",
          "Id": "{a3bfca82-750c-358f-a988-00ee20f634d4}"
        },
        "Type": "LaneBoundary"
      },
      "type": "Feature"
    },
    {
      "geometry": {
        "coordinates": [
          [
            3.333351710409281e-05,
            1.1066764156554672e-05,
            0
          ],
          [
            3.561220680197223e-05,
            1.1069881789332797e-05,
            0
          ],
          [
            3.635580643677104e-05,
            1.1070899159357946e-05,
            0
          ],
          [
            3.690637361411727e-05,
            1.1169203997148825e-05,
            0
          ],
          [
            3.739020784703991e-05,
            1.1451387527208846e-05,
            0
          ],
          [
            3.774879191406635e-05,
            1.188332221951897e-05,
            0
          ],
          [
            3.7938757967024637e-05,
            1.2412769059920169e-05,
            0
          ],
          [
            3.7956187054721254e-05,
            1.2546909566571863e-05,
            0
          ],
          [
            3.8003249789508713e-05,
            1.3133393778124887e-05,
            0
          ],
          [
            3.809069724479613e-05,
            1.549674246571656e-05,
            0
          ],
          [
            3.809264332294141e-05,
            1.627258390871875e-05,
            0
          ],
          [
            3.8098329264161604e-05,
            1.8539393615950255e-05,
            0
          ]
        ],
        "type": "LineString"
      },
      "properties": {
        "Id": "{6c86a1f2-d598-3f14-9ca9-27ff4d460fe4}",
        "LeftLane": {
          "Dir": "Forward",
          "Id": "{a3bfca82-750c-358f-a988-00ee20f634d4}"
        },
        "Type": "LaneBoundary"
      },
      "type": "Feature"
    },
    {
      "geometry": {
        "coordinates": [
          [
            5.8481397927518984e-05,
            1.1033307620008877e-05,
            0
          ],
          [
            5.349110677979554e-05,
            1.105011370072418e-05,
            0
          ],
          [
            5.185869133759353e-05,
            1.1054842237608908e-05,
            0
          ],
          [
            4.850080298883658e-05,
            1.1062703491874221e-05,
            0
          ],
          [
            4.552091241745028e-05,
            1.1067563255076963e-05,
            0
          ],
          [
            4.351048824914489e-05,
            1.1069717601683339e-05,
            0
          ]
        ],
        "type": "LineString"
      },
      "properties": {
        "Id": "{b186d9e6-4b72-3f96-b6c8-912b885b2c75}",
        "RightLane": {
          "Dir": "Forward",
          "Id": "{c35c1710-22e7-32dc-bde7-7d14c1e5ce50}"
        },
        "Type": "LaneBoundary"
      },
      "type": "Feature"
    },
    {
      "geometry": {
        "coordinates": [
          [
            5.8481397927518984e-05,
            1.1033307620008877e-05,
            0
          ],
          [
            5.349110677979554e-05,
            1.105011370072418e-05,
            0
          ],
          [
            5.185869133759353e-05,
            1.1054842237608908e-05,
            0
          ],
          [
            4.850080298883658e-05,
            1.1062703491874221e-05,
            0
          ],
          [
            4.552091241745028e-05,
            1.1067563255076963e-05,
            0
          ],
          [
            4.351048824914489e-05,
            1.1069717601683339e-05,
            0
          ]
        ],
        "type": "LineString"
      },
      "properties": {
        "Id": "{975da951-3dfa-3c6b-b527-8368ef83399f}",
        "LeftLane": {
          "Dir": "Forward",
          "Id": "{c35c1710-22e7-32dc-bde7-7d14c1e5ce50}"
        },
        "RightLane": {
          "Dir": "Forward",
          "Id": "{c5771a52-88b2-3751-8491-b0b3989db886}"
        },
        "Type": "LaneBoundary"
      },
      "type": "Feature"
    },
    {
      "geometry": {
        "coordinates": [
          [
            5.849079512664983e-05,
            1.374639955680701e-05,
            0
          ],
          [
            5.349931050994672e-05,
            1.3763209561135196e-05,
            0
          ],
          [
            5.1865965669883256e-05,
            1.3767940784954809e-05,
            0
          ],
          [
            4.8506062588114114e-05,
            1.377580675597282e-05,
            0
          ],
          [
            4.552438408238782e-05,
            1.3780669435033598e-05,
            0
          ],
          [
            4.351275365957762e-05,
            1.3782825074248018e-05,
            0
          ]
        ],
        "type": "LineString"
      },
      "properties": {
        "Id": "{4aa49c3c-37ac-3e21-80a2-36124f315184}",
        "LeftLane": {
          "Dir": "Forward",
          "Id": "{c5771a52-88b2-3751-8491-b0b3989db886}"
        },
        "RightLane": {
          "Dir": "Forward",
          "Id": "{2d34777d-b04a-3612-be64-f7a45c388396}"
        },
        "Type": "LaneBoundary"
      },
      "type": "Feature"
    },
    {
      "geometry": {
        "coordinates": [
          [
            5.8500192325778125e-05,
            1.645949149360514e-05,
            0
          ],
          [
            5.3507514240098e-05,
            1.647630542154622e-05,
            0
          ],
          [
            5.187324000217043e-05,
            1.648103933230071e-05,
            0
          ],
          [
            4.851132218739443e-05,
            1.6488910020071416e-05,
            0
          ],
          [
            4.5527855747322816e-05,
            1.649377561499023e-05,
            0
          ],
          [
            4.402370964866587e-05,
            1.649547308699095e-05,
            0
          ],
          [
            4.351501907001311e-05,
            1.6495932546812687e-05,
            0
          ]
        ],
        "type": "LineString"
      },
      "properties": {
        "Id": "{cc02d2c5-1646-35c4-8434-e36a435c1a7f}",
        "LeftLane": {
          "Dir": "Forward",
          "Id": "{2d34777d-b04a-3612-be64-f7a45c388396}"
        },
        "RightLane": {
          "Dir": "Forward",
          "Id": "{ef032f18-b3c9-36b9-899e-0bcf29cb515d}"
        },
        "Type": "LaneBoundary"
      },
      "type": "Feature"
    },
    {
      "geometry": {
        "coordinates": [
          [
            5.852055292388631e-05,
            2.233785735666775e-05,
            0
          ],
          [
            5.3525288988759545e-05,
            2.2354679785770087e-05,
            0
          ],
          [
            5.1889001055463264e-05,
            2.2359419518216817e-05,
            0
          ],
          [
            4.852271798582926e-05,
            2.2367300425618374e-05,
            0
          ],
          [
            4.553537768802496e-05,
            2.2372172338229603e-05,
            0
          ],
          [
            4.3519927459289017e-05,
            2.237433207070282e-05,
            0
          ]
        ],
        "type": "LineString"
      },
      "properties": {
        "Id": "{5f528457-d70b-34ed-a6a1-daa4525af76a}",
        "LeftLane": {
          "Dir": "Forward",
          "Id": "{ef032f18-b3c9-36b9-899e-0bcf29cb515d}"
        },
        "RightLane": {
          "Dir": "Forward",
          "Id": "{3f0b9e0f-1ddf-3dcb-89d0-7c40b535d566}"
        },
        "Type": "LaneBoundary"
      },
      "type": "Feature"
    },
    {
      "geometry": {
        "coordinates": [
          [
            5.8522119123748205e-05,
            2.279003934613411e-05,
            0
          ],
          [
            5.3526656277118155e-05,
            2.2806862429171922e-05,
            0
          ],
          [
            5.1890213444181396e-05,
            2.2811602609441133e-05,
            0
          ],
          [
            4.85235945857058e-05,
            2.281948430296814e-05,
            0
          ],
          [
            4.5535956298840846e-05,
            2.2824356701555714e-05,
            0
          ],
          [
            4.352030502769098e-05,
            2.2826516649463593e-05,
            0
          ]
        ],
        "type": "LineString"
      },
      "properties": {
        "Id": "{c2fae9a6-7684-3853-b663-840cace0b367}",
        "LeftLane": {
          "Dir": "Forward",
          "Id": "{3f0b9e0f-1ddf-3dcb-89d0-7c40b535d566}"
        },
        "Type": "LaneBoundary"
      },
      "type": "Feature"
    },
    {
      "geometry": {
        "coordinates": [
          [
            7.2763538013692165e-06,
            2.061962407674852e-05,
            0
          ],
          [
            7.377575357758311e-06,
            2.1630461499017473e-05,
            0
          ],
          [
            7.677166606838009e-06,
            2.260062018038267e-05,
            0
          ],
          [
            8.30572437691055e-06,
            2.368927641545614e-05,
            0
          ],
          [
            8.74504681683444e-06,
            2.4195980791219472e-05,
            0
          ],
          [
            8.74977234979342e-06,
            2.4200744500302972e-05,
            0
          ],
          [
            9.257535159833967e-06,
            2.464756929843693e-05,
            0
          ],
          [
            9.820101657827385e-06,
            2.5022003660943963e-05,
            0
          ],
          [
            1.0427361370147175e-05,
            2.531731823448788e-05,
            0
          ],
          [
            1.106840059448873e-05,
            2.5528205610588858e-05,
            0
          ],
          [
            1.2306919392433654e-05,
            2.568409314823024e-05,
            0
          ]
        ],
        "type": "LineString"
      },
      "properties": {
        "Id": "{d7b7ccfd-3602-3bcf-a4ea-a6f27ebb77cd}",
        "RightLane": {
          "Dir": "Forward",
          "Id": "{adc06811-5be9-3dcd-8b33-acf3b49e17e6}"
        },
        "Type": "LaneBoundary"
      },
      "type": "Feature"
    },
    {
      "geometry": {
        "coordinates": [
          [
            8.893321312786366e-06,
            2.061962407674844e-05,
            0
          ],
          [
            8.962007368902216e-06,
            2.130554947043094e-05,
            0
          ],
          [
            9.16530143077944e-06,
            2.1963871432785896e-05,
            0
          ],
          [
            9.59182277475562e-06,
            2.2702602449442882e-05,
            0
          ],
          [
            9.889934430417307e-06,
            2.3046437561568005e-05,
            0
          ],
          [
            9.893141042065095e-06,
            2.3049670078446095e-05,
            0
          ],
          [
            1.0619435929658708e-05,
            2.3606953080309614e-05,
            0
          ],
          [
            1.1466495922405263e-05,
            2.395044726042579e-05,
            0
          ],
          [
            1.2306919392433501e-05,
            2.4056228089539594e-05,
            0
          ]
        ],
        "type": "LineString"
      },
      "properties": {
        "Id": "{4867d399-a0c2-392b-b759-40df989f0bf3}",
        "LeftLane": {
          "Dir": "Forward",
          "Id": "{adc06811-5be9-3dcd-8b33-acf3b49e17e6}"
        },
        "Type": "LaneBoundary"
      },
      "type": "Feature"
    },
    {
      "geometry": {
        "coordinates": [
          [
            4.081696198839699e-05,
            5.0192505976283254e-05,
            0
          ],
          [
            3.959408763199383e-05,
            5.005967628926003e-05,
            0
          ],
          [
            3.8427500235244364e-05,
            4.96673011672005e-05,
            0
          ],
          [
            3.737089595866102e-05,
            4.903344101226131e-05,
            0
          ],
          [
            3.6472908614838045e-05,
            4.8187271398187227e-05,
            0
          ],
          [
            3.580889736938013e-05,
            4.7230120644437894e-05,
            0
          ],
          [
            3.5349799863621975e-05,
            4.6158024336256284e-05,
            0
          ],
          [
            3.511440087650249e-05,
            4.5014849172765064e-05,
            0
          ],
          [
            3.5112331483820955e-05,
            4.384737127797667e-05,
            0
          ],
          [
            3.51911934065402e-05,
            4.304869976790492e-05,
            0
          ],
          [
            3.5242072394350645e-05,
            4.2533424504251786e-05,
            0
          ],
          [
            3.5270055310233545e-05,
            4.22500282405085e-05,
            0
          ],
          [
            3.532922414740137e-05,
            4.1635303443788804e-05,
            0
          ],
          [
            3.5648606375724536e-05,
            3.749956120933227e-05,
            0
          ],
          [
            3.583188715498679e-05,
            3.335544462777258e-05,
            0
          ],
          [
            3.58801169964726e-05,
            2.953592764317956e-05,
            0
          ]
        ],
        "type": "LineString"
      },
      "properties": {
        "Id": "{433df03e-8a4c-3223-a1e4-31aac36d245b}",
        "RightLane": {
          "Dir": "Forward",
          "Id": "{30e9a4a9-d292-369e-8c47-af8817e7bee2}"
        },
        "Type": "LaneBoundary"
      },
      "type": "Feature"
    },
    {
      "geometry": {
        "coordinates": [
          [
            4.081696198839843e-05,
            5.245342966890861e-05,
            0
          ],
          [
            3.9961067911663115e-05,
            5.240708018455257e-05,
            0
          ],
          [
            3.911505119250123e-05,
            5.226856662294093e-05,
            0
          ],
          [
            3.828867519985227e-05,
            5.203948748558665e-05,
            0
          ],
          [
            3.74914766408794e-05,
            5.172248643671571e-05,
            0
          ],
          [
            3.6732655503560984e-05,
            5.132122179433206e-05,
            0
          ],
          [
            3.6020968885202216e-05,
            5.084032431177486e-05,
            0
          ],
          [
            3.5364629932023436e-05,
            5.0285343736985744e-05,
            0
          ],
          [
            3.4771213056218565e-05,
            4.966268476621357e-05,
            0
          ],
          [
            3.384708875732559e-05,
            4.833058945112428e-05,
            0
          ],
          [
            3.3208149035247174e-05,
            4.683852097198556e-05,
            0
          ],
          [
            3.288053722834319e-05,
            4.524752992522731e-05,
            0
          ],
          [
            3.287755783365627e-05,
            4.3623722296165714e-05,
            0
          ],
          [
            3.2956419756375526e-05,
            4.2825050786093956e-05,
            0
          ],
          [
            3.300729874418866e-05,
            4.23097755224408e-05,
            0
          ],
          [
            3.3035277614715285e-05,
            4.202642023167067e-05,
            0
          ],
          [
            3.309337925541171e-05,
            4.142278289520774e-05,
            0
          ],
          [
            3.340700095840578e-05,
            3.736163481719562e-05,
            0
          ],
          [
            3.358697600091566e-05,
            3.329226343567118e-05,
            0
          ],
          [
            3.363433594671784e-05,
            2.954163702291242e-05,
            0
          ]
        ],
        "type": "LineString"
      },
      "properties": {
        "Id": "{117a7ebf-ebc7-3c57-b2a9-a900c465a0b2}",
        "LeftLane": {
          "Dir": "Forward",
          "Id": "{30e9a4a9-d292-369e-8c47-af8817e7bee2}"
        },
        "Type": "LaneBoundary"
      },
      "type": "Feature"
    },
    {
      "geometry": {
        "coordinates": [
          [
            1.0361324409260207e-05,
            3.029637748118727e-05,
            0
          ],
          [
            1.13033813633956e-05,
            3.0296377481187173e-05,
            0
          ],
          [
            1.2306919392434135e-05,
            3.0296377481187065e-05,
            0
          ]
        ],
        "type": "LineString"
      },
      "properties": {
        "Id": "{1382387b-dba2-32ed-9a4a-b0c4f27b27e0}",
        "RightLane": {
          "Dir": "Forward",
          "Id": "{d001c7dc-d19b-3951-b23d-f82aca829c1f}"
        },
        "Type": "LaneBoundary"
      },
      "type": "Feature"
    },
    {
      "geometry": {
        "coordinates": [
          [
            1.036132440926e-05,
            2.803545378856136e-05,
            0
          ],
          [
            1.1303381363395377e-05,
            2.8035453788561275e-05,
            0
          ],
          [
            1.230691939243389e-05,
            2.8035453788561166e-05,
            0
          ]
        ],
        "type": "LineString"
      },
      "properties": {
        "Id": "{e09d04cd-93df-3b57-acaf-94b612d7e3d5}",
        "LeftLane": {
          "Dir": "Forward",
          "Id": "{d001c7dc-d19b-3951-b23d-f82aca829c1f}"
        },
        "RightLane": {
          "Dir": "Forward",
          "Id": "{4b4556f1-8058-34cb-8204-7c82f1111c3c}"
        },
        "Type": "LaneBoundary"
      },
      "type": "Feature"
    },
    {
      "geometry": {
        "coordinates": [
          [
            1.0361324409259809e-05,
            2.577453009593545e-05,
            0
          ],
          [
            1.1303381363395167e-05,
            2.577453009593537e-05,
            0
          ],
          [
            1.2306919392433664e-05,
            2.5774530095935278e-05,
            0
          ]
        ],
        "type": "LineString"
      },
      "properties": {
        "Id": "{5d1a8ba8-499b-3b5e-8f14-12d2e03ac045}",
        "LeftLane": {
          "Dir": "Forward",
          "Id": "{4b4556f1-8058-34cb-8204-7c82f1111c3c}"
        },
        "Type": "LaneBoundary"
      },
      "type": "Feature"
    },
    {
      "geometry": {
        "coordinates": [
          [
            1.2306919392434135e-05,
            3.0296377481187065e-05,
            0
          ],
          [
            1.2322220271924393e-05,
            3.0296377481187065e-05,
            0
          ]
        ],
        "type": "LineString"
      },
      "properties": {
        "Id": "{4d6a01ae-5369-388e-973e-f3f6b9acaed2}",
        "RightLane": {
          "Dir": "Forward",
          "Id": "{922eb5b8-6caa-3cdf-ac51-5f9e06010600}"
        },
        "Type": "LaneBoundary"
      },
      "type": "Feature"
    },
    {
      "geometry": {
        "coordinates": [
          [
            1.230691939243389e-05,
            2.8035453788561166e-05,
            0
          ],
          [
            1.232222027192415e-05,
            2.8035453788561166e-05,
            0
          ]
        ],
        "type": "LineString"
      },
      "properties": {
        "Id": "{b1067082-2b98-3343-a4c3-d68477081701}",
        "LeftLane": {
          "Dir": "Forward",
          "Id": "{922eb5b8-6caa-3cdf-ac51-5f9e06010600}"
        },
        "RightLane": {
          "Dir": "Forward",
          "Id": "{82e38702-6749-3f64-8322-9e294a1ba678}"
        },
        "Type": "LaneBoundary"
      },
      "type": "Feature"
    },
    {
      "geometry": {
        "coordinates": [
          [
            1.2306919392433664e-05,
            2.5774530095935278e-05,
            0
          ],
          [
            1.2322220271923922e-05,
            2.5774530095935278e-05,
            0
          ]
        ],
        "type": "LineString"
      },
      "properties": {
        "Id": "{d9ff68bf-0dc7-3cab-9ab0-d1fc053c201f}",
        "LeftLane": {
          "Dir": "Forward",
          "Id": "{82e38702-6749-3f64-8322-9e294a1ba678}"
        },
        "Type": "LaneBoundary"
      },
      "type": "Feature"
    },
    {
      "geometry": {
        "coordinates": [
          [
            1.2306919392433657e-05,
            2.5684093148230235e-05,
            0
          ],
          [
            1.2322220271923914e-05,
            2.5684093148230235e-05,
            0
          ]
        ],
        "type": "LineString"
      },
      "properties": {
        "Id": "{1493e96a-8d39-3e8b-95d5-9f93906a682a}",
        "RightLane": {
          "Dir": "Forward",
          "Id": "{f4f21d68-e750-323f-ac32-6412afdce678}"
        },
        "Type": "LaneBoundary"
      },
      "type": "Feature"
    },
    {
      "geometry": {
        "coordinates": [
          [
            1.2306919392433505e-05,
            2.4056228089539594e-05,
            0
          ],
          [
            1.2322220271923761e-05,
            2.4056228089539594e-05,
            0
          ]
        ],
        "type": "LineString"
      },
      "properties": {
        "Id": "{226ebba2-34ba-34d9-bd1b-24d6b4186963}",
        "LeftLane": {
          "Dir": "Forward",
          "Id": "{f4f21d68-e750-323f-ac32-6412afdce678}"
        },
        "Type": "LaneBoundary"
      },
      "type": "Feature"
    },
    {
      "geometry": {
        "coordinates": [
          [
            1.2322220271924595e-05,
            3.201467948758275e-05,
            0
          ],
          [
            1.2322438816569473e-05,
            3.201467948758275e-05,
            0
          ],
          [
            1.42394294894048e-05,
            3.20146794875825e-05,
            0
          ]
        ],
        "type": "LineString"
      },
      "properties": {
        "Id": "{c2c2bbbb-7f0f-31f7-a2fc-f1f04334982e}",
        "RightLane": {
          "Dir": "Forward",
          "Id": "{97da7116-c497-31b2-a9dc-c79131cdb50b}"
        },
        "Type": "LaneBoundary"
      },
      "type": "Feature"
    },
    {
      "geometry": {
        "coordinates": [
          [
            1.2322220271924405e-05,
            3.0386814428892104e-05,
            0
          ],
          [
            1.2322438816569283e-05,
            3.0386814428892104e-05,
            0
          ],
          [
            1.4239429489404582e-05,
            3.0386814428891874e-05,
            0
          ]
        ],
        "type": "LineString"
      },
      "properties": {
        "Id": "{5694b245-fb55-36ae-b2cb-9b1fdb1f9e3c}",
        "LeftLane": {
          "Dir": "Forward",
          "Id": "{97da7116-c497-31b2-a9dc-c79131cdb50b}"
        },
        "RightLane": {
          "Dir": "Forward",
          "Id": "{e1eefd02-654f-370c-b840-4cb8a766bd8e}"
        },
        "Type": "LaneBoundary"
      },
      "type": "Feature"
    },
    {
      "geometry": {
        "coordinates": [
          [
            1.2322220271924393e-05,
            3.0296377481187065e-05,
            0
          ],
          [
            1.2322438816569273e-05,
            3.0296377481187065e-05,
            0
          ],
          [
            1.423942948940457e-05,
            3.0296377481186834e-05,
            0
          ]
        ],
        "type": "LineString"
      },
      "properties": {
        "Id": "{f34cf8c8-6ba3-3e89-85e1-dcdc14c2d4a9}",
        "LeftLane": {
          "Dir": "Forward",
          "Id": "{e1eefd02-654f-370c-b840-4cb8a766bd8e}"
        },
        "RightLane": {
          "Dir": "Forward",
          "Id": "{b0dac25a-9652-3aa9-99a4-f49fbd873a80}"
        },
        "Type": "LaneBoundary"
      },
      "type": "Feature"
    },
    {
      "geometry": {
        "coordinates": [
          [
            1.232222027192415e-05,
            2.8035453788561166e-05,
            0
          ],
          [
            1.2322438816569028e-05,
            2.8035453788561166e-05,
            0
          ],
          [
            1.4239429489404289e-05,
            2.803545378856095e-05,
            0
          ]
        ],
        "type": "LineString"
      },
      "properties": {
        "Id": "{9798b1de-daca-3124-bfc4-eebcd6b8e0a8}",
        "LeftLane": {
          "Dir": "Forward",
          "Id": "{b0dac25a-9652-3aa9-99a4-f49fbd873a80}"
        },
        "RightLane": {
          "Dir": "Forward",
          "Id": "{a0af5911-f04e-39c4-968b-cc86bb49c515}"
        },
        "Type": "LaneBoundary"
      },
      "type": "Feature"
    },
    {
      "geometry": {
        "coordinates": [
          [
            1.2322220271923922e-05,
            2.5774530095935278e-05,
            0
          ],
          [
            1.23224388165688e-05,
            2.5774530095935278e-05,
            0
          ],
          [
            1.4239429489404025e-05,
            2.577453009593507e-05,
            0
          ]
        ],
        "type": "LineString"
      },
      "properties": {
        "Id": "{1371f015-7c0c-3917-813d-dff6111057a2}",
        "LeftLane": {
          "Dir": "Forward",
          "Id": "{a0af5911-f04e-39c4-968b-cc86bb49c515}"
        },
        "RightLane": {
          "Dir": "Forward",
          "Id": "{75f5ae85-0453-3760-b14c-962fd050b6a7}"
        },
        "Type": "LaneBoundary"
      },
      "type": "Feature"
    },
    {
      "geometry": {
        "coordinates": [
          [
            1.2322220271923914e-05,
            2.5684093148230235e-05,
            0
          ],
          [
            1.2322438816568792e-05,
            2.5684093148230235e-05,
            0
          ],
          [
            1.4239429489404016e-05,
            2.5684093148230035e-05,
            0
          ]
        ],
        "type": "LineString"
      },
      "properties": {
        "Id": "{a37dfc24-527c-39aa-aba7-fc68b6d71c84}",
        "LeftLane": {
          "Dir": "Forward",
          "Id": "{75f5ae85-0453-3760-b14c-962fd050b6a7}"
        },
        "RightLane": {
          "Dir": "Forward",
          "Id": "{4c198372-6b88-3cb9-93a4-c6ea0996c532}"
        },
        "Type": "LaneBoundary"
      },
      "type": "Feature"
    },
    {
      "geometry": {
        "coordinates": [
          [
            1.2322220271923761e-05,
            2.4056228089539594e-05,
            0
          ],
          [
            1.2322438816568641e-05,
            2.4056228089539594e-05,
            0
          ],
          [
            1.423942948940384e-05,
            2.4056228089539404e-05,
            0
          ]
        ],
        "type": "LineString"
      },
      "properties": {
        "Id": "{6ca95c1a-85db-3481-b3fa-f3f0941455cc}",
        "LeftLane": {
          "Dir": "Forward",
          "Id": "{4c198372-6b88-3cb9-93a4-c6ea0996c532}"
        },
        "Type": "LaneBoundary"
      },
      "type": "Feature"
    },
    {
      "geometry": {
        "coordinates": [
          [
            3.5909926728887895e-05,
            4.1420150194098376e-05,
            0
          ],
          [
            3.591488845615942e-05,
            4.3398238098953944e-05,
            0
          ],
          [
            3.603332950592127e-05,
            4.479946752269266e-05,
            0
          ],
          [
            3.6294729482090566e-05,
            4.590413598802263e-05,
            0
          ],
          [
            3.669941361383163e-05,
            4.696411823256297e-05,
            0
          ],
          [
            3.730813941593166e-05,
            4.8066418402923877e-05,
            0
          ],
          [
            3.733177645756261e-05,
            4.810228469665256e-05,
            0
          ],
          [
            3.799712796976989e-05,
            4.8896334626140566e-05,
            0
          ],
          [
            3.8819062277904244e-05,
            4.952441289135918e-05,
            0
          ],
          [
            3.9757673376153956e-05,
            4.995602545568757e-05,
            0
          ],
          [
            4.0767390445097116e-05,
            5.017021695405184e-05,
            0
          ],
          [
            4.122281264481395e-05,
            5.0192505976283004e-05,
            0
          ],
          [
            4.318766474236591e-05,
            5.019250597628172e-05,
            0
          ]
        ],
        "type": "LineString"
      },
      "properties": {
        "Id": "{03ee81a2-cec4-3072-871d-635f87e3eafc}",
        "RightLane": {
          "Dir": "Forward",
          "Id": "{90a5fd41-0552-3aa1-89b4-08079c2711d8}"
        },
        "Type": "LaneBoundary"
      },
      "type": "Feature"
    },
    {
      "geometry": {
        "coordinates": [
          [
            3.815570777865621e-05,
            4.141444081436517e-05,
            0
          ],
          [
            3.8160669505927776e-05,
            4.3392528719220675e-05,
            0
          ],
          [
            3.824775175086935e-05,
            4.4422916256584896e-05,
            0
          ],
          [
            3.843994182545789e-05,
            4.523510575197589e-05,
            0
          ],
          [
            3.873747924148773e-05,
            4.6014440431416994e-05,
            0
          ],
          [
            3.9185034972057746e-05,
            4.682488867650871e-05,
            0
          ],
          [
            3.9197452629954457e-05,
            4.684373263523976e-05,
            0
          ],
          [
            3.9543732909314866e-05,
            4.725699363542079e-05,
            0
          ],
          [
            3.9971506254093795e-05,
            4.7583875160671445e-05,
            0
          ],
          [
            4.0460003698444426e-05,
            4.780850667740751e-05,
            0
          ],
          [
            4.098550804057792e-05,
            4.791998202619493e-05,
            0
          ],
          [
            4.1222812644812566e-05,
            4.793158228365765e-05,
            0
          ],
          [
            4.3187664742364464e-05,
            4.793158228365643e-05,
            0
          ]
        ],
        "type": "LineString"
      },
      "properties": {
        "Id": "{83ac848f-3806-3bf1-a38b-45cec8923b11}",
        "LeftLane": {
          "Dir": "Forward",
          "Id": "{90a5fd41-0552-3aa1-89b4-08079c2711d8}"
        },
        "Type": "LaneBoundary"
      },
      "type": "Feature"
    },
    {
      "geometry": {
        "coordinates": [
          [
            3.819341109380497e-05,
            2.0632412886243212e-05,
            0
          ],
          [
            3.829228328030103e-05,
            2.1618859629020472e-05,
            0
          ],
          [
            3.8580160662793575e-05,
            2.256701093285569e-05,
            0
          ],
          [
            3.915413584039743e-05,
            2.359642782447692e-05,
            0
          ],
          [
            3.967130781676877e-05,
            2.4205263092891036e-05,
            0
          ],
          [
            3.969825968843004e-05,
            2.4232124892611797e-05,
            0
          ],
          [
            4.074527737308187e-05,
            2.5026650532986743e-05,
            0
          ],
          [
            4.1960673649060205e-05,
            2.552180394262141e-05,
            0
          ],
          [
            4.322396077627179e-05,
            2.5684092947122567e-05,
            0
          ]
        ],
        "type": "LineString"
      },
      "properties": {
        "Id": "{7d90061c-a75c-3229-b10a-d52a19800e31}",
        "RightLane": {
          "Dir": "Forward",
          "Id": "{2808ab8e-0a60-339d-80b4-6b1e1e4a42ac}"
        },
        "Type": "LaneBoundary"
      },
      "type": "Feature"
    },
    {
      "geometry": {
        "coordinates": [
          [
            3.981037344962938e-05,
            2.0628302132835667e-05,
            0
          ],
          [
            3.987746529047095e-05,
            2.1297676708291646e-05,
            0
          ],
          [
            4.0072810657161074e-05,
            2.1941065093036967e-05,
            0
          ],
          [
            4.046229381339072e-05,
            2.2639597983779926e-05,
            0
          ],
          [
            4.081323194021993e-05,
            2.305273620163236e-05,
            0
          ],
          [
            4.083152071026542e-05,
            2.307096385144287e-05,
            0
          ],
          [
            4.154199699628561e-05,
            2.361010625026873e-05,
            0
          ],
          [
            4.2366730183560704e-05,
            2.3946103206806542e-05,
            0
          ],
          [
            4.322396073416826e-05,
            2.4056227888432342e-05,
            0
          ]
        ],
        "type": "LineString"
      },
      "properties": {
        "Id": "{cc8fd482-920d-3d1b-b05d-f10fc338a78b}",
        "LeftLane": {
          "Dir": "Forward",
          "Id": "{2808ab8e-0a60-339d-80b4-6b1e1e4a42ac}"
        },
        "Type": "LaneBoundary"
      },
      "type": "Feature"
    },
    {
      "geometry": {
        "coordinates": [
          [
            3.5932611364788846e-05,
            4.7027212806610484e-05,
            0
          ],
          [
            3.593261009925667e-05,
            4.7027212806610484e-05,
            0
          ],
          [
            3.5932608814213196e-05,
            4.7027212806610484e-05,
            0
          ],
          [
            3.593260750963712e-05,
            4.7027212806610484e-05,
            0
          ],
          [
            3.460441790657351e-05,
            4.7027212806611155e-05,
            0
          ],
          [
            3.223023923193433e-05,
            4.702721280661229e-05,
            0
          ],
          [
            3.2204602935689594e-05,
            4.702721280661231e-05,
            0
          ],
          [
            3.0991877302134566e-05,
            4.7027212806612856e-05,
            0
          ],
          [
            3.099075759494789e-05,
            4.7027212806612856e-05,
            0
          ]
        ],
        "type": "LineString"
      },
      "properties": {
        "Id": "{c782fabe-4e83-35f0-8b2c-8eae7eb816ba}",
        "RightLane": {
          "Dir": "Forward",
          "Id": "{2a9b81d7-3aa6-3059-8736-2e4ed8205af7}"
        },
        "Type": "LaneBoundary"
      },
      "type": "Feature"
    },
    {
      "geometry": {
        "coordinates": [
          [
            3.593261136478931e-05,
            4.793158228366068e-05,
            0
          ],
          [
            3.593261009368096e-05,
            4.793158228366068e-05,
            0
          ],
          [
            3.59326088086375e-05,
            4.793158228366067e-05,
            0
          ],
          [
            3.593260750963759e-05,
            4.793158228366067e-05,
            0
          ],
          [
            3.4604417906573966e-05,
            4.7931582283661364e-05,
            0
          ],
          [
            3.2230239231934746e-05,
            4.793158228366253e-05,
            0
          ],
          [
            3.2204602935690014e-05,
            4.793158228366254e-05,
            0
          ],
          [
            3.099187730213497e-05,
            4.79315822836631e-05,
            0
          ],
          [
            3.09907575949483e-05,
            4.79315822836631e-05,
            0
          ]
        ],
        "type": "LineString"
      },
      "properties": {
        "Id": "{68991584-4bfa-33e1-b109-9bb75d64b743}",
        "LeftLane": {
          "Dir": "Forward",
          "Id": "{2a9b81d7-3aa6-3059-8736-2e4ed8205af7}"
        },
        "RightLane": {
          "Dir": "Forward",
          "Id": "{dbf76e61-e450-32e2-b26b-4b1fd1dc9ddd}"
        },
        "Type": "LaneBoundary"
      },
      "type": "Feature"
    },
    {
      "geometry": {
        "coordinates": [
          [
            3.593261136479052e-05,
            5.0192505976286175e-05,
            0
          ],
          [
            3.593261007974705e-05,
            5.0192505976286175e-05,
            0
          ],
          [
            3.5932608794692915e-05,
            5.019250597628617e-05,
            0
          ],
          [
            3.5932607509638794e-05,
            5.019250597628617e-05,
            0
          ],
          [
            3.460441790657513e-05,
            5.0192505976286886e-05,
            0
          ],
          [
            3.223023923193584e-05,
            5.0192505976288106e-05,
            0
          ],
          [
            3.22046029356911e-05,
            5.019250597628812e-05,
            0
          ],
          [
            3.0991877302136016e-05,
            5.0192505976288716e-05,
            0
          ],
          [
            3.099075759494934e-05,
            5.0192505976288716e-05,
            0
          ]
        ],
        "type": "LineString"
      },
      "properties": {
        "Id": "{1045fc05-5bc3-3ec0-9e8c-2eeeb88e27de}",
        "LeftLane": {
          "Dir": "Forward",
          "Id": "{dbf76e61-e450-32e2-b26b-4b1fd1dc9ddd}"
        },
        "RightLane": {
          "Dir": "Forward",
          "Id": "{17f9fc39-fad1-30ff-b81d-b6876501008d}"
        },
        "Type": "LaneBoundary"
      },
      "type": "Feature"
    },
    {
      "geometry": {
        "coordinates": [
          [
            3.593261136479177e-05,
            5.245342966891166e-05,
            0
          ],
          [
            3.5932610065802543e-05,
            5.245342966891166e-05,
            0
          ],
          [
            3.593260878074841e-05,
            5.245342966891164e-05,
            0
          ],
          [
            3.593260750964005e-05,
            5.245342966891164e-05,
            0
          ],
          [
            3.4604417906576345e-05,
            5.24534296689124e-05,
            0
          ],
          [
            3.223023923193696e-05,
            5.2453429668913676e-05,
            0
          ],
          [
            3.2204602935692223e-05,
            5.245342966891369e-05,
            0
          ],
          [
            3.09918773021371e-05,
            5.2453429668914306e-05,
            0
          ],
          [
            3.0990757594950423e-05,
            5.2453429668914306e-05,
            0
          ]
        ],
        "type": "LineString"
      },
      "properties": {
        "Id": "{ea0dc64c-179c-3d5a-91ff-6a4c9cdc9f75}",
        "LeftLane": {
          "Dir": "Forward",
          "Id": "{17f9fc39-fad1-30ff-b81d-b6876501008d}"
        },
        "RightLane": {
          "Dir": "Forward",
          "Id": "{571b1208-4d36-3004-a2a4-c2abb4d68094}"
        },
        "Type": "LaneBoundary"
      },
      "type": "Feature"
    },
    {
      "geometry": {
        "coordinates": [
          [
            3.5932611364792823e-05,
            5.4262168623012055e-05,
            0
          ],
          [
            3.593261005464057e-05,
            5.4262168623012055e-05,
            0
          ],
          [
            3.5932608769597104e-05,
            5.4262168623012055e-05,
            0
          ],
          [
            3.59326075096411e-05,
            5.4262168623012055e-05,
            0
          ],
          [
            3.460441790657735e-05,
            5.426216862301282e-05,
            0
          ],
          [
            3.2230239231937904e-05,
            5.426216862301414e-05,
            0
          ],
          [
            3.2204602935693165e-05,
            5.4262168623014155e-05,
            0
          ],
          [
            3.0991877302138e-05,
            5.42621686230148e-05,
            0
          ],
          [
            3.099075759495133e-05,
            5.42621686230148e-05,
            0
          ]
        ],
        "type": "LineString"
      },
      "properties": {
        "Id": "{96f89243-11fc-3663-b37b-add18a452281}",
        "LeftLane": {
          "Dir": "Forward",
          "Id": "{571b1208-4d36-3004-a2a4-c2abb4d68094}"
        },
        "Type": "LaneBoundary"
      },
      "type": "Feature"
    },
    {
      "geometry": {
        "coordinates": [
          [
            3.099075759494789e-05,
            4.7027212806612856e-05,
            0
          ],
          [
            2.9779151668568862e-05,
            4.7027212806613384e-05,
            0
          ],
          [
            2.8566426035005828e-05,
            4.70272128066139e-05,
            0
          ],
          [
            2.853584621109769e-05,
            4.702721280661392e-05,
            0
          ]
        ],
        "type": "LineString"
      },
      "properties": {
        "Id": "{8be7d281-efed-3720-bbe2-0612af1c7dde}",
        "RightLane": {
          "Dir": "Forward",
          "Id": "{75e15336-38ec-3d6a-b048-455d68b9a5d9}"
        },
        "Type": "LaneBoundary"
      },
      "type": "Feature"
    },
    {
      "geometry": {
        "coordinates": [
          [
            3.09907575949483e-05,
            4.79315822836631e-05,
            0
          ],
          [
            2.977915166856926e-05,
            4.793158228366365e-05,
            0
          ],
          [
            2.8566426035006197e-05,
            4.793158228366417e-05,
            0
          ],
          [
            2.853584621109806e-05,
            4.793158228366418e-05,
            0
          ]
        ],
        "type": "LineString"
      },
      "properties": {
        "Id": "{6a54de6d-8615-316b-b9ef-879be251312e}",
        "LeftLane": {
          "Dir": "Forward",
          "Id": "{75e15336-38ec-3d6a-b048-455d68b9a5d9}"
        },
        "RightLane": {
          "Dir": "Forward",
          "Id": "{40138542-df3a-3174-9d36-9d5838c99066}"
        },
        "Type": "LaneBoundary"
      },
      "type": "Feature"
    },
    {
      "geometry": {
        "coordinates": [
          [
            3.099075759494934e-05,
            5.0192505976288716e-05,
            0
          ],
          [
            2.9779151668570255e-05,
            5.0192505976289285e-05,
            0
          ],
          [
            2.8566426035007156e-05,
            5.019250597628982e-05,
            0
          ],
          [
            2.8535846211099026e-05,
            5.0192505976289834e-05,
            0
          ]
        ],
        "type": "LineString"
      },
      "properties": {
        "Id": "{7e9001c3-1bf0-38cf-9a24-134a5270e80c}",
        "LeftLane": {
          "Dir": "Forward",
          "Id": "{40138542-df3a-3174-9d36-9d5838c99066}"
        },
        "RightLane": {
          "Dir": "Forward",
          "Id": "{6b249816-be3f-3c6d-a125-96bf25d13f79}"
        },
        "Type": "LaneBoundary"
      },
      "type": "Feature"
    },
    {
      "geometry": {
        "coordinates": [
          [
            3.0990757594950423e-05,
            5.2453429668914306e-05,
            0
          ],
          [
            2.97791516685713e-05,
            5.2453429668914896e-05,
            0
          ],
          [
            2.8566426035008156e-05,
            5.2453429668915465e-05,
            0
          ],
          [
            2.8535846211100026e-05,
            5.245342966891548e-05,
            0
          ]
        ],
        "type": "LineString"
      },
      "properties": {
        "Id": "{9c2b97a2-6a31-316e-af61-5289edd2b367}",
        "LeftLane": {
          "Dir": "Forward",
          "Id": "{6b249816-be3f-3c6d-a125-96bf25d13f79}"
        },
        "RightLane": {
          "Dir": "Forward",
          "Id": "{bd4214ec-9d63-3774-aa0a-ff3ed652f926}"
        },
        "Type": "LaneBoundary"
      },
      "type": "Feature"
    },
    {
      "geometry": {
        "coordinates": [
          [
            3.099075759495133e-05,
            5.42621686230148e-05,
            0
          ],
          [
            2.977915166857217e-05,
            5.426216862301541e-05,
            0
          ],
          [
            2.856642603500899e-05,
            5.4262168623016e-05,
            0
          ],
          [
            2.8535846211100856e-05,
            5.426216862301602e-05,
            0
          ]
        ],
        "type": "LineString"
      },
      "properties": {
        "Id": "{2cdddb1d-fd32-3a4b-a70c-1301ba98f0c8}",
        "LeftLane": {
          "Dir": "Forward",
          "Id": "{bd4214ec-9d63-3774-aa0a-ff3ed652f926}"
        },
        "Type": "LaneBoundary"
      },
      "type": "Feature"
    },
    {
      "geometry": {
        "coordinates": [
          [
            2.853584621109769e-05,
            4.702721280661392e-05,
            0
          ],
          [
            2.8519830710032662e-05,
            4.7027212806613926e-05,
            0
          ]
        ],
        "type": "LineString"
      },
      "properties": {
        "Id": "{e8ef8d5c-18d6-302d-a0a0-41e050e0f55b}",
        "RightLane": {
          "Dir": "Forward",
          "Id": "{d58145bb-f95a-34d8-8f2c-e5dedb6d7c0e}"
        },
        "Type": "LaneBoundary"
      },
      "type": "Feature"
    },
    {
      "geometry": {
        "coordinates": [
          [
            2.853584621109806e-05,
            4.793158228366418e-05,
            0
          ],
          [
            2.851983071003303e-05,
            4.793158228366419e-05,
            0
          ]
        ],
        "type": "LineString"
      },
      "properties": {
        "Id": "{18e7a83e-aa51-3efe-b40f-37b499f81d81}",
        "LeftLane": {
          "Dir": "Forward",
          "Id": "{d58145bb-f95a-34d8-8f2c-e5dedb6d7c0e}"
        },
        "RightLane": {
          "Dir": "Forward",
          "Id": "{8f527a58-8675-3da7-8125-b96c43528e73}"
        },
        "Type": "LaneBoundary"
      },
      "type": "Feature"
    },
    {
      "geometry": {
        "coordinates": [
          [
            2.8535846211099026e-05,
            5.0192505976289834e-05,
            0
          ],
          [
            2.851983071003399e-05,
            5.019250597628984e-05,
            0
          ]
        ],
        "type": "LineString"
      },
      "properties": {
        "Id": "{00c25fb3-e0f4-3c64-a619-265102a88385}",
        "LeftLane": {
          "Dir": "Forward",
          "Id": "{8f527a58-8675-3da7-8125-b96c43528e73}"
        },
        "RightLane": {
          "Dir": "Forward",
          "Id": "{f71960bf-7165-3ae5-b203-e04983359107}"
        },
        "Type": "LaneBoundary"
      },
      "type": "Feature"
    },
    {
      "geometry": {
        "coordinates": [
          [
            2.8535846211100026e-05,
            5.245342966891548e-05,
            0
          ],
          [
            2.8519830710034983e-05,
            5.2453429668915485e-05,
            0
          ]
        ],
        "type": "LineString"
      },
      "properties": {
        "Id": "{0ee5b1d3-c5c0-35a0-bdde-f73c8d10b3af}",
        "LeftLane": {
          "Dir": "Forward",
          "Id": "{f71960bf-7165-3ae5-b203-e04983359107}"
        },
        "RightLane": {
          "Dir": "Forward",
          "Id": "{fda4552a-de3d-335e-b08c-f47f4b7d413b}"
        },
        "Type": "LaneBoundary"
      },
      "type": "Feature"
    },
    {
      "geometry": {
        "coordinates": [
          [
            2.8535846211100856e-05,
            5.426216862301602e-05,
            0
          ],
          [
            2.851983071003582e-05,
            5.4262168623016026e-05,
            0
          ]
        ],
        "type": "LineString"
      },
      "properties": {
        "Id": "{d89283a0-9257-3bc1-82d8-b1e83e14bad3}",
        "LeftLane": {
          "Dir": "Forward",
          "Id": "{fda4552a-de3d-335e-b08c-f47f4b7d413b}"
        },
        "Type": "LaneBoundary"
      },
      "type": "Feature"
    },
    {
      "geometry": {
        "coordinates": [
          [
            3.588011699647259e-05,
            2.953592764317956e-05,
            0
          ],
          [
            3.587269028933217e-05,
            2.9697703995727115e-05,
            0.0
          ],
          [
            3.58499562896482e-05,
            2.9830153874113325e-05,
            0.0
          ],
          [
            3.581256587348842e-05,
            2.9934863692460757e-05,
            0.0
          ],
          [
            3.576116991692055e-05,
            3.0013419864891964e-05,
            0.0
          ],
          [
            3.5696419296012365e-05,
            3.0067408805529493e-05,
            0.0
          ],
          [
            3.561896488683157e-05,
            3.0098416928495907e-05,
            0.0
          ],
          [
            3.552945756544591e-05,
            3.010803064791378e-05,
            0.0
          ],
          [
            3.542854820792313e-05,
            3.0097836377905644e-05,
            0.0
          ],
          [
            3.531688769033095e-05,
            3.006942053259407e-05,
            0.0
          ],
          [
            3.519512688873712e-05,
            3.00243695261016e-05,
            0.0
          ],
          [
            3.506391667920938e-05,
            2.9964269772550798e-05,
            0.0
          ],
          [
            3.4923907937815443e-05,
            2.989070768606423e-05,
            0.0
          ],
          [
            3.4775751540623074e-05,
            2.9805269680764448e-05,
            0.0
          ],
          [
            3.46200983637e-05,
            2.9709542170773998e-05,
            0.0
          ],
          [
            3.445759928311394e-05,
            2.9605111570215454e-05,
            0.0
          ],
          [
            3.4288905174932656e-05,
            2.9493564293211358e-05,
            0.0
          ],
          [
            3.411466691522387e-05,
            2.937648675388426e-05,
            0.0
          ],
          [
            3.393553538005532e-05,
            2.9255465366356744e-05,
            0.0
          ],
          [
            3.375216144549475e-05,
            2.9132086544751347e-05,
            0.0
          ],
          [
            3.3565195987609884e-05,
            2.900793670319063e-05,
            0.0
          ],
          [
            3.337528988246848e-05,
            2.8884602255797147e-05,
            0.0
          ],
          [
            3.318309400613824e-05,
            2.8763669616693456e-05,
            0.0
          ],
          [
            3.298925923468694e-05,
            2.8646725200002114e-05,
            0.0
          ],
          [
            3.279443644418229e-05,
            2.853535541984568e-05,
            0.0
          ],
          [
            3.259927651069204e-05,
            2.8431146690346708e-05,
            0.0
          ],
          [
            3.240443031028391e-05,
            2.8335685425627757e-05,
            0.0
          ],
          [
            3.221054871902566e-05,
            2.8250558039811377e-05,
            0.0
          ],
          [
            3.2018282612985014e-05,
            2.8177350947020134e-05,
            0.0
          ],
          [
            3.18282828682297e-05,
            2.8117650561376578e-05,
            0.0
          ],
          [
            3.164120036082746e-05,
            2.807304329700327e-05,
            0.0
          ],
          [
            3.145768596684605e-05,
            2.8045115568022762e-05,
            0.0
          ],
          [
            3.127839056235318e-05,
            2.803545378855762e-05,
            0
          ]
        ],
        "type": "LineString"
      },
      "properties": {
        "Id": "{64b30d35-6534-3e18-91ca-1ab661fc4b88}",
        "RightLane": {
          "Dir": "Forward",
          "Id": "{2a9bc542-0e7f-32ab-a1cd-716779783e42}"
        },
        "Type": "LaneBoundary"
      },
      "type": "Feature"
    },
    {
      "geometry": {
        "coordinates": [
          [
            3.812589804623794e-05,
            2.953021826344664e-05,
            0
          ],
          [
            3.8129680951473974e-05,
            3.10383461128796e-05,
            0
          ],
          [
            3.8128968983664084e-05,
            3.110381080108953e-05,
            0
          ],
          [
            3.8109503114606844e-05,
            3.1350343900063106e-05,
            0
          ],
          [
            3.7992145050053143e-05,
            3.182990253776101e-05,
            0
          ],
          [
            3.777528272667985e-05,
            3.2272926648082226e-05,
            0
          ],
          [
            3.746902403874372e-05,
            3.265876699703185e-05,
            0
          ],
          [
            3.708764362088312e-05,
            3.296943967027088e-05,
            0
          ],
          [
            3.664891751126235e-05,
            3.3190464298500816e-05,
            0
          ],
          [
            3.6173294615205564e-05,
            3.3311538983561734e-05,
            0
          ],
          [
            3.568294358732069e-05,
            3.3327020467119666e-05,
            0
          ],
          [
            3.5200719556426624e-05,
            3.3236187161411984e-05,
            0
          ],
          [
            3.474909885420616e-05,
            3.304327278225771e-05,
            0
          ],
          [
            3.434913139948803e-05,
            3.275726901670811e-05,
            0
          ],
          [
            3.4019459567188884e-05,
            3.239150642294418e-05,
            0
          ],
          [
            3.377544927227003e-05,
            3.196303309656457e-05,
            0
          ],
          [
            3.3628473768613205e-05,
            3.149182006345898e-05,
            0
          ],
          [
            3.3593701763190095e-05,
            3.1246999376031994e-05,
            0
          ],
          [
            3.3586222578020684e-05,
            3.1123528150763006e-05,
            0
          ],
          [
            3.3585382711624366e-05,
            3.1092257742355555e-05,
            0
          ],
          [
            3.3585353254562833e-05,
            3.109087701522176e-05,
            0
          ],
          [
            3.355631709936003e-05,
            3.089228564748819e-05,
            0
          ],
          [
            3.3506655050037894e-05,
            3.0758605592215995e-05,
            0
          ],
          [
            3.34670961331716e-05,
            3.068522120749569e-05,
            0
          ],
          [
            3.317295712416455e-05,
            3.0400098104808244e-05,
            0
          ],
          [
            3.2776427207266456e-05,
            3.0296377481182775e-05,
            0
          ],
          [
            3.18516787297903e-05,
            3.029637748118306e-05,
            0
          ],
          [
            3.12783905623538e-05,
            3.029637748118323e-05,
            0
          ]
        ],
        "type": "LineString"
      },
      "properties": {
        "Id": "{2dfca474-23eb-3ba2-94e2-3fe7208e8112}",
        "LeftLane": {
          "Dir": "Forward",
          "Id": "{2a9bc542-0e7f-32ab-a1cd-716779783e42}"
        },
        "Type": "LaneBoundary"
      },
      "type": "Feature"
    },
    {
      "geometry": {
        "coordinates": [
          [
            3.593261136477732e-05,
            9.495879509027195e-06,
            0
          ],
          [
            3.96606197938699e-05,
            9.495879509026777e-06,
            0
          ],
          [
            4.6934086420899586e-05,
            9.495879509025843e-06,
            0
          ],
          [
            4.6936973595236704e-05,
            9.495879509025843e-06,
            0
          ],
          [
            5.057515049592916e-05,
            9.49587950902532e-06,
            0
          ],
          [
            5.2370941179076815e-05,
            9.497229860502152e-06,
            0
          ],
          [
            5.401929784915066e-05,
            9.525970044615581e-06,
            0
          ],
          [
            5.553147631633392e-05,
            9.624644211640665e-06,
            0
          ],
          [
            5.685951046163778e-05,
            9.81916666363121e-06,
            0
          ]
        ],
        "type": "LineString"
      },
      "properties": {
        "Id": "{411b7c9f-e0e0-3ef5-907a-f98910076800}",
        "RightLane": {
          "Dir": "Forward",
          "Id": "{8f080502-2375-3eac-b7fc-56633bf4fe13}"
        },
        "Type": "LaneBoundary"
      },
      "type": "Feature"
    },
    {
      "geometry": {
        "coordinates": [
          [
            3.593261136477723e-05,
            8.59151003197699e-06,
            0
          ],
          [
            3.96606197938698e-05,
            8.59151003197661e-06,
            0
          ],
          [
            4.693408642089947e-05,
            8.591510031975768e-06,
            0
          ],
          [
            4.693697359523659e-05,
            8.591510031975768e-06,
            0
          ],
          [
            5.057515049592903e-05,
            8.591510031975288e-06,
            0
          ],
          [
            5.23748249162847e-05,
            8.592868835462566e-06,
            0
          ],
          [
            5.4051588901601415e-05,
            8.622185038720138e-06,
            0
          ],
          [
            5.5621222035953197e-05,
            8.724799265431427e-06,
            0
          ],
          [
            5.703472903206813e-05,
            8.932167575046826e-06,
            0
          ]
        ],
        "type": "LineString"
      },
      "properties": {
        "Id": "{9b7d0960-5939-385c-a668-de1551b8a192}",
        "LeftLane": {
          "Dir": "Forward",
          "Id": "{8f080502-2375-3eac-b7fc-56633bf4fe13}"
        },
        "RightLane": {
          "Dir": "Forward",
          "Id": "{1e12637d-f37c-3239-a22d-4768bc623264}"
        },
        "Type": "LaneBoundary"
      },
      "type": "Feature"
    },
    {
      "geometry": {
        "coordinates": [
          [
            3.593261136477705e-05,
            6.330586339351482e-06,
            0
          ],
          [
            3.9660619793869605e-05,
            6.3305863393512016e-06,
            0
          ],
          [
            4.6934086420899233e-05,
            6.330586339350575e-06,
            0
          ],
          [
            4.693697359523635e-05,
            6.330586339350575e-06,
            0
          ],
          [
            5.413231653272031e-05,
            6.362722523981534e-06,
            0
          ],
          [
            5.58455863350014e-05,
            6.4751868999083466e-06,
            0
          ],
          [
            5.747277545814668e-05,
            6.714669853585887e-06,
            0
          ]
        ],
        "type": "LineString"
      },
      "properties": {
        "Id": "{5ad65e90-285a-3347-890a-f67f79cdf2c6}",
        "LeftLane": {
          "Dir": "Forward",
          "Id": "{1e12637d-f37c-3239-a22d-4768bc623264}"
        },
        "RightLane": {
          "Dir": "Forward",
          "Id": "{e4a93cf2-c019-3e0f-a62b-a0a523137103}"
        },
        "Type": "LaneBoundary"
      },
      "type": "Feature"
    },
    {
      "geometry": {
        "coordinates": [
          [
            3.593261136477691e-05,
            4.069662646725975e-06,
            0
          ],
          [
            3.9660619793869456e-05,
            4.069662646725793e-06,
            0
          ],
          [
            4.693408642089906e-05,
            4.069662646725385e-06,
            0
          ],
          [
            4.693697359523617e-05,
            4.069662646725385e-06,
            0
          ],
          [
            5.421304416383931e-05,
            4.103260009242938e-06,
            0
          ],
          [
            5.606995063404437e-05,
            4.225574534385284e-06,
            0
          ],
          [
            5.791082188421201e-05,
            4.4971721321249814e-06,
            0
          ]
        ],
        "type": "LineString"
      },
      "properties": {
        "Id": "{768988de-35f2-38f0-9bac-922a4a093633}",
        "LeftLane": {
          "Dir": "Forward",
          "Id": "{e4a93cf2-c019-3e0f-a62b-a0a523137103}"
        },
        "RightLane": {
          "Dir": "Forward",
          "Id": "{86c90519-5442-3557-a1a6-0300bfe276c7}"
        },
        "Type": "LaneBoundary"
      },
      "type": "Feature"
    },
    {
      "geometry": {
        "coordinates": [
          [
            3.593261136477683e-05,
            1.8087389541004676e-06,
            0
          ],
          [
            3.9660619793869375e-05,
            1.8087389541003817e-06,
            0
          ],
          [
            4.6934086420898956e-05,
            1.8087389541001928e-06,
            0
          ],
          [
            4.693697359523607e-05,
            1.8087389541001928e-06,
            0
          ],
          [
            5.429377179496106e-05,
            1.8437974945043453e-06,
            0
          ],
          [
            5.6294314933087414e-05,
            1.9759621688622365e-06,
            0
          ],
          [
            5.834886831028008e-05,
            2.2796744106641103e-06,
            0
          ]
        ],
        "type": "LineString"
      },
      "properties": {
        "Id": "{29ec83fc-467d-3b95-bd07-84747704121c}",
        "LeftLane": {
          "Dir": "Forward",
          "Id": "{86c90519-5442-3557-a1a6-0300bfe276c7}"
        },
        "RightLane": {
          "Dir": "Forward",
          "Id": "{cf3110de-4a60-3d17-81d9-2f8c45a9fd5a}"
        },
        "Type": "LaneBoundary"
      },
      "type": "Feature"
    },
    {
      "geometry": {
        "coordinates": [
          [
            3.593261136477682e-05,
            6.174918669564486e-20,
            0
          ],
          [
            3.9660619793869354e-05,
            5.421879807422244e-20,
            0
          ],
          [
            4.6934086420898935e-05,
            3.9660046739473687e-20,
            0
          ],
          [
            4.693697359523604e-05,
            3.9660046739473687e-20,
            0
          ],
          [
            5.057515049592845e-05,
            3.212965811805288e-20,
            0
          ],
          [
            5.241172041974561e-05,
            1.4390975865118885e-09,
            0
          ],
          [
            5.4358353899865444e-05,
            3.622748271347702e-08,
            0
          ],
          [
            5.647380637233419e-05,
            1.7627227644381107e-07,
            0
          ],
          [
            5.869930545114097e-05,
            5.056762334954387e-07,
            0
          ]
        ],
        "type": "LineString"
      },
      "properties": {
        "Id": "{db92689e-7217-3713-99c8-627bd6b12477}",
        "LeftLane": {
          "Dir": "Forward",
          "Id": "{cf3110de-4a60-3d17-81d9-2f8c45a9fd5a}"
        },
        "Type": "LaneBoundary"
      },
      "type": "Feature"
    },
    {
      "geometry": {
        "coordinates": [
          [
            1.423942948940503e-05,
            3.362445715673212e-05,
            0
          ],
          [
            1.4745437537468521e-05,
            3.362445715673204e-05,
            0
          ],
          [
            1.6787693407342186e-05,
            3.362445715673171e-05,
            0
          ],
          [
            1.697453400705946e-05,
            3.3624457156731675e-05,
            0
          ],
          [
            1.8267102025479756e-05,
            3.3624457156731445e-05,
            0
          ],
          [
            2.228410838117503e-05,
            3.3624457156730605e-05,
            0
          ],
          [
            2.229523772115814e-05,
            3.3624457156730605e-05,
            0
          ]
        ],
        "type": "LineString"
      },
      "properties": {
        "Id": "{11c35714-87f2-3703-a4f7-665006d7f910}",
        "RightLane": {
          "Dir": "Forward",
          "Id": "{7486d4f4-73f2-3952-a392-129a1e5c1020}"
        },
        "Type": "LaneBoundary"
      },
      "type": "Feature"
    },
    {
      "geometry": {
        "coordinates": [
          [
            1.423942948940458e-05,
            3.0368727039350857e-05,
            0
          ],
          [
            1.4745437537468057e-05,
            3.036872703935079e-05,
            0
          ],
          [
            1.6787693407341654e-05,
            3.0368727039350488e-05,
            0
          ],
          [
            1.6974534007058923e-05,
            3.0368727039350457e-05,
            0
          ],
          [
            1.826710202547918e-05,
            3.0368727039350244e-05,
            0
          ],
          [
            2.2284108381174324e-05,
            3.0368727039349488e-05,
            0
          ],
          [
            2.2295237721157435e-05,
            3.036872703934948e-05,
            0
          ]
        ],
        "type": "LineString"
      },
      "properties": {
        "Id": "{6295a338-7114-3e2b-999b-e7a708174ddf}",
        "LeftLane": {
          "Dir": "Forward",
          "Id": "{7486d4f4-73f2-3952-a392-129a1e5c1020}"
        },
        "RightLane": {
          "Dir": "Forward",
          "Id": "{941bfc7d-ee23-3e1f-9ac7-a3b2959ebcee}"
        },
        "Type": "LaneBoundary"
      },
      "type": "Feature"
    },
    {
      "geometry": {
        "coordinates": [
          [
            1.423942948940457e-05,
            3.0296377481186834e-05,
            0
          ],
          [
            1.4745437537468049e-05,
            3.0296377481186767e-05,
            0
          ],
          [
            1.6787693407341647e-05,
            3.0296377481186465e-05,
            0
          ],
          [
            1.697453400705891e-05,
            3.0296377481186428e-05,
            0
          ],
          [
            1.8267102025479167e-05,
            3.029637748118622e-05,
            0
          ],
          [
            2.228410838117431e-05,
            3.0296377481185462e-05,
            0
          ],
          [
            2.2295237721157425e-05,
            3.029637748118546e-05,
            0
          ]
        ],
        "type": "LineString"
      },
      "properties": {
        "Id": "{b1e0711c-ba3f-3cce-b4c3-56996edc3b91}",
        "LeftLane": {
          "Dir": "Forward",
          "Id": "{941bfc7d-ee23-3e1f-9ac7-a3b2959ebcee}"
        },
        "RightLane": {
          "Dir": "Forward",
          "Id": "{f17276b1-f9be-37ab-9f82-10bd18e178a1}"
        },
        "Type": "LaneBoundary"
      },
      "type": "Feature"
    },
    {
      "geometry": {
        "coordinates": [
          [
            1.4239429489404289e-05,
            2.803545378856095e-05,
            0
          ],
          [
            1.4745437537467757e-05,
            2.8035453788560888e-05,
            0
          ],
          [
            1.6787693407341308e-05,
            2.8035453788560607e-05,
            0
          ],
          [
            1.697453400705857e-05,
            2.8035453788560577e-05,
            0
          ],
          [
            1.8267102025478804e-05,
            2.8035453788560383e-05,
            0
          ],
          [
            2.2284108381173867e-05,
            2.8035453788559685e-05,
            0
          ],
          [
            2.2295237721156978e-05,
            2.803545378855968e-05,
            0
          ]
        ],
        "type": "LineString"
      },
      "properties": {
        "Id": "{45b1c6b8-b826-38ac-9fa4-19243cc020e9}",
        "LeftLane": {
          "Dir": "Forward",
          "Id": "{f17276b1-f9be-37ab-9f82-10bd18e178a1}"
        },
        "RightLane": {
          "Dir": "Forward",
          "Id": "{b1fa3ebf-dd85-38f4-ac33-f4b35ecfed00}"
        },
        "Type": "LaneBoundary"
      },
      "type": "Feature"
    },
    {
      "geometry": {
        "coordinates": [
          [
            1.4239429489404025e-05,
            2.577453009593507e-05,
            0
          ],
          [
            1.4745437537467485e-05,
            2.5774530095935013e-05,
            0
          ],
          [
            1.6787693407341e-05,
            2.577453009593476e-05,
            0
          ],
          [
            1.697453400705826e-05,
            2.5774530095934732e-05,
            0
          ],
          [
            1.8267102025478465e-05,
            2.5774530095934553e-05,
            0
          ],
          [
            2.2284108381173457e-05,
            2.5774530095933916e-05,
            0
          ],
          [
            2.2295237721156568e-05,
            2.5774530095933912e-05,
            0
          ]
        ],
        "type": "LineString"
      },
      "properties": {
        "Id": "{1139d69a-a1de-3d87-a6db-76f98eecf4a6}",
        "LeftLane": {
          "Dir": "Forward",
          "Id": "{b1fa3ebf-dd85-38f4-ac33-f4b35ecfed00}"
        },
        "RightLane": {
          "Dir": "Forward",
          "Id": "{d41c1a0b-885b-3776-87cc-f2f37fcf4fb5}"
        },
        "Type": "LaneBoundary"
      },
      "type": "Feature"
    },
    {
      "geometry": {
        "coordinates": [
          [
            1.4239429489404016e-05,
            2.5684093148230035e-05,
            0
          ],
          [
            1.4745437537467475e-05,
            2.5684093148229977e-05,
            0
          ],
          [
            1.6787693407340986e-05,
            2.5684093148229723e-05,
            0
          ],
          [
            1.6974534007058245e-05,
            2.56840931482297e-05,
            0
          ],
          [
            1.8267102025478455e-05,
            2.5684093148229517e-05,
            0
          ],
          [
            2.2284108381173443e-05,
            2.5684093148228876e-05,
            0
          ],
          [
            2.2295237721156554e-05,
            2.5684093148228873e-05,
            0
          ]
        ],
        "type": "LineString"
      },
      "properties": {
        "Id": "{953982f7-7278-388c-8acc-e327600b8e8d}",
        "LeftLane": {
          "Dir": "Forward",
          "Id": "{d41c1a0b-885b-3776-87cc-f2f37fcf4fb5}"
        },
        "RightLane": {
          "Dir": "Forward",
          "Id": "{da3c228c-f54d-361e-879e-d86c6f304579}"
        },
        "Type": "LaneBoundary"
      },
      "type": "Feature"
    },
    {
      "geometry": {
        "coordinates": [
          [
            1.423942948940384e-05,
            2.4056228089539404e-05,
            0
          ],
          [
            1.4745437537467293e-05,
            2.405622808953935e-05,
            0
          ],
          [
            1.6787693407340783e-05,
            2.4056228089539116e-05,
            0
          ],
          [
            1.697453400705804e-05,
            2.4056228089539092e-05,
            0
          ],
          [
            1.8267102025478228e-05,
            2.405622808953892e-05,
            0
          ],
          [
            2.2284108381173165e-05,
            2.405622808953832e-05,
            0
          ],
          [
            2.2295237721156276e-05,
            2.405622808953832e-05,
            0
          ]
        ],
        "type": "LineString"
      },
      "properties": {
        "Id": "{ff7a5bf3-7afd-3e7a-b7dc-b44c526892cf}",
        "LeftLane": {
          "Dir": "Forward",
          "Id": "{da3c228c-f54d-361e-879e-d86c6f304579}"
        },
        "Type": "LaneBoundary"
      },
      "type": "Feature"
    },
    {
      "geometry": {
        "coordinates": [
          [
            6.378038517247763e-05,
            2.713108431149452e-05,
            0
          ],
          [
            6.378038517248264e-05,
            3.54512828945782e-05,
            0
          ]
        ],
        "type": "LineString"
      },
      "properties": {
        "Id": "{f87f6adc-9ed6-35af-bdb7-f65a51878891}",
        "RightLane": {
          "Dir": "Forward",
          "Id": "{c8f7516e-8add-3a8f-8554-3588eca00744}"
        },
        "Type": "LaneBoundary"
      },
      "type": "Feature"
    },
    {
      "geometry": {
        "coordinates": [
          [
            6.4678700456596e-05,
            2.7131084311494037e-05,
            0
          ],
          [
            6.46787004566011e-05,
            3.545128289457757e-05,
            0
          ]
        ],
        "type": "LineString"
      },
      "properties": {
        "Id": "{e937ef62-02d5-3469-955c-97bc55ce71e5}",
        "LeftLane": {
          "Dir": "Forward",
          "Id": "{c8f7516e-8add-3a8f-8554-3588eca00744}"
        },
        "RightLane": {
          "Dir": "Forward",
          "Id": "{84c31fc3-f8c7-366c-a4f4-48e8186e65be}"
        },
        "Type": "LaneBoundary"
      },
      "type": "Feature"
    },
    {
      "geometry": {
        "coordinates": [
          [
            6.692448866689178e-05,
            2.713108431149281e-05,
            0
          ],
          [
            6.692448866689707e-05,
            3.545128289457596e-05,
            0
          ]
        ],
        "type": "LineString"
      },
      "properties": {
        "Id": "{232dc22a-9934-376e-bc43-f764104cb102}",
        "LeftLane": {
          "Dir": "Forward",
          "Id": "{84c31fc3-f8c7-366c-a4f4-48e8186e65be}"
        },
        "RightLane": {
          "Dir": "Forward",
          "Id": "{02200d70-8145-380c-b8c7-a73c4f8ebaa6}"
        },
        "Type": "LaneBoundary"
      },
      "type": "Feature"
    },
    {
      "geometry": {
        "coordinates": [
          [
            6.917027687719549e-05,
            2.7131084311491536e-05,
            0
          ],
          [
            6.917027687720094e-05,
            3.545128289457431e-05,
            0
          ]
        ],
        "type": "LineString"
      },
      "properties": {
        "Id": "{4fdb00a3-f040-3925-b7ae-155e202ce5d3}",
        "LeftLane": {
          "Dir": "Forward",
          "Id": "{02200d70-8145-380c-b8c7-a73c4f8ebaa6}"
        },
        "RightLane": {
          "Dir": "Forward",
          "Id": "{e823f108-1b63-3703-938e-d1b2c0c63b9a}"
        },
        "Type": "LaneBoundary"
      },
      "type": "Feature"
    },
    {
      "geometry": {
        "coordinates": [
          [
            7.096690744543197e-05,
            2.7131084311490486e-05,
            0
          ],
          [
            7.096690744543756e-05,
            3.545128289457294e-05,
            0
          ]
        ],
        "type": "LineString"
      },
      "properties": {
        "Id": "{96cccf6f-525a-3880-94e1-9742fffe0540}",
        "LeftLane": {
          "Dir": "Forward",
          "Id": "{e823f108-1b63-3703-938e-d1b2c0c63b9a}"
        },
        "Type": "LaneBoundary"
      },
      "type": "Feature"
    },
    {
      "geometry": {
        "coordinates": [
          [
            6.378038517248264e-05,
            3.54512828945782e-05,
            0
          ],
          [
            6.37803851724835e-05,
            3.664787575382578e-05,
            0
          ],
          [
            6.378038517248493e-05,
            3.866107312226318e-05,
            0
          ],
          [
            6.374143172114219e-05,
            4.099458478472048e-05,
            0
          ],
          [
            6.365622777228578e-05,
            4.2033745621078655e-05,
            0
          ],
          [
            6.35037835911352e-05,
            4.2981184028903946e-05,
            0
          ],
          [
            6.32306513511215e-05,
            4.395659479609202e-05,
            0
          ],
          [
            6.285631630415233e-05,
            4.477472706178777e-05,
            0
          ],
          [
            6.229145573163439e-05,
            4.552826518631014e-05,
            0
          ],
          [
            6.2278387843381e-05,
            4.554134018705884e-05,
            0
          ]
        ],
        "type": "LineString"
      },
      "properties": {
        "Id": "{c84ff06a-9633-3616-beef-0c672b8b5298}",
        "RightLane": {
          "Dir": "Forward",
          "Id": "{ba73e649-38b6-3560-abbc-17151e01b345}"
        },
        "Type": "LaneBoundary"
      },
      "type": "Feature"
    },
    {
      "geometry": {
        "coordinates": [
          [
            6.46787004566011e-05,
            3.545128289457757e-05,
            0
          ],
          [
            6.467870045660195e-05,
            3.664787575382513e-05,
            0
          ],
          [
            6.467870045660342e-05,
            3.866107312226249e-05,
            0
          ],
          [
            6.463851951441604e-05,
            4.104184625409954e-05,
            0
          ],
          [
            6.454833215378635e-05,
            4.213990830438253e-05,
            0
          ],
          [
            6.438251356092939e-05,
            4.3168999612551734e-05,
            0
          ],
          [
            6.407485745629521e-05,
            4.426572514080095e-05,
            0
          ],
          [
            6.363408490348638e-05,
            4.522725210439492e-05,
            0
          ],
          [
            6.292665809738795e-05,
            4.616775345610556e-05,
            0
          ],
          [
            6.29096674224403e-05,
            4.618475341112472e-05,
            0
          ]
        ],
        "type": "LineString"
      },
      "properties": {
        "Id": "{55d9d4a1-7b85-310e-9f0d-89ed7a2140fd}",
        "LeftLane": {
          "Dir": "Forward",
          "Id": "{ba73e649-38b6-3560-abbc-17151e01b345}"
        },
        "RightLane": {
          "Dir": "Forward",
          "Id": "{7632f752-06f5-3494-804d-715cd858c96c}"
        },
        "Type": "LaneBoundary"
      },
      "type": "Feature"
    },
    {
      "geometry": {
        "coordinates": [
          [
            6.692448866689707e-05,
            3.545128289457596e-05,
            0
          ],
          [
            6.692448866689793e-05,
            3.6647875753823473e-05,
            0
          ],
          [
            6.692448866689946e-05,
            3.866107312226074e-05,
            0
          ],
          [
            6.688123899761659e-05,
            4.115999992754718e-05,
            0
          ],
          [
            6.677859310754572e-05,
            4.240531501264219e-05,
            0
          ],
          [
            6.657933848539486e-05,
            4.363853857167114e-05,
            0
          ],
          [
            6.618537271924681e-05,
            4.503855100257317e-05,
            0
          ],
          [
            6.557850640183616e-05,
            4.635856471091273e-05,
            0
          ],
          [
            6.509231795577047e-05,
            4.709758993236583e-05,
            0
          ],
          [
            6.451466401179188e-05,
            4.7766474130594035e-05,
            0
          ],
          [
            6.448786637008053e-05,
            4.779328647128931e-05,
            0
          ]
        ],
        "type": "LineString"
      },
      "properties": {
        "Id": "{62f32fdd-4395-3f2c-bda6-1d61404bd6b6}",
        "LeftLane": {
          "Dir": "Forward",
          "Id": "{7632f752-06f5-3494-804d-715cd858c96c}"
        },
        "RightLane": {
          "Dir": "Forward",
          "Id": "{f1a794ae-656d-3656-a0aa-51614ff70e98}"
        },
        "Type": "LaneBoundary"
      },
      "type": "Feature"
    },
    {
      "geometry": {
        "coordinates": [
          [
            6.917027687720094e-05,
            3.545128289457431e-05,
            0
          ],
          [
            6.917027687720183e-05,
            3.664787575382175e-05,
            0
          ],
          [
            6.917027687720343e-05,
            3.8661073122258934e-05,
            0
          ],
          [
            6.912395848081437e-05,
            4.1278153600994744e-05,
            0
          ],
          [
            6.90088540612997e-05,
            4.267072172090175e-05,
            0
          ],
          [
            6.877616340985227e-05,
            4.4108077530790434e-05,
            0
          ],
          [
            6.829588798219036e-05,
            4.581137686434527e-05,
            0
          ],
          [
            6.752292790018328e-05,
            4.7489877317430386e-05,
            0
          ],
          [
            6.688269714776309e-05,
            4.846249518749223e-05,
            0
          ],
          [
            6.610266992619321e-05,
            4.936519480508237e-05,
            0
          ],
          [
            6.606606531772885e-05,
            4.9401819531453784e-05,
            0
          ]
        ],
        "type": "LineString"
      },
      "properties": {
        "Id": "{fbba02bc-78b0-301b-9405-fc507c1d4af1}",
        "LeftLane": {
          "Dir": "Forward",
          "Id": "{f1a794ae-656d-3656-a0aa-51614ff70e98}"
        },
        "RightLane": {
          "Dir": "Forward",
          "Id": "{fd491c5a-8624-3c9f-a966-8a21c55d829e}"
        },
        "Type": "LaneBoundary"
      },
      "type": "Feature"
    },
    {
      "geometry": {
        "coordinates": [
          [
            7.096690744543756e-05,
            3.545128289457294e-05,
            0
          ],
          [
            7.096690744543849e-05,
            3.664787575382033e-05,
            0
          ],
          [
            7.096690744544013e-05,
            3.8661073122257437e-05,
            0
          ],
          [
            7.096116044048846e-05,
            3.9963985900526904e-05,
            0
          ],
          [
            7.091813406738053e-05,
            4.137267653975274e-05,
            0
          ],
          [
            7.079306282429797e-05,
            4.288304708750934e-05,
            0
          ],
          [
            7.053362334942455e-05,
            4.448370869808579e-05,
            0
          ],
          [
            6.998430019255106e-05,
            4.642963755376284e-05,
            0
          ],
          [
            6.9581708468765e-05,
            4.741587170183137e-05,
            0
          ],
          [
            6.907846509885672e-05,
            4.839492740264441e-05,
            0
          ],
          [
            6.831500050135988e-05,
            4.9554419391593265e-05,
            0
          ],
          [
            6.73730746577138e-05,
            5.064417134467295e-05,
            0
          ],
          [
            6.732862447584223e-05,
            5.0688645979585266e-05,
            0
          ]
        ],
        "type": "LineString"
      },
      "properties": {
        "Id": "{a15ddfbc-6a9b-329b-beaf-07c996a9554c}",
        "LeftLane": {
          "Dir": "Forward",
          "Id": "{fd491c5a-8624-3c9f-a966-8a21c55d829e}"
        },
        "Type": "LaneBoundary"
      },
      "type": "Feature"
    },
    {
      "geometry": {
        "coordinates": [
          [
            6.2278387843381e-05,
            4.554134018705884e-05,
            0
          ],
          [
            6.179557653651411e-05,
            4.5937623325852804e-05,
            0
          ],
          [
            6.118633623888059e-05,
            4.6283873105987564e-05,
            0
          ],
          [
            6.04620530253749e-05,
            4.6565138405804245e-05,
            0
          ],
          [
            5.9634893967637674e-05,
            4.677482618351681e-05,
            0
          ],
          [
            5.871561679319884e-05,
            4.6914244024092205e-05,
            0
          ],
          [
            5.771227196915985e-05,
            4.699185455388536e-05,
            0
          ],
          [
            5.547020412286214e-05,
            4.7027212806597575e-05,
            0
          ],
          [
            5.3910464525765134e-05,
            4.70272128065988e-05,
            0
          ],
          [
            4.325913730020078e-05,
            4.702721280660626e-05,
            0
          ]
        ],
        "type": "LineString"
      },
      "properties": {
        "Id": "{c4e50ee1-8b22-3bb3-a580-be3d81ceff0f}",
        "RightLane": {
          "Dir": "Forward",
          "Id": "{0e42fcc3-32e5-3fd8-bd60-7b257125fe52}"
        },
        "Type": "LaneBoundary"
      },
      "type": "Feature"
    },
    {
      "geometry": {
        "coordinates": [
          [
            6.29096674224403e-05,
            4.618475341112472e-05,
            0
          ],
          [
            6.230024560889342e-05,
            4.668578689989292e-05,
            0
          ],
          [
            6.156754012375075e-05,
            4.7102776293153285e-05,
            0
          ],
          [
            6.0731222597382955e-05,
            4.742795473513963e-05,
            0
          ],
          [
            5.980872983969873e-05,
            4.7662100970456834e-05,
            0
          ],
          [
            5.881381111179254e-05,
            4.781319431344814e-05,
            0
          ],
          [
            5.7755974470861e-05,
            4.7895153182229645e-05,
            0
          ],
          [
            5.547020412286286e-05,
            4.793158228364752e-05,
            0
          ],
          [
            5.3910464525765846e-05,
            4.793158228364878e-05,
            0
          ],
          [
            4.325913730020134e-05,
            4.793158228365639e-05,
            0
          ]
        ],
        "type": "LineString"
      },
      "properties": {
        "Id": "{43f162c4-1514-3166-b6ba-de59ab53c2c5}",
        "LeftLane": {
          "Dir": "Forward",
          "Id": "{0e42fcc3-32e5-3fd8-bd60-7b257125fe52}"
        },
        "RightLane": {
          "Dir": "Forward",
          "Id": "{342ce16e-c729-3950-8d5b-40b90658ec0e}"
        },
        "Type": "LaneBoundary"
      },
      "type": "Feature"
    },
    {
      "geometry": {
        "coordinates": [
          [
            6.448786637008053e-05,
            4.779328647128931e-05,
            0
          ],
          [
            6.356191828984444e-05,
            4.855619583499312e-05,
            0
          ],
          [
            6.252054983594888e-05,
            4.915003426106753e-05,
            0
          ],
          [
            6.140414652738046e-05,
            4.958499555847804e-05,
            0
          ],
          [
            6.0243319519848804e-05,
            4.9880287937806834e-05,
            0
          ],
          [
            5.786523072511121e-05,
            5.015339975309037e-05,
            0
          ],
          [
            5.547020412286472e-05,
            5.01925059762724e-05,
            0
          ],
          [
            5.3910464525767655e-05,
            5.0192505976273713e-05,
            0
          ],
          [
            4.325913730020279e-05,
            5.0192505976281676e-05,
            0
          ]
        ],
        "type": "LineString"
      },
      "properties": {
        "Id": "{e549023a-6c43-3921-8f27-273daedf95f4}",
        "LeftLane": {
          "Dir": "Forward",
          "Id": "{342ce16e-c729-3950-8d5b-40b90658ec0e}"
        },
        "RightLane": {
          "Dir": "Forward",
          "Id": "{33a6ca6a-93cc-39b6-a711-e7d7ff017342}"
        },
        "Type": "LaneBoundary"
      },
      "type": "Feature"
    },
    {
      "geometry": {
        "coordinates": [
          [
            6.606606531772885e-05,
            4.9401819531453784e-05,
            0
          ],
          [
            6.482359097080619e-05,
            5.0426604770093225e-05,
            0
          ],
          [
            6.347355954813915e-05,
            5.119729222898168e-05,
            0
          ],
          [
            6.207707045738343e-05,
            5.174203638181638e-05,
            0
          ],
          [
            6.0677909200009614e-05,
            5.20984749051568e-05,
            0
          ],
          [
            5.93047827047479e-05,
            5.230794576022788e-05,
            0
          ],
          [
            5.797448697936151e-05,
            5.2411646323951075e-05,
            0
          ],
          [
            5.547020412286667e-05,
            5.245342966889726e-05,
            0
          ],
          [
            5.3910464525769545e-05,
            5.2453429668898626e-05,
            0
          ],
          [
            4.325913730020431e-05,
            5.2453429668906954e-05,
            0
          ]
        ],
        "type": "LineString"
      },
      "properties": {
        "Id": "{d70f4a91-8537-37a0-a496-54f66d74420c}",
        "LeftLane": {
          "Dir": "Forward",
          "Id": "{33a6ca6a-93cc-39b6-a711-e7d7ff017342}"
        },
        "RightLane": {
          "Dir": "Forward",
          "Id": "{99f53ded-feac-3ee6-b32d-a36096c9c3bb}"
        },
        "Type": "LaneBoundary"
      },
      "type": "Feature"
    },
    {
      "geometry": {
        "coordinates": [
          [
            6.732862447584223e-05,
            5.0688645979585266e-05,
            0
          ],
          [
            6.659926244354565e-05,
            5.1348058540191585e-05,
            0
          ],
          [
            6.583292911556499e-05,
            5.1922931918173214e-05,
            0
          ],
          [
            6.42359673178957e-05,
            5.283509860331293e-05,
            0
          ],
          [
            6.261540960138112e-05,
            5.3467669040487014e-05,
            0
          ],
          [
            6.102558094413731e-05,
            5.387302447903674e-05,
            0
          ],
          [
            5.9501171341932814e-05,
            5.410584633893974e-05,
            0
          ],
          [
            5.8061891982763976e-05,
            5.421824358063963e-05,
            0
          ],
          [
            5.671710304838168e-05,
            5.4256983800392615e-05,
            0
          ],
          [
            5.547020412286828e-05,
            5.426216862299717e-05,
            0
          ],
          [
            5.391046452577112e-05,
            5.4262168622998583e-05,
            0
          ],
          [
            4.325913730020557e-05,
            5.4262168623007196e-05,
            0
          ]
        ],
        "type": "LineString"
      },
      "properties": {
        "Id": "{a9145012-7668-321e-983f-d43ba3c63dee}",
        "LeftLane": {
          "Dir": "Forward",
          "Id": "{99f53ded-feac-3ee6-b32d-a36096c9c3bb}"
        },
        "Type": "LaneBoundary"
      },
      "type": "Feature"
    },
    {
      "geometry": {
        "coordinates": [
          [
            2.8519830710032666e-05,
            4.7027212806613926e-05,
            0
          ],
          [
            2.0842255888687445e-05,
            4.702721280661665e-05,
            0
          ],
          [
            1.7665557518733187e-05,
            4.698205477547015e-05,
            0
          ],
          [
            1.618267265353882e-05,
            4.6879865953849686e-05,
            0
          ],
          [
            1.4777077785124166e-05,
            4.669025494751728e-05,
            0
          ],
          [
            1.3459590302830325e-05,
            4.6394064631189184e-05,
            0
          ],
          [
            1.224616712528158e-05,
            4.597855674817484e-05,
            0
          ],
          [
            1.115763208891531e-05,
            4.543879412032497e-05,
            0
          ],
          [
            1.0239399978285523e-05,
            4.4793929964481815e-05,
            0
          ]
        ],
        "type": "LineString"
      },
      "properties": {
        "Id": "{b383212e-64ca-3cd4-bf51-439086c5f958}",
        "RightLane": {
          "Dir": "Forward",
          "Id": "{08785333-6142-36f3-9d6f-b39cc60ff910}"
        },
        "Type": "LaneBoundary"
      },
      "type": "Feature"
    },
    {
      "geometry": {
        "coordinates": [
          [
            2.851983071003304e-05,
            4.793158228366419e-05,
            0
          ],
          [
            2.0842255888687716e-05,
            4.793158228366697e-05,
            0
          ],
          [
            1.7626679368769344e-05,
            4.788557688266012e-05,
            0
          ],
          [
            1.609529878697623e-05,
            4.777994745598181e-05,
            0
          ],
          [
            1.4622266975319415e-05,
            4.7581093671890825e-05,
            0
          ],
          [
            1.3219427945328471e-05,
            4.726551522213564e-05,
            0
          ],
          [
            1.190485194713313e-05,
            4.681510474998384e-05,
            0
          ],
          [
            1.0703107188312756e-05,
            4.6218856437056436e-05,
            0
          ],
          [
            9.668208576456651e-06,
            4.5491602203642945e-05,
            0
          ]
        ],
        "type": "LineString"
      },
      "properties": {
        "Id": "{be043293-fb14-3312-992d-9c7bb54f7363}",
        "LeftLane": {
          "Dir": "Forward",
          "Id": "{08785333-6142-36f3-9d6f-b39cc60ff910}"
        },
        "RightLane": {
          "Dir": "Forward",
          "Id": "{840b03f1-d9bb-3da0-877e-6835bb5e1616}"
        },
        "Type": "LaneBoundary"
      },
      "type": "Feature"
    },
    {
      "geometry": {
        "coordinates": [
          [
            2.851983071003399e-05,
            5.019250597628984e-05,
            0
          ],
          [
            2.084225588868841e-05,
            5.019250597629275e-05,
            0
          ],
          [
            1.7529483993866396e-05,
            5.014438215063502e-05,
            0
          ],
          [
            1.5876864120592408e-05,
            5.003015121131216e-05,
            0
          ],
          [
            1.4235239950808877e-05,
            4.980819048282468e-05,
            0
          ],
          [
            1.2619022051577817e-05,
            4.9444141699501785e-05,
            0
          ],
          [
            1.1051564001759322e-05,
            4.890647475450634e-05,
            0
          ],
          [
            9.566794936817e-06,
            4.8169012228885153e-05,
            0
          ],
          [
            8.240230071873766e-06,
            4.723578280154577e-05,
            0
          ]
        ],
        "type": "LineString"
      },
      "properties": {
        "Id": "{f4d35889-eb19-3750-a8c4-80c90df8a8c3}",
        "LeftLane": {
          "Dir": "Forward",
          "Id": "{840b03f1-d9bb-3da0-877e-6835bb5e1616}"
        },
        "RightLane": {
          "Dir": "Forward",
          "Id": "{b9de6ec7-3d73-3d5e-8041-e2b6fad165ed}"
        },
        "Type": "LaneBoundary"
      },
      "type": "Feature"
    },
    {
      "geometry": {
        "coordinates": [
          [
            2.851983071003498e-05,
            5.2453429668915485e-05,
            0
          ],
          [
            2.0842255888689142e-05,
            5.2453429668918535e-05,
            0
          ],
          [
            1.7432288618960808e-05,
            5.240318741860994e-05,
            0
          ],
          [
            1.56584294542006e-05,
            5.2280354966642527e-05,
            0
          ],
          [
            1.384821292630899e-05,
            5.203528729375852e-05,
            0
          ],
          [
            1.201861615782448e-05,
            5.162276817686792e-05,
            0
          ],
          [
            1.0198276056396134e-05,
            5.099784475902883e-05,
            0
          ],
          [
            8.430482685321184e-06,
            5.0119168020713844e-05,
            0
          ],
          [
            6.812251567290811e-06,
            4.897996339944857e-05,
            0
          ]
        ],
        "type": "LineString"
      },
      "properties": {
        "Id": "{8034908a-f333-347d-8a4c-91d8ee46960f}",
        "LeftLane": {
          "Dir": "Forward",
          "Id": "{b9de6ec7-3d73-3d5e-8041-e2b6fad165ed}"
        },
        "RightLane": {
          "Dir": "Forward",
          "Id": "{e969a354-b6d9-36f7-bb1b-92b19e36206a}"
        },
        "Type": "LaneBoundary"
      },
      "type": "Feature"
    },
    {
      "geometry": {
        "coordinates": [
          [
            2.8519830710035817e-05,
            5.4262168623016026e-05,
            0
          ],
          [
            2.084225588868975e-05,
            5.426216862301917e-05,
            0
          ],
          [
            1.914188178608033e-05,
            5.4255917232403516e-05,
            0
          ],
          [
            1.7354532319046478e-05,
            5.4210231632989866e-05,
            0
          ],
          [
            1.548368172109142e-05,
            5.40805179709068e-05,
            0
          ],
          [
            1.353859130669948e-05,
            5.381696474250561e-05,
            0
          ],
          [
            1.1538291442823392e-05,
            5.336566935876083e-05,
            0
          ],
          [
            9.515645700099159e-06,
            5.2670940762646836e-05,
            0
          ],
          [
            7.521432884126618e-06,
            5.16792926541768e-05,
            0
          ],
          [
            6.556768194108477e-06,
            5.1057581913856297e-05,
            0
          ],
          [
            5.669075019757447e-06,
            5.0377299493076636e-05,
            0
          ]
        ],
        "type": "LineString"
      },
      "properties": {
        "Id": "{9b45db11-8d55-39e2-ad71-666261c1aee8}",
        "LeftLane": {
          "Dir": "Forward",
          "Id": "{e969a354-b6d9-36f7-bb1b-92b19e36206a}"
        },
        "Type": "LaneBoundary"
      },
      "type": "Feature"
    },
    {
      "geometry": {
        "coordinates": [
          [
            1.0239399978285523e-05,
            4.4793929964481815e-05,
            0
          ],
          [
            1.0218633306955796e-05,
            4.477934576313921e-05,
            0
          ],
          [
            9.800224274416102e-06,
            4.439594122751144e-05,
            0
          ],
          [
            9.224771425721676e-06,
            4.372686239354468e-05,
            0
          ],
          [
            8.718875115836386e-06,
            4.295032252261424e-05,
            0
          ],
          [
            8.227048886640542e-06,
            4.1930748369788245e-05,
            0
          ],
          [
            7.841080178152552e-06,
            4.080354023978291e-05,
            0
          ],
          [
            7.566200628757415e-06,
            3.963271654104546e-05,
            0
          ],
          [
            7.377653610712639e-06,
            3.8389565520115845e-05,
            0
          ],
          [
            7.203533186607868e-06,
            3.560831224561324e-05,
            0
          ],
          [
            7.202278239316142e-06,
            3.555046601349457e-05,
            0
          ]
        ],
        "type": "LineString"
      },
      "properties": {
        "Id": "{1491d11b-5f70-3c66-8cb2-dcc8d8ffa161}",
        "RightLane": {
          "Dir": "Forward",
          "Id": "{a782249b-4bc8-347f-9f53-889e7a855944}"
        },
        "Type": "LaneBoundary"
      },
      "type": "Feature"
    },
    {
      "geometry": {
        "coordinates": [
          [
            9.668208576456651e-06,
            4.5491602203642945e-05,
            0
          ],
          [
            9.644803383923138e-06,
            4.5475154674234976e-05,
            0
          ],
          [
            9.16502291877102e-06,
            4.503543051421892e-05,
            0
          ],
          [
            8.507090576065984e-06,
            4.4270785536788315e-05,
            0
          ],
          [
            7.938833152573598e-06,
            4.3398864100987405e-05,
            0
          ],
          [
            7.39599736305817e-06,
            4.227410958620769e-05,
            0
          ],
          [
            6.977375611425013e-06,
            4.105215551363772e-05,
            0
          ],
          [
            6.683922824004062e-06,
            3.9802841292719316e-05,
            0
          ],
          [
            6.485499072774156e-06,
            3.849530015459965e-05,
            0
          ],
          [
            6.305443389733596e-06,
            3.5628574148484444e-05,
            0
          ],
          [
            6.3041662177445245e-06,
            3.55697036013015e-05,
            0
          ]
        ],
        "type": "LineString"
      },
      "properties": {
        "Id": "{dcdaab95-30a7-35b5-bc94-08205494721c}",
        "LeftLane": {
          "Dir": "Forward",
          "Id": "{a782249b-4bc8-347f-9f53-889e7a855944}"
        },
        "RightLane": {
          "Dir": "Forward",
          "Id": "{7aa3b7f6-14d4-324f-b814-3bfa8a5d683e}"
        },
        "Type": "LaneBoundary"
      },
      "type": "Feature"
    },
    {
      "geometry": {
        "coordinates": [
          [
            8.240230071873766e-06,
            4.723578280154577e-05,
            0
          ],
          [
            8.210228576354768e-06,
            4.721467695197445e-05,
            0
          ],
          [
            7.577019529656938e-06,
            4.663415373098756e-05,
            0
          ],
          [
            6.712888451918718e-06,
            4.563059339489735e-05,
            0
          ],
          [
            5.988728244396597e-06,
            4.4520218046920276e-05,
            0
          ],
          [
            5.318368554092865e-06,
            4.313251262725625e-05,
            0
          ],
          [
            4.818114194586148e-06,
            4.167369369827472e-05,
            0
          ],
          [
            4.478228312109998e-06,
            4.0228153171903866e-05,
            0
          ],
          [
            4.255112727933261e-06,
            3.8759636740809174e-05,
            0
          ],
          [
            4.060218897533256e-06,
            3.567922890566242e-05,
            0
          ],
          [
            4.058886163814137e-06,
            3.561779757081883e-05,
            0
          ]
        ],
        "type": "LineString"
      },
      "properties": {
        "Id": "{da289b86-29e3-38d3-8f05-922167cf0e81}",
        "LeftLane": {
          "Dir": "Forward",
          "Id": "{7aa3b7f6-14d4-324f-b814-3bfa8a5d683e}"
        },
        "RightLane": {
          "Dir": "Forward",
          "Id": "{c43e7be6-e80f-3a80-a49c-b5810ef4ae36}"
        },
        "Type": "LaneBoundary"
      },
      "type": "Feature"
    },
    {
      "geometry": {
        "coordinates": [
          [
            6.812251567290811e-06,
            4.897996339944857e-05,
            0
          ],
          [
            6.775653768780999e-06,
            4.8954199229713875e-05,
            0
          ],
          [
            5.989016140532121e-06,
            4.82328769477562e-05,
            0
          ],
          [
            4.918686327768716e-06,
            4.699040125300635e-05,
            0
          ],
          [
            4.038623336219533e-06,
            4.564157199285311e-05,
            0
          ],
          [
            3.240739745127508e-06,
            4.399091566830478e-05,
            0
          ],
          [
            2.6588527777419113e-06,
            4.2295231882911656e-05,
            0
          ],
          [
            2.27253380021324e-06,
            4.065346505108838e-05,
            0
          ],
          [
            2.0247263830870173e-06,
            3.902397332701864e-05,
            0
          ],
          [
            1.814994405327579e-06,
            3.572988366284033e-05,
            0
          ],
          [
            1.8136061098944015e-06,
            3.56658915403361e-05,
            0
          ]
        ],
        "type": "LineString"
      },
      "properties": {
        "Id": "{6618acf0-a112-3d19-b267-d8ac3acacf46}",
        "LeftLane": {
          "Dir": "Forward",
          "Id": "{c43e7be6-e80f-3a80-a49c-b5810ef4ae36}"
        },
        "RightLane": {
          "Dir": "Forward",
          "Id": "{b1ef36e0-b0ba-3640-9807-d0c7040ff544}"
        },
        "Type": "LaneBoundary"
      },
      "type": "Feature"
    },
    {
      "geometry": {
        "coordinates": [
          [
            5.669075019757447e-06,
            5.0377299493076636e-05,
            0
          ],
          [
            5.62799392272353e-06,
            5.034581705190541e-05,
            0
          ],
          [
            4.718613429241806e-06,
            4.9511855521171064e-05,
            0
          ],
          [
            3.4833246284571904e-06,
            4.8078247539493524e-05,
            0
          ],
          [
            2.4785394096778337e-06,
            4.653865514959934e-05,
            0
          ],
          [
            1.5786366979546534e-06,
            4.467763810114356e-05,
            0
          ],
          [
            9.314436442707582e-07,
            4.279246243062117e-05,
            0
          ],
          [
            5.079781907011452e-07,
            4.099371455443594e-05,
            0
          ],
          [
            2.4041730721000965e-07,
            3.923544259598618e-05,
            0
          ],
          [
            8.639477093281613e-08,
            3.746795684324003e-05,
            0
          ],
          [
            1.8814811573691557e-08,
            3.577040746858264e-05,
            0
          ],
          [
            1.738206675647719e-08,
            3.5704366715949886e-05,
            0
          ]
        ],
        "type": "LineString"
      },
      "properties": {
        "Id": "{846c2fdc-a795-3a58-ac89-3d588334c293}",
        "LeftLane": {
          "Dir": "Forward",
          "Id": "{b1ef36e0-b0ba-3640-9807-d0c7040ff544}"
        },
        "Type": "LaneBoundary"
      },
      "type": "Feature"
    },
    {
      "geometry": {
        "coordinates": [
          [
            7.202278239316142e-06,
            3.555046601349457e-05,
            0
          ],
          [
            7.186522272954294e-06,
            3.3279545313575434e-05,
            0
          ],
          [
            7.1865222729538676e-06,
            2.7131084311511238e-05,
            0
          ]
        ],
        "type": "LineString"
      },
      "properties": {
        "Id": "{b9fde29f-51e6-3d16-b923-ea7e1e7ce315}",
        "RightLane": {
          "Dir": "Forward",
          "Id": "{09cf9e69-26cd-39ea-803d-93b4d530c4bb}"
        },
        "Type": "LaneBoundary"
      },
      "type": "Feature"
    },
    {
      "geometry": {
        "coordinates": [
          [
            6.3041662177445245e-06,
            3.55697036013015e-05,
            0
          ],
          [
            6.288206988835336e-06,
            3.327954531357551e-05,
            0
          ],
          [
            6.28820698883496e-06,
            2.7131084311511296e-05,
            0
          ]
        ],
        "type": "LineString"
      },
      "properties": {
        "Id": "{ad59ee19-5e25-3729-a0ed-4ba867553b9e}",
        "LeftLane": {
          "Dir": "Forward",
          "Id": "{09cf9e69-26cd-39ea-803d-93b4d530c4bb}"
        },
        "RightLane": {
          "Dir": "Forward",
          "Id": "{dde3a446-09b7-392e-b739-06a50fc44f45}"
        },
        "Type": "LaneBoundary"
      },
      "type": "Feature"
    },
    {
      "geometry": {
        "coordinates": [
          [
            4.058886163814137e-06,
            3.561779757081883e-05,
            0
          ],
          [
            4.042418778537935e-06,
            3.3279545313575624e-05,
            0
          ],
          [
            4.042418778537686e-06,
            2.71310843115114e-05,
            0
          ]
        ],
        "type": "LineString"
      },
      "properties": {
        "Id": "{96ace7a0-627a-335d-a5c1-ef63e9636c6d}",
        "LeftLane": {
          "Dir": "Forward",
          "Id": "{dde3a446-09b7-392e-b739-06a50fc44f45}"
        },
        "RightLane": {
          "Dir": "Forward",
          "Id": "{91ca2aef-915a-396f-8959-0f8db7572024}"
        },
        "Type": "LaneBoundary"
      },
      "type": "Feature"
    },
    {
      "geometry": {
        "coordinates": [
          [
            1.8136061098944015e-06,
            3.56658915403361e-05,
            0
          ],
          [
            1.796630568237864e-06,
            3.3279545313575705e-05,
            0
          ],
          [
            1.7966305682377401e-06,
            2.7131084311511462e-05,
            0
          ]
        ],
        "type": "LineString"
      },
      "properties": {
        "Id": "{995c0c85-a9aa-3421-9d01-105782950401}",
        "LeftLane": {
          "Dir": "Forward",
          "Id": "{91ca2aef-915a-396f-8959-0f8db7572024}"
        },
        "RightLane": {
          "Dir": "Forward",
          "Id": "{eb33229a-479e-3132-ba64-005301592fbd}"
        },
        "Type": "LaneBoundary"
      },
      "type": "Feature"
    },
    {
      "geometry": {
        "coordinates": [
          [
            1.738206675647719e-08,
            3.5704366715949886e-05,
            0
          ],
          [
            -6.343677590434828e-20,
            3.3279545313575726e-05,
            0
          ],
          [
            -8.641387583820189e-20,
            2.713108431151148e-05,
            0
          ]
        ],
        "type": "LineString"
      },
      "properties": {
        "Id": "{a4dbf848-7516-38cc-b267-bfb0e46615cd}",
        "LeftLane": {
          "Dir": "Forward",
          "Id": "{eb33229a-479e-3132-ba64-005301592fbd}"
        },
        "Type": "LaneBoundary"
      },
      "type": "Feature"
    },
    {
      "geometry": {
        "coordinates": [
          [
            8.238464569114118e-06,
            4.7238186196829294e-05,
            0
          ],
          [
            7.279103297214063e-06,
            4.634498922570112e-05,
            0
          ],
          [
            6.427403637379524e-06,
            4.534728206300407e-05,
            0
          ],
          [
            5.694522368518283e-06,
            4.425813410253338e-05,
            0
          ],
          [
            5.090059816536311e-06,
            4.309181256029073e-05,
            0
          ],
          [
            4.6064425267523295e-06,
            4.1814380396105806e-05,
            0
          ],
          [
            4.276895236275832e-06,
            4.048817845192727e-05,
            0
          ],
          [
            4.106079701890673e-06,
            3.913196710316096e-05,
            0
          ],
          [
            4.096412270169767e-06,
            3.776493123650096e-05,
            0
          ],
          [
            4.101543208738107e-06,
            3.7666530088780665e-05,
            0
          ],
          [
            4.131479265824041e-06,
            3.709241883619534e-05,
            0
          ],
          [
            4.1991220184778e-06,
            3.579517166264734e-05,
            0
          ],
          [
            4.301831783716796e-06,
            3.3825412191822757e-05,
            0
          ],
          [
            4.542474500230143e-06,
            3.2412439939949136e-05,
            0
          ],
          [
            5.103594564897878e-06,
            3.1094839734148716e-05,
            0
          ],
          [
            5.954288033564781e-06,
            2.9945179979596194e-05,
            0
          ],
          [
            7.0477023271159655e-06,
            2.9026779047227725e-05,
            0
          ],
          [
            7.813781342975364e-06,
            2.859993071622475e-05,
            0
          ],
          [
            8.63290724080465e-06,
            2.828852736153084e-05,
            0
          ],
          [
            9.488023557304753e-06,
            2.8099053260966956e-05,
            0
          ],
          [
            1.036132440926e-05,
            2.803545378856136e-05,
            0
          ]
        ],
        "type": "LineString"
      },
      "properties": {
        "Id": "{f984e1be-cdd7-3ce7-819b-1ebd33231b30}",
        "RightLane": {
          "Dir": "Forward",
          "Id": "{b0357da4-57a6-3bc8-bb34-6efb592d514e}"
        },
        "Type": "LaneBoundary"
      },
      "type": "Feature"
    },
    {
      "geometry": {
        "coordinates": [
          [
            6.810510978708742e-06,
            4.898322129987899e-05,
            0
          ],
          [
            5.662440493475201e-06,
            4.791432983000169e-05,
            0
          ],
          [
            4.643208979344375e-06,
            4.672037070327586e-05,
            0
          ],
          [
            3.766167786818756e-06,
            4.541698410209771e-05,
            0
          ],
          [
            3.0428056544363396e-06,
            4.402124364625775e-05,
            0
          ],
          [
            2.464059406462463e-06,
            4.249253677892535e-05,
            0
          ],
          [
            2.069689184566447e-06,
            4.09054669709337e-05,
            0
          ],
          [
            1.865273726902436e-06,
            3.928248481928572e-05,
            0
          ],
          [
            1.853704682642096e-06,
            3.7646548934904536e-05,
            0
          ],
          [
            1.8588429724669129e-06,
            3.7548006721127697e-05,
            0
          ],
          [
            1.8887790295581925e-06,
            3.697389546854237e-05,
            0
          ],
          [
            1.956421782203989e-06,
            3.567664829499437e-05,
            0
          ],
          [
            2.0591315474510252e-06,
            3.370688882416979e-05,
            0
          ],
          [
            2.1673497574101875e-06,
            3.272971857233962e-05,
            0
          ],
          [
            2.3888108466483432e-06,
            3.1771519535583694e-05,
            0
          ],
          [
            2.720425461378103e-06,
            3.084610168171462e-05,
            0
          ],
          [
            3.1576117945479895e-06,
            2.9966251196464512e-05,
            0
          ],
          [
            3.694329390349932e-06,
            2.914412467663326e-05,
            0
          ],
          [
            4.323162603150035e-06,
            2.8391081166498974e-05,
            0
          ],
          [
            5.03542305695763e-06,
            2.7717525213742142e-05,
            0
          ],
          [
            5.82126968980149e-06,
            2.7132763113326602e-05,
            0
          ],
          [
            6.870888676277565e-06,
            2.6547930343740436e-05,
            0
          ],
          [
            7.993188173953385e-06,
            2.6121270865053663e-05,
            0
          ],
          [
            9.164798807931242e-06,
            2.5861668905881784e-05,
            0
          ],
          [
            1.0361324409259809e-05,
            2.577453009593545e-05,
            0
          ]
        ],
        "type": "LineString"
      },
      "properties": {
        "Id": "{77492532-bde1-37df-ad17-14391dbfa150}",
        "LeftLane": {
          "Dir": "Forward",
          "Id": "{b0357da4-57a6-3bc8-bb34-6efb592d514e}"
        },
        "Type": "LaneBoundary"
      },
      "type": "Feature"
    },
    {
      "geometry": {
        "coordinates": [
          [
            6.448786637008053e-05,
            4.779328647128931e-05,
            0
          ],
          [
            6.506927534545048e-05,
            4.714354055050825e-05,
            0
          ],
          [
            6.557169478665171e-05,
            4.6430141150923856e-05,
            0
          ],
          [
            6.598830853100626e-05,
            4.566276673232186e-05,
            0
          ],
          [
            6.631346451407543e-05,
            4.4851828016179406e-05,
            0
          ],
          [
            6.654275144943851e-05,
            4.400832674676126e-05,
            0
          ],
          [
            6.667305867508812e-05,
            4.3143706434000303e-05,
            0
          ],
          [
            6.670261835490841e-05,
            4.226969710308558e-05,
            0
          ],
          [
            6.663102946222311e-05,
            4.1398156156990116e-05,
            0
          ],
          [
            6.632183488634797e-05,
            4.007657874700161e-05,
            0
          ],
          [
            6.578127876295289e-05,
            3.883267026207464e-05,
            0
          ],
          [
            6.502703827049512e-05,
            3.7707108795176844e-05,
            0
          ],
          [
            6.408377849914253e-05,
            3.673670229510277e-05,
            0
          ],
          [
            6.210532978086683e-05,
            3.503942008933801e-05,
            0
          ],
          [
            6.195848324346737e-05,
            3.4913442593628274e-05,
            0
          ],
          [
            6.185582186241413e-05,
            3.48253708970138e-05,
            0
          ],
          [
            6.012688106259651e-05,
            3.334213788357308e-05,
            0
          ],
          [
            5.901674128726487e-05,
            3.2450220678506165e-05,
            0
          ],
          [
            5.7851908389902516e-05,
            3.163204700049911e-05,
            0
          ],
          [
            5.66372077887935e-05,
            3.089100620304444e-05,
            0
          ],
          [
            5.537767148203876e-05,
            3.0230168109185017e-05,
            0
          ],
          [
            5.4078517203385323e-05,
            2.9652270295603716e-05,
            0
          ],
          [
            5.274512680733706e-05,
            2.9159706751984562e-05,
            0
          ],
          [
            5.138302397432223e-05,
            2.8754517963711746e-05,
            0
          ],
          [
            4.999785132844716e-05,
            2.8438382458989447e-05,
            0
          ],
          [
            4.7915515407699204e-05,
            2.8136415138209578e-05,
            0
          ],
          [
            4.581407943161595e-05,
            2.8035453519548855e-05,
            0
          ]
        ],
        "type": "LineString"
      },
      "properties": {
        "Id": "{f0ac35c3-1a42-30f9-8dc1-e35422e05f70}",
        "RightLane": {
          "Dir": "Forward",
          "Id": "{bfde17cd-2a65-3a42-b67c-6b3658f6f7f8}"
        },
        "Type": "LaneBoundary"
      },
      "type": "Feature"
    },
    {
      "geometry": {
        "coordinates": [
          [
            6.29096674224403e-05,
            4.618475341112472e-05,
            0
          ],
          [
            6.366712185857958e-05,
            4.5232092958385364e-05,
            0
          ],
          [
            6.418552196883637e-05,
            4.412905832000434e-05,
            0
          ],
          [
            6.443683129815215e-05,
            4.29353045393169e-05,
            0
          ],
          [
            6.44074583704479e-05,
            4.1715392991859835e-05,
            0
          ],
          [
            6.419137176526335e-05,
            4.079178307667322e-05,
            0
          ],
          [
            6.381359367106379e-05,
            3.992245359087843e-05,
            0
          ],
          [
            6.328647812565134e-05,
            3.9135833205934156e-05,
            0
          ],
          [
            6.26271724389722e-05,
            3.8457568345412096e-05,
            0
          ],
          [
            6.0648723720707027e-05,
            3.6760286139647336e-05,
            0
          ],
          [
            6.050187718329956e-05,
            3.66343086439376e-05,
            0
          ],
          [
            6.039921580224363e-05,
            3.654623694732311e-05,
            0
          ],
          [
            5.867027500243392e-05,
            3.506300393388239e-05,
            0
          ],
          [
            5.662682374597847e-05,
            3.3526946913458685e-05,
            0
          ],
          [
            5.440438886956298e-05,
            3.22677366370853e-05,
            0
          ],
          [
            5.2039757140014545e-05,
            3.1306215674184005e-05,
            0
          ],
          [
            4.95720707111224e-05,
            3.065830024585074e-05,
            0
          ],
          [
            4.770165322604479e-05,
            3.0387064010102552e-05,
            0
          ],
          [
            4.581407949010095e-05,
            3.0296377212174087e-05,
            0
          ]
        ],
        "type": "LineString"
      },
      "properties": {
        "Id": "{371ef95f-28cb-3bc1-94d9-dfbee8707d16}",
        "LeftLane": {
          "Dir": "Forward",
          "Id": "{bfde17cd-2a65-3a42-b67c-6b3658f6f7f8}"
        },
        "Type": "LaneBoundary"
      },
      "type": "Feature"
    },
    {
      "geometry": {
        "coordinates": [
          [
            5.928880886650729e-05,
            2.568409252595708e-05,
            0
          ],
          [
            6.018408411823698e-05,
            2.55914653767468e-05,
            0
          ],
          [
            6.104193255739493e-05,
            2.531745623601593e-05,
            0
          ],
          [
            6.188483885849018e-05,
            2.483135224480732e-05,
            0
          ],
          [
            6.240131245471905e-05,
            2.4386162418220752e-05,
            0
          ],
          [
            6.281693795733625e-05,
            2.3902466038474985e-05,
            0
          ],
          [
            6.330833469613287e-05,
            2.3058866256384863e-05,
            0
          ],
          [
            6.359393859254636e-05,
            2.2176041223903762e-05,
            0
          ],
          [
            6.369055364407e-05,
            2.1252682088410837e-05,
            0
          ]
        ],
        "type": "LineString"
      },
      "properties": {
        "Id": "{8d73e955-088b-3782-a9d6-e1aa04318057}",
        "RightLane": {
          "Dir": "Forward",
          "Id": "{8fd291c0-fd9a-3d8c-8829-25d6888838e5}"
        },
        "Type": "LaneBoundary"
      },
      "type": "Feature"
    },
    {
      "geometry": {
        "coordinates": [
          [
            5.9288808824403557e-05,
            2.4056227467267273e-05,
            0
          ],
          [
            5.98552074530467e-05,
            2.3997626617766912e-05,
            0
          ],
          [
            6.0397927894141844e-05,
            2.3824273896080042e-05,
            0
          ],
          [
            6.0931195145861835e-05,
            2.351673871796849e-05,
            0
          ],
          [
            6.125794374756205e-05,
            2.3235088011352492e-05,
            0
          ],
          [
            6.152089049410933e-05,
            2.292907601600314e-05,
            0
          ],
          [
            6.183177414517785e-05,
            2.2395370031415504e-05,
            0
          ],
          [
            6.20124623245488e-05,
            2.1836848072090712e-05,
            0
          ],
          [
            6.207358613265379e-05,
            2.1252682088411498e-05,
            0
          ]
        ],
        "type": "LineString"
      },
      "properties": {
        "Id": "{56f9691c-721c-31f1-8c3f-7791de8b4f1c}",
        "LeftLane": {
          "Dir": "Forward",
          "Id": "{8fd291c0-fd9a-3d8c-8829-25d6888838e5}"
        },
        "Type": "LaneBoundary"
      },
      "type": "Feature"
    },
    {
      "geometry": {
        "coordinates": [
          [
            3.5909926728887895e-05,
            4.1420150194098376e-05,
            0
          ],
          [
            3.591553902061517e-05,
            4.365759811796233e-05,
            0
          ],
          [
            3.591590880152877e-05,
            4.380501838327287e-05,
            0
          ],
          [
            3.575650740517514e-05,
            4.749820879397149e-05,
            0
          ],
          [
            3.572737594822876e-05,
            4.7811658713393544e-05,
            0
          ],
          [
            3.57018620356953e-05,
            4.806665861879525e-05,
            0
          ],
          [
            3.5458873071857125e-05,
            4.889613512713629e-05,
            0
          ],
          [
            3.493650201950338e-05,
            4.9582656649933946e-05,
            0
          ],
          [
            3.4204279355230585e-05,
            5.003484311571445e-05,
            0
          ],
          [
            3.335966812334502e-05,
            5.0192505976287544e-05,
            0
          ],
          [
            3.3248856124356647e-05,
            5.01925059762876e-05,
            0
          ],
          [
            3.099075759494934e-05,
            5.0192505976288716e-05,
            0
          ]
        ],
        "type": "LineString"
      },
      "properties": {
        "Id": "{65d1b57e-97ce-3f86-9083-f03c30b7abc6}",
        "RightLane": {
          "Dir": "Forward",
          "Id": "{9d6d87d3-9ff9-3441-899b-d20064845bdb}"
        },
        "Type": "LaneBoundary"
      },
      "type": "Feature"
    },
    {
      "geometry": {
        "coordinates": [
          [
            3.815570777865621e-05,
            4.141444081436517e-05,
            0
          ],
          [
            3.816132007038087e-05,
            4.365188873822906e-05,
            0
          ],
          [
            3.816168985128647e-05,
            4.379930900353959e-05,
            0
          ],
          [
            3.799333092111663e-05,
            4.770002238596774e-05,
            0
          ],
          [
            3.7962562433600724e-05,
            4.8031086498274385e-05,
            0
          ],
          [
            3.7935614776962975e-05,
            4.8300416021394866e-05,
            0
          ],
          [
            3.7772325322662286e-05,
            4.913219846391612e-05,
            0
          ],
          [
            3.746091050083633e-05,
            4.992054429506524e-05,
            0
          ],
          [
            3.7011874967135707e-05,
            5.063847190280667e-05,
            0
          ],
          [
            3.644028742906285e-05,
            5.126188911554184e-05,
            0
          ],
          [
            3.576532918693494e-05,
            5.1769875335839015e-05,
            0
          ],
          [
            3.5009650448966054e-05,
            5.214538359258695e-05,
            0
          ],
          [
            3.419861023690249e-05,
            5.237581260222909e-05,
            0
          ],
          [
            3.335966812334619e-05,
            5.245342966891309e-05,
            0
          ],
          [
            3.324885612435781e-05,
            5.245342966891314e-05,
            0
          ],
          [
            3.0990757594950423e-05,
            5.2453429668914306e-05,
            0
          ]
        ],
        "type": "LineString"
      },
      "properties": {
        "Id": "{bb44de32-46c0-3197-957b-03a627c1fd82}",
        "LeftLane": {
          "Dir": "Forward",
          "Id": "{9d6d87d3-9ff9-3441-899b-d20064845bdb}"
        },
        "Type": "LaneBoundary"
      },
      "type": "Feature"
    },
    {
      "geometry": {
        "coordinates": [
          [
            3.981000700815454e-05,
            2.0482213199526296e-05,
            0
          ],
          [
            3.980568343715152e-05,
            1.87585385519455e-05,
            0
          ]
        ],
        "type": "LineString"
      },
      "properties": {
        "Id": "{1d018069-ccfa-37e6-a013-7ad07e0230bc}",
        "RightLane": {
          "Dir": "Forward",
          "Id": "{d6eb4005-b6f4-3c88-82e2-90fb1dfb20b7}"
        },
        "Type": "LaneBoundary"
      },
      "type": "Feature"
    },
    {
      "geometry": {
        "coordinates": [
          [
            3.8193044652330144e-05,
            2.0486323952933845e-05,
            0
          ],
          [
            3.818872108132712e-05,
            1.8762649305353022e-05,
            0
          ]
        ],
        "type": "LineString"
      },
      "properties": {
        "Id": "{52b17aab-0a3f-327b-801d-c135afb3cb06}",
        "LeftLane": {
          "Dir": "Forward",
          "Id": "{d6eb4005-b6f4-3c88-82e2-90fb1dfb20b7}"
        },
        "RightLane": {
          "Dir": "Forward",
          "Id": "{b96fb6ec-fa40-36f4-adf9-424c4a80bc76}"
        },
        "Type": "LaneBoundary"
      },
      "type": "Feature"
    },
    {
      "geometry": {
        "coordinates": [
          [
            3.810321341033442e-05,
            2.0486552328123156e-05,
            0
          ],
          [
            3.80988898393314e-05,
            1.876287768054233e-05,
            0
          ]
        ],
        "type": "LineString"
      },
      "properties": {
        "Id": "{4e930534-ceae-36cf-b4ce-a09c824163d3}",
        "LeftLane": {
          "Dir": "Forward",
          "Id": "{b96fb6ec-fa40-36f4-adf9-424c4a80bc76}"
        },
        "RightLane": {
          "Dir": "Forward",
          "Id": "{7d5647b7-d851-310a-846e-973bd0396fdc}"
        },
        "Type": "LaneBoundary"
      },
      "type": "Feature"
    },
    {
      "geometry": {
        "coordinates": [
          [
            3.585743236057455e-05,
            2.0492261707855836e-05,
            0
          ],
          [
            3.585310878957156e-05,
            1.8768587060274966e-05,
            0
          ]
        ],
        "type": "LineString"
      },
      "properties": {
        "Id": "{9f3ea56f-5a70-39d5-945e-b8b112f12a8f}",
        "LeftLane": {
          "Dir": "Forward",
          "Id": "{7d5647b7-d851-310a-846e-973bd0396fdc}"
        },
        "RightLane": {
          "Dir": "Forward",
          "Id": "{a3655513-043c-337a-aecf-df92488f276e}"
        },
        "Type": "LaneBoundary"
      },
      "type": "Feature"
    },
    {
      "geometry": {
        "coordinates": [
          [
            3.3611651310811965e-05,
            2.049797108758849e-05,
            0
          ],
          [
            3.3607327739809005e-05,
            1.8774296440007568e-05,
            0
          ]
        ],
        "type": "LineString"
      },
      "properties": {
        "Id": "{8bbfca21-2779-3640-bc1d-fd2752f18f95}",
        "LeftLane": {
          "Dir": "Forward",
          "Id": "{a3655513-043c-337a-aecf-df92488f276e}"
        },
        "RightLane": {
          "Dir": "Forward",
          "Id": "{2827b3ea-c915-3548-8b31-80f2c4c906f4}"
        },
        "Type": "LaneBoundary"
      },
      "type": "Feature"
    },
    {
      "geometry": {
        "coordinates": [
          [
            3.35218200688269e-05,
            2.0498199462777793e-05,
            0
          ],
          [
            3.3517496497815935e-05,
            1.8774524815196875e-05,
            0
          ]
        ],
        "type": "LineString"
      },
      "properties": {
        "Id": "{56f3d9ce-ac88-3b4a-8dd3-e2893ba83f13}",
        "LeftLane": {
          "Dir": "Forward",
          "Id": "{2827b3ea-c915-3548-8b31-80f2c4c906f4}"
        },
        "RightLane": {
          "Dir": "Forward",
          "Id": "{8b136197-12dd-3622-87dc-24907bb58c99}"
        },
        "Type": "LaneBoundary"
      },
      "type": "Feature"
    },
    {
      "geometry": {
        "coordinates": [
          [
            3.190485771299173e-05,
            2.0502310216185274e-05,
            0
          ],
          [
            3.190053414199144e-05,
            1.8778635568604333e-05,
            0
          ]
        ],
        "type": "LineString"
      },
      "properties": {
        "Id": "{ac3d5595-9121-3938-97d7-e6c5def3a612}",
        "LeftLane": {
          "Dir": "Forward",
          "Id": "{8b136197-12dd-3622-87dc-24907bb58c99}"
        },
        "Type": "LaneBoundary"
      },
      "type": "Feature"
    },
    {
      "geometry": {
        "coordinates": [
          [
            3.80988898393314e-05,
            1.876287768054233e-05,
            0
          ],
          [
            3.80988212727628e-05,
            1.8735542296885402e-05,
            0
          ]
        ],
        "type": "LineString"
      },
      "properties": {
        "Id": "{c6735d72-20b5-3f51-a085-5ac16fa41673}",
        "RightLane": {
          "Dir": "Forward",
          "Id": "{b624d53f-88ef-3e22-81a1-23351da1f4af}"
        },
        "Type": "LaneBoundary"
      },
      "type": "Feature"
    },
    {
      "geometry": {
        "coordinates": [
          [
            3.585310878957156e-05,
            1.8768587060274966e-05,
            0
          ],
          [
            3.58530402229923e-05,
            1.8741251676618035e-05,
            0
          ]
        ],
        "type": "LineString"
      },
      "properties": {
        "Id": "{ff4083d2-f5fe-3d99-9eb5-45ae66766fd4}",
        "LeftLane": {
          "Dir": "Forward",
          "Id": "{b624d53f-88ef-3e22-81a1-23351da1f4af}"
        },
        "RightLane": {
          "Dir": "Forward",
          "Id": "{607562fd-74b5-35cf-aa7d-8a239f20bbc1}"
        },
        "Type": "LaneBoundary"
      },
      "type": "Feature"
    },
    {
      "geometry": {
        "coordinates": [
          [
            3.3607327739809005e-05,
            1.8774296440007568e-05,
            0
          ],
          [
            3.3607259173229744e-05,
            1.8746961056350644e-05,
            0
          ]
        ],
        "type": "LineString"
      },
      "properties": {
        "Id": "{f1477719-b0c3-344a-9f60-0a044efc0366}",
        "LeftLane": {
          "Dir": "Forward",
          "Id": "{607562fd-74b5-35cf-aa7d-8a239f20bbc1}"
        },
        "Type": "LaneBoundary"
      },
      "type": "Feature"
    },
    {
      "geometry": {
        "coordinates": [
          [
            3.3517496497815935e-05,
            1.8774524815196875e-05,
            0
          ],
          [
            3.351742793124735e-05,
            1.8747189431539948e-05,
            0
          ]
        ],
        "type": "LineString"
      },
      "properties": {
        "Id": "{7d58b083-67ba-3bc9-bb25-41508764e49e}",
        "RightLane": {
          "Dir": "Forward",
          "Id": "{f51b1982-3085-31f5-a159-a94f9e7b3da3}"
        },
        "Type": "LaneBoundary"
      },
      "type": "Feature"
    },
    {
      "geometry": {
        "coordinates": [
          [
            3.190053414199144e-05,
            1.8778635568604333e-05,
            0
          ],
          [
            3.190046557541219e-05,
            1.8751300184947402e-05,
            0
          ]
        ],
        "type": "LineString"
      },
      "properties": {
        "Id": "{0e23c34e-a28a-3568-85a0-cf18fee00ab6}",
        "LeftLane": {
          "Dir": "Forward",
          "Id": "{f51b1982-3085-31f5-a159-a94f9e7b3da3}"
        },
        "Type": "LaneBoundary"
      },
      "type": "Feature"
    },
    {
      "geometry": {
        "coordinates": [
          [
            3.80988212727628e-05,
            1.8735542296885402e-05,
            0
          ],
          [
            3.8098329264161604e-05,
            1.8539393615950255e-05,
            0
          ]
        ],
        "type": "LineString"
      },
      "properties": {
        "Id": "{14f8b4a6-2886-311d-9616-61c3a99294b5}",
        "RightLane": {
          "Dir": "Forward",
          "Id": "{2fe6aa94-1510-3275-b95b-4b9552801f3b}"
        },
        "Type": "LaneBoundary"
      },
      "type": "Feature"
    },
    {
      "geometry": {
        "coordinates": [
          [
            3.58530402229923e-05,
            1.8741251676618035e-05,
            0
          ],
          [
            3.585254821440175e-05,
            1.8545102995682888e-05,
            0
          ]
        ],
        "type": "LineString"
      },
      "properties": {
        "Id": "{8c6e948e-4038-3e6f-b510-01d396bef3bb}",
        "LeftLane": {
          "Dir": "Forward",
          "Id": "{2fe6aa94-1510-3275-b95b-4b9552801f3b}"
        },
        "RightLane": {
          "Dir": "Forward",
          "Id": "{e0dbe6c2-0cd9-3ca7-a376-e74c2efc04f9}"
        },
        "Type": "LaneBoundary"
      },
      "type": "Feature"
    },
    {
      "geometry": {
        "coordinates": [
          [
            3.3607259173229744e-05,
            1.8746961056350644e-05,
            0
          ],
          [
            3.36067671646392e-05,
            1.8550812375415493e-05,
            0
          ]
        ],
        "type": "LineString"
      },
      "properties": {
        "Id": "{d01e85b9-178a-3dad-ad92-46920dd56ccb}",
        "LeftLane": {
          "Dir": "Forward",
          "Id": "{e0dbe6c2-0cd9-3ca7-a376-e74c2efc04f9}"
        },
        "Type": "LaneBoundary"
      },
      "type": "Feature"
    },
    {
      "geometry": {
        "coordinates": [
          [
            2.853584621109766e-05,
            4.69367758589089e-05,
            0
          ],
          [
            2.9293660601124793e-05,
            4.68790862856238e-05,
            0
          ],
          [
            3.0034241176713767e-05,
            4.670732951156258e-05,
            0
          ],
          [
            3.106437482631677e-05,
            4.6251953907767956e-05,
            0
          ],
          [
            3.1968487990168886e-05,
            4.5577848349732966e-05,
            0
          ],
          [
            3.210384181412612e-05,
            4.544624583852028e-05,
            0
          ],
          [
            3.2112126402703104e-05,
            4.543786481827121e-05,
            0
          ],
          [
            3.2910302656017254e-05,
            4.438236237175648e-05,
            0
          ],
          [
            3.340941316209561e-05,
            4.315463822919475e-05,
            0
          ],
          [
            3.35753788867659e-05,
            4.185045124453595e-05,
            0
          ]
        ],
        "type": "LineString"
      },
      "properties": {
        "Id": "{1c37e02c-5304-3de2-a954-1f6629fbd2cb}",
        "RightLane": {
          "Dir": "Forward",
          "Id": "{879abafb-ba8c-3f89-ab51-9ed730a23045}"
        },
        "Type": "LaneBoundary"
      },
      "type": "Feature"
    },
    {
      "geometry": {
        "coordinates": [
          [
            2.853584621109701e-05,
            4.530891080021842e-05,
            0
          ],
          [
            2.9553472738544646e-05,
            4.515308360175329e-05,
            0
          ],
          [
            3.0253082222500865e-05,
            4.4843817817358014e-05,
            0
          ],
          [
            3.0867105601158536e-05,
            4.438600281270326e-05,
            0
          ],
          [
            3.095903039069534e-05,
            4.429662570615775e-05,
            0
          ],
          [
            3.0964656822506375e-05,
            4.429093378331479e-05,
            0
          ],
          [
            3.150673374320761e-05,
            4.357409522338233e-05,
            0
          ],
          [
            3.1845701840922995e-05,
            4.274029326559978e-05,
            0
          ],
          [
            3.195841653093573e-05,
            4.1854561997943784e-05,
            0
          ]
        ],
        "type": "LineString"
      },
      "properties": {
        "Id": "{8704ba82-19f2-3172-963f-71326bd25ae0}",
        "LeftLane": {
          "Dir": "Forward",
          "Id": "{879abafb-ba8c-3f89-ab51-9ed730a23045}"
        },
        "Type": "LaneBoundary"
      },
      "type": "Feature"
    },
    {
      "geometry": {
        "coordinates": [
          [
            3.989530989260706e-05,
            1.6949713961910192e-05,
            0
          ],
          [
            3.989528041109416e-05,
            1.6949713962969427e-05,
            0
          ],
          [
            3.945010201917787e-05,
            1.7006141471595932e-05,
            0
          ],
          [
            3.903269897583153e-05,
            1.717187194105701e-05,
            0
          ],
          [
            3.862735075734443e-05,
            1.747712400904655e-05,
            0
          ],
          [
            3.862342967609105e-05,
            1.7481069441612638e-05,
            0
          ],
          [
            3.8334062014313006e-05,
            1.786366009418629e-05,
            0
          ],
          [
            3.81550712969395e-05,
            1.830949720780836e-05,
            0
          ],
          [
            3.8098889764886376e-05,
            1.876284800042737e-05,
            0
          ],
          [
            3.80988898393314e-05,
            1.876287768054233e-05,
            0
          ]
        ],
        "type": "LineString"
      },
      "properties": {
        "Id": "{ba26704f-f7bf-3a70-ae4f-9c56b21c2625}",
        "RightLane": {
          "Dir": "Forward",
          "Id": "{81f21d51-bbf3-30bf-9a79-33290c505d52}"
        },
        "Type": "LaneBoundary"
      },
      "type": "Feature"
    },
    {
      "geometry": {
        "coordinates": [
          [
            3.989531309856377e-05,
            1.7040150909557616e-05,
            0
          ],
          [
            3.989528361704021e-05,
            1.7040150910616854e-05,
            0
          ],
          [
            3.9472366243753414e-05,
            1.709375677745325e-05,
            0
          ],
          [
            3.907583532286164e-05,
            1.7251199941131683e-05,
            0
          ],
          [
            3.869075642869758e-05,
            1.754118796481821e-05,
            0
          ],
          [
            3.868703142002238e-05,
            1.7544936107132087e-05,
            0
          ],
          [
            3.841213352186505e-05,
            1.7908395401797698e-05,
            0
          ],
          [
            3.824209319428675e-05,
            1.8331938532720458e-05,
            0
          ],
          [
            3.818872100688213e-05,
            1.876261962525023e-05,
            0
          ],
          [
            3.818872108132715e-05,
            1.876264930536519e-05,
            0
          ]
        ],
        "type": "LineString"
      },
      "properties": {
        "Id": "{9aa16d71-7136-340c-b3f9-582a1a834e4b}",
        "LeftLane": {
          "Dir": "Forward",
          "Id": "{81f21d51-bbf3-30bf-9a79-33290c505d52}"
        },
        "RightLane": {
          "Dir": "Forward",
          "Id": "{dab8936d-e654-3f91-a235-29ef06fdd9bd}"
        },
        "Type": "LaneBoundary"
      },
      "type": "Feature"
    },
    {
      "geometry": {
        "coordinates": [
          [
            3.9895370805624544e-05,
            1.8668015967211218e-05,
            0
          ],
          [
            3.989534132410099e-05,
            1.866801596827046e-05,
            0
          ],
          [
            3.985228956953427e-05,
            1.86791039424758e-05,
            0
          ],
          [
            3.983205851311006e-05,
            1.8694339168708195e-05,
            0
          ],
          [
            3.9831862810716935e-05,
            1.8694536086482166e-05,
            0
          ],
          [
            3.980848734656146e-05,
            1.8735882381138218e-05,
            0
          ],
          [
            3.980568336270707e-05,
            1.8758508872061756e-05,
            0
          ],
          [
            3.9805683437152096e-05,
            1.8758538552176713e-05,
            0
          ]
        ],
        "type": "LineString"
      },
      "properties": {
        "Id": "{353edf11-3e66-36c2-9e67-66aaf3a263b6}",
        "LeftLane": {
          "Dir": "Forward",
          "Id": "{dab8936d-e654-3f91-a235-29ef06fdd9bd}"
        },
        "Type": "LaneBoundary"
      },
      "type": "Feature"
    },
    {
      "geometry": {
        "coordinates": [
          [
            1.036132440926e-05,
            2.803545378856136e-05,
            0
          ],
          [
            8.364125481994204e-06,
            2.803545378856152e-05,
            0
          ],
          [
            6.936093648695991e-06,
            2.803545378856161e-05,
            0
          ],
          [
            6.061076630954493e-06,
            2.79341687183648e-05,
            0
          ],
          [
            5.231867243770362e-06,
            2.7635200053016998e-05,
            0
          ],
          [
            4.95599665238876e-06,
            2.7483667773899993e-05,
            0
          ],
          [
            4.808732866215079e-06,
            2.738496390042895e-05,
            0
          ],
          [
            4.48748912631544e-06,
            2.70827577112851e-05,
            0
          ],
          [
            4.2446840643618855e-06,
            2.6713745262976504e-05,
            0
          ],
          [
            4.093576797841298e-06,
            2.6298077615652927e-05,
            0
          ],
          [
            4.0424187785377005e-06,
            2.585845422105433e-05,
            0
          ],
          [
            4.04241877853766e-06,
            2.441816556451425e-05,
            0
          ],
          [
            4.042418778537609e-06,
            2.2410139128932734e-05,
            0
          ]
        ],
        "type": "LineString"
      },
      "properties": {
        "Id": "{14523af4-8971-3688-b1b8-39ad02d342a5}",
        "RightLane": {
          "Dir": "Forward",
          "Id": "{e33820e6-6026-33e3-b139-9fc2201d57ef}"
        },
        "Type": "LaneBoundary"
      },
      "type": "Feature"
    },
    {
      "geometry": {
        "coordinates": [
          [
            1.0361324409260207e-05,
            3.029637748118727e-05,
            0
          ],
          [
            8.36412548199437e-06,
            3.0296377481187448e-05,
            0
          ],
          [
            6.936093648696129e-06,
            3.0296377481187556e-05,
            0
          ],
          [
            5.550862963662789e-06,
            3.0135971913315235e-05,
            0
          ],
          [
            4.2376407644164395e-06,
            2.9662494050803457e-05,
            0
          ],
          [
            3.800690512960239e-06,
            2.9422479831783905e-05,
            0
          ],
          [
            3.477646945868419e-06,
            2.9205959177251926e-05,
            0
          ],
          [
            2.7729541878205156e-06,
            2.8543027930726553e-05,
            0
          ],
          [
            2.2403275634621747e-06,
            2.773354787661637e-05,
            0
          ],
          [
            1.9088527884415205e-06,
            2.6821723163955313e-05,
            0
          ],
          [
            1.7966305682377785e-06,
            2.5858454221054373e-05,
            0
          ],
          [
            1.7966305682377628e-06,
            2.4418165564514287e-05,
            0
          ],
          [
            1.7966305682377425e-06,
            2.241013912893277e-05,
            0
          ]
        ],
        "type": "LineString"
      },
      "properties": {
        "Id": "{342671e1-ebc6-3971-9b56-e49a8c1206d9}",
        "LeftLane": {
          "Dir": "Forward",
          "Id": "{e33820e6-6026-33e3-b139-9fc2201d57ef}"
        },
        "Type": "LaneBoundary"
      },
      "type": "Feature"
    },
    {
      "geometry": {
        "coordinates": [
          [
            5.92888089273357e-05,
            2.8035453166286795e-05,
            0
          ],
          [
            6.18478602097303e-05,
            2.8035453099196897e-05,
            0
          ],
          [
            6.276032415399077e-05,
            2.796562584197343e-05,
            0
          ],
          [
            6.402851876337325e-05,
            2.7624720031256432e-05,
            0
          ],
          [
            6.526930284899396e-05,
            2.6963714687167966e-05,
            0
          ],
          [
            6.535194701153719e-05,
            2.6905343579746346e-05,
            0
          ],
          [
            6.601004133304856e-05,
            2.6301671242920125e-05,
            0
          ],
          [
            6.650842405623305e-05,
            2.5558959020504887e-05,
            0
          ],
          [
            6.681906373728545e-05,
            2.471898046523451e-05,
            0
          ],
          [
            6.692448866689009e-05,
            2.3828980088589875e-05,
            0
          ],
          [
            6.692448866688986e-05,
            2.3357954469251038e-05,
            0
          ],
          [
            6.692448866688891e-05,
            2.1252682088409462e-05,
            0
          ]
        ],
        "type": "LineString"
      },
      "properties": {
        "Id": "{e8a2d471-790b-32e6-a50a-ca471b030b9b}",
        "RightLane": {
          "Dir": "Forward",
          "Id": "{7aa0615d-0a7d-3265-ac8e-33a1d5abffa5}"
        },
        "Type": "LaneBoundary"
      },
      "type": "Feature"
    },
    {
      "geometry": {
        "coordinates": [
          [
            5.928880886885053e-05,
            2.5774529473662062e-05,
            0
          ],
          [
            6.184786015124509e-05,
            2.5774529406572286e-05,
            0
          ],
          [
            6.242063400716732e-05,
            2.5730715111311244e-05,
            0
          ],
          [
            6.321638419507697e-05,
            2.5516807986231443e-05,
            0
          ],
          [
            6.399493518557514e-05,
            2.5102048987201825e-05,
            0
          ],
          [
            6.404679166515492e-05,
            2.5065423047180374e-05,
            0
          ],
          [
            6.451153867024729e-05,
            2.4524408198153784e-05,
            0
          ],
          [
            6.467870045659436e-05,
            2.3828980088590953e-05,
            0
          ],
          [
            6.467870045659413e-05,
            2.3357954469252095e-05,
            0
          ],
          [
            6.46787004565932e-05,
            2.1252682088410427e-05,
            0
          ]
        ],
        "type": "LineString"
      },
      "properties": {
        "Id": "{f330843d-2dfd-3d0c-94f0-3607d9d2d3fa}",
        "LeftLane": {
          "Dir": "Forward",
          "Id": "{7aa0615d-0a7d-3265-ac8e-33a1d5abffa5}"
        },
        "Type": "LaneBoundary"
      },
      "type": "Feature"
    },
    {
      "geometry": {
        "coordinates": [
          [
            3.58530402229923e-05,
            1.8741251676618035e-05,
            0
          ],
          [
            3.584846676067733e-05,
            1.691795305714466e-05,
            0
          ],
          [
            3.584250780249544e-05,
            1.4542299886340804e-05,
            0
          ],
          [
            3.585282679194999e-05,
            1.4415220322998691e-05,
            0
          ],
          [
            3.607415162441717e-05,
            1.4003240330082347e-05,
            0
          ],
          [
            3.608894656591599e-05,
            1.3832199033210932e-05,
            0
          ],
          [
            3.598849453199824e-05,
            1.378413074579057e-05,
            0
          ],
          [
            3.361574076502141e-05,
            1.3780443622617699e-05,
            0
          ],
          [
            3.181764379064261e-05,
            1.3777649483118871e-05,
            0
          ]
        ],
        "type": "LineString"
      },
      "properties": {
        "Id": "{7057a491-60f0-31c8-9ba5-e91ea4d67d02}",
        "RightLane": {
          "Dir": "Forward",
          "Id": "{c1384ad2-0c45-32d8-b136-73a8fd5fcdf2}"
        },
        "Type": "LaneBoundary"
      },
      "type": "Feature"
    },
    {
      "geometry": {
        "coordinates": [
          [
            3.3607259173229744e-05,
            1.8746961056350644e-05,
            0
          ],
          [
            3.3602614428207566e-05,
            1.8641547845511642e-05,
            0.0
          ],
          [
            3.359442505997366e-05,
            1.853615303916097e-05,
            0.0
          ],
          [
            3.35827138487336e-05,
            1.8431000001763638e-05,
            0.0
          ],
          [
            3.356750357469293e-05,
            1.83263120977847e-05,
            0.0
          ],
          [
            3.354881701805722e-05,
            1.8222312691689174e-05,
            0.0
          ],
          [
            3.352667695903202e-05,
            1.8119225147942096e-05,
            0.0
          ],
          [
            3.3501106177822905e-05,
            1.8017272831008495e-05,
            0.0
          ],
          [
            3.3472127454635415e-05,
            1.79166791053534e-05,
            0.0
          ],
          [
            3.3439763569675116e-05,
            1.7817667335441846e-05,
            0.0
          ],
          [
            3.340403730314757e-05,
            1.7720460885738858e-05,
            0.0
          ],
          [
            3.336497143525834e-05,
            1.7625283120709475e-05,
            0.0
          ],
          [
            3.332258874621297e-05,
            1.7532357404818724e-05,
            0.0
          ],
          [
            3.327691201621703e-05,
            1.7441907102531633e-05,
            0.0
          ],
          [
            3.322796402547608e-05,
            1.7354155578313233e-05,
            0.0
          ],
          [
            3.317576755419566e-05,
            1.7269326196628563e-05,
            0.0
          ],
          [
            3.312034538258134e-05,
            1.7187642321942644e-05,
            0.0
          ],
          [
            3.30617202908387e-05,
            1.7109327318720517e-05,
            0.0
          ],
          [
            3.299991505917327e-05,
            1.7034604551427202e-05,
            0.0
          ],
          [
            3.293495246779062e-05,
            1.6963697384527733e-05,
            0.0
          ],
          [
            3.2866855296896316e-05,
            1.689682918248715e-05,
            0.0
          ],
          [
            3.27956463266959e-05,
            1.683422330977047e-05,
            0.0
          ],
          [
            3.272134833739494e-05,
            1.6776103130842733e-05,
            0.0
          ],
          [
            3.2643984109199e-05,
            1.6722692010168976e-05,
            0.0
          ],
          [
            3.256357642231363e-05,
            1.6674213312214212e-05,
            0.0
          ],
          [
            3.248014805694439e-05,
            1.6630890401443486e-05,
            0.0
          ],
          [
            3.239372179329684e-05,
            1.659294664232182e-05,
            0.0
          ],
          [
            3.230432041157654e-05,
            1.6560605399314254e-05,
            0.0
          ],
          [
            3.221196669198905e-05,
            1.6534090036885816e-05,
            0.0
          ],
          [
            3.211668341473993e-05,
            1.651362391950153e-05,
            0.0
          ],
          [
            3.201849336003473e-05,
            1.6499430411626437e-05,
            0.0
          ],
          [
            3.191741930807901e-05,
            1.649173287772556e-05,
            0.0
          ],
          [
            3.1813484039078345e-05,
            1.649075468226393e-05,
            0
          ]
        ],
        "type": "LineString"
      },
      "properties": {
        "Id": "{1b2946ed-52e4-3cf7-9ede-d424cd5f4433}",
        "LeftLane": {
          "Dir": "Forward",
          "Id": "{c1384ad2-0c45-32d8-b136-73a8fd5fcdf2}"
        },
        "Type": "LaneBoundary"
      },
      "type": "Feature"
    },
    {
      "geometry": {
        "coordinates": [
          [
            1.232222027192415e-05,
            2.8035453788561166e-05,
            0
          ],
          [
            1.0918700587565333e-05,
            2.817871552923845e-05,
            0
          ],
          [
            9.572305875192575e-06,
            2.8602669822773315e-05,
            0
          ],
          [
            8.33783605040348e-06,
            2.9290061209614812e-05,
            0
          ],
          [
            7.265535548611345e-06,
            3.0212912017518044e-05,
            0
          ],
          [
            6.61523717471204e-06,
            3.1007341448315344e-05,
            0
          ],
          [
            6.086976631409617e-06,
            3.188875627343809e-05,
            0
          ],
          [
            5.692050214797645e-06,
            3.2838308363971625e-05,
            0
          ],
          [
            5.438902990406348e-06,
            3.383569219941857e-05,
            0
          ],
          [
            5.30219809838313e-06,
            3.460448600407039e-05,
            0
          ],
          [
            5.1822997934214894e-06,
            3.5278763805509336e-05,
            0
          ],
          [
            5.095927270337119e-06,
            3.576450107253785e-05,
            0
          ],
          [
            4.7529515452429375e-06,
            3.769330999302934e-05,
            0
          ],
          [
            4.597052859110575e-06,
            3.957299876300118e-05,
            0
          ],
          [
            4.792142069610954e-06,
            4.144897542557375e-05,
            0
          ],
          [
            5.331372017052251e-06,
            4.325539773480761e-05,
            0
          ],
          [
            6.195817033789805e-06,
            4.492886463442742e-05,
            0
          ],
          [
            7.1285528848992496e-06,
            4.616294319258885e-05,
            0
          ],
          [
            8.238464569114114e-06,
            4.723818619682929e-05,
            0
          ]
        ],
        "type": "LineString"
      },
      "properties": {
        "Id": "{28371567-5703-317e-aa2d-0821135257d8}",
        "RightLane": {
          "Dir": "Forward",
          "Id": "{d363f06e-4ae5-305d-8270-a8b39b66cfd1}"
        },
        "Type": "LaneBoundary"
      },
      "type": "Feature"
    },
    {
      "geometry": {
        "coordinates": [
          [
            1.2322220271924393e-05,
            3.0296377481187065e-05,
            0
          ],
          [
            1.1369467142536217e-05,
            3.039362803867678e-05,
            0
          ],
          [
            1.0455492233671774e-05,
            3.068142149421838e-05,
            0
          ],
          [
            9.617495444729923e-06,
            3.1148044301312036e-05,
            0
          ],
          [
            8.889584272488612e-06,
            3.177450433958968e-05,
            0
          ],
          [
            8.44814136456869e-06,
            3.231378792406951e-05,
            0
          ],
          [
            8.08954155912462e-06,
            3.291211991918304e-05,
            0
          ],
          [
            7.821453135782432e-06,
            3.355670562457327e-05,
            0
          ],
          [
            7.649548641897829e-06,
            3.42340997222202e-05,
            0
          ],
          [
            7.512843749869302e-06,
            3.500289352687203e-05,
            0
          ],
          [
            7.392945444913006e-06,
            3.567717132831097e-05,
            0
          ],
          [
            7.3065729218179916e-06,
            3.616290859533947e-05,
            0
          ],
          [
            6.9636074327462585e-06,
            3.8091659946708784e-05,
            0
          ],
          [
            6.842717153968863e-06,
            3.954924823734123e-05,
            0
          ],
          [
            6.993997383647608e-06,
            4.1003958006611425e-05,
            0
          ],
          [
            7.412138551440604e-06,
            4.240473245817977e-05,
            0
          ],
          [
            8.082464913128008e-06,
            4.3702407794976785e-05,
            0
          ],
          [
            8.8057468077431e-06,
            4.465936326804886e-05,
            0
          ],
          [
            9.666418159503435e-06,
            4.5493151093779584e-05,
            0
          ]
        ],
        "type": "LineString"
      },
      "properties": {
        "Id": "{eba9d515-638f-390b-b362-a16d55102c5b}",
        "LeftLane": {
          "Dir": "Forward",
          "Id": "{d363f06e-4ae5-305d-8270-a8b39b66cfd1}"
        },
        "Type": "LaneBoundary"
      },
      "type": "Feature"
    },
    {
      "geometry": {
        "coordinates": [
          [
            4.372483486165506e-05,
            2.8035453574321695e-05,
            0
          ],
          [
            4.265970694471775e-05,
            2.8035453602245675e-05,
            0
          ],
          [
            4.167727379808507e-05,
            2.8119201045098114e-05,
            0
          ],
          [
            4.072284712265459e-05,
            2.8368182983117818e-05,
            0
          ],
          [
            3.9717997915668176e-05,
            2.883585389927945e-05,
            0
          ],
          [
            3.880150170813814e-05,
            2.9501426618708823e-05,
            0
          ],
          [
            3.811709137209261e-05,
            3.0220385563448155e-05,
            0
          ],
          [
            3.756306097449621e-05,
            3.1045342258454466e-05,
            0
          ],
          [
            3.7286638395102185e-05,
            3.1350859001693476e-05,
            0
          ],
          [
            3.690394489395199e-05,
            3.1500355281592245e-05,
            0
          ],
          [
            3.6495176741946865e-05,
            3.146250099607972e-05,
            0
          ],
          [
            3.614599488509311e-05,
            3.1245228842191334e-05,
            0
          ],
          [
            3.595157330060237e-05,
            3.095303894986183e-05,
            0
          ],
          [
            3.5882806702353795e-05,
            3.060823056727091e-05,
            0
          ],
          [
            3.588011699647259e-05,
            2.953592764317956e-05,
            0
          ]
        ],
        "type": "LineString"
      },
      "properties": {
        "Id": "{20e47267-1f8a-3532-bd36-34e8ed25aa85}",
        "RightLane": {
          "Dir": "Forward",
          "Id": "{97d85369-9c81-32c9-b684-1fb5b9835940}"
        },
        "Type": "LaneBoundary"
      },
      "type": "Feature"
    },
    {
      "geometry": {
        "coordinates": [
          [
            4.3724834920140014e-05,
            3.0296377266946974e-05,
            0
          ],
          [
            4.2659707003202686e-05,
            3.029637729487099e-05,
            0
          ],
          [
            4.205503049566303e-05,
            3.034791051152441e-05,
            0
          ],
          [
            4.1467732842549714e-05,
            3.0501119251000935e-05,
            0
          ],
          [
            4.084940814963496e-05,
            3.078889623645151e-05,
            0
          ],
          [
            4.0285450660150444e-05,
            3.1198450271514344e-05,
            0
          ],
          [
            3.9864305071426e-05,
            3.164085502799977e-05,
            0
          ],
          [
            3.952338757548264e-05,
            3.214848452261243e-05,
            0
          ],
          [
            3.910273337467166e-05,
            3.2736719142360936e-05,
            0
          ],
          [
            3.855670268848179e-05,
            3.3215502908196864e-05,
            0
          ],
          [
            3.7916313392658166e-05,
            3.3555754154532565e-05,
            0
          ],
          [
            3.7215566601032404e-05,
            3.3739407430499966e-05,
            0
          ],
          [
            3.649166807514854e-05,
            3.375671176745613e-05,
            0
          ],
          [
            3.5783052805012586e-05,
            3.3606748401245276e-05,
            0
          ],
          [
            3.512734432465297e-05,
            3.329747955347119e-05,
            0
          ],
          [
            3.455935711150203e-05,
            3.284532568176526e-05,
            0
          ],
          [
            3.416867623479012e-05,
            3.2367066790543504e-05,
            0
          ],
          [
            3.38780134190975e-05,
            3.1821356349107936e-05,
            0
          ],
          [
            3.3698503589000485e-05,
            3.1229099833818514e-05,
            0
          ],
          [
            3.36370256525857e-05,
            3.0613939947003796e-05,
            0
          ],
          [
            3.363433594671784e-05,
            2.954163702291242e-05,
            0
          ]
        ],
        "type": "LineString"
      },
      "properties": {
        "Id": "{c4443fb1-def7-3424-9eb0-b4d9c8baf222}",
        "LeftLane": {
          "Dir": "Forward",
          "Id": "{97d85369-9c81-32c9-b684-1fb5b9835940}"
        },
        "Type": "LaneBoundary"
      },
      "type": "Feature"
    },
    {
      "geometry": {
        "coordinates": [
          [
            [
              [
                3.7279755318074884e-05,
                1.1070577534007931e-05,
                0
              ],
              [
                3.842183950802859e-05,
                1.107112951733118e-05,
                0
              ],
              [
                3.989508973290282e-05,
                1.1071129517330982e-05,
                0
              ],
              [
                3.9895089732903233e-05,
                1.3784679535140181e-05,
                0
              ],
              [
                3.989508973290372e-05,
                1.6497677569625984e-05,
                0
              ],
              [
                3.9895089732903816e-05,
                1.6949751911486392e-05,
                0
              ],
              [
                3.9449879765427387e-05,
                1.7006054210472756e-05,
                0
              ],
              [
                3.9032632492962324e-05,
                1.717164920749131e-05,
                0
              ],
              [
                3.862744755950762e-05,
                1.7476895985328757e-05,
                0
              ],
              [
                3.8623609542554275e-05,
                1.7481311851915918e-05,
                0
              ],
              [
                3.8334113406069e-05,
                1.786383629502863e-05,
                0
              ],
              [
                3.8154823185175604e-05,
                1.830928683700834e-05,
                0
              ],
              [
                3.809889779517701e-05,
                1.876301712883895e-05,
                0
              ],
              [
                3.5853109584874985e-05,
                1.876853696207338e-05,
                0
              ],
              [
                3.3607321374570265e-05,
                1.8774056795307772e-05,
                0
              ],
              [
                3.360732137457026e-05,
                1.8747009612461423e-05,
                0
              ],
              [
                3.355029940830021e-05,
                1.829879915386476e-05,
                0
              ],
              [
                3.338416810270689e-05,
                1.787929182808466e-05,
                0
              ],
              [
                3.308041647464463e-05,
                1.747192813541927e-05,
                0
              ],
              [
                3.307986818651301e-05,
                1.747192813541927e-05,
                0
              ],
              [
                3.3071095576316395e-05,
                1.746309640224495e-05,
                0
              ],
              [
                3.2697711354823606e-05,
                1.7178824990696638e-05,
                0
              ],
              [
                3.226456372637874e-05,
                1.700163834388694e-05,
                0
              ],
              [
                3.1812774301256135e-05,
                1.6943128111607152e-05,
                0
              ],
              [
                3.181332258939835e-05,
                1.649050178642332e-05,
                0
              ],
              [
                3.181770889449094e-05,
                1.3777503751937275e-05,
                0
              ],
              [
                3.182154691145195e-05,
                1.1064505717451227e-05,
                0
              ],
              [
                3.33337255940714e-05,
                1.106671365074464e-05,
                0
              ],
              [
                3.727482072483696e-05,
                1.1070577534007931e-05,
                0
              ],
              [
                3.7279755318074884e-05,
                1.1070577534007931e-05,
                0
              ]
            ]
          ]
        ],
        "type": "MultiPolygon"
      },
      "properties": {
        "Crosswalks": [],
        "Gates": [
          {
            "Id": "{06edd751-23aa-46f1-a086-bef689f232d6}"
          },
          {
            "Id": "{da015693-a990-4a6e-b52c-c8ae9f74d760}"
          },
          {
            "Id": "{266789a9-b20d-48d5-9d91-1012bd9c04e7}"
          },
          {
            "Id": "{1a4232b1-40e4-42a4-8b8c-28a2978ad385}"
          },
          {
            "Id": "{ebc25043-2b0d-4e8c-9379-1e22d02d32f3}"
          },
          {
            "Id": "{61a0206d-227b-4ccd-b757-2bb16ab7a4c2}"
          }
        ],
        "Id": "{8e9573a5-fa2c-4d31-ba97-f2bc3996a37d}",
        "Lanes": [
          {
            "Id": "{251646c6-ab00-3c9c-86e8-4a18ec32fba7}"
          },
          {
            "Id": "{70d6262f-cf98-39bb-b6c6-cd47fcd6e62d}"
          },
          {
            "Id": "{2e170bab-3bb3-3210-af10-ae84ee40c25c}"
          },
          {
            "Id": "{a30a4456-8c80-34b5-bde4-f43494272aaf}"
          },
          {
            "Id": "{45692e26-a4ea-3c9f-8525-e6f36f09e683}"
          },
          {
            "Id": "{4852a463-e14c-39dc-bbae-39218fbeae03}"
          },
          {
            "Id": "{9d564438-ca4a-388f-9b5a-077d63bb940b}"
          },
          {
            "Id": "{a4b5ede2-e8ca-3587-a649-fe65ed2be61a}"
          },
          {
            "Id": "{a5d0cef0-5b48-3c56-9fe2-497a5eb17158}"
          },
          {
            "Id": "{c6cd91c4-b372-3f38-9271-da4835fdfbb9}"
          },
          {
            "Id": "{a902bcc4-cd8c-39b3-a497-b72c70289c47}"
          },
          {
            "Id": "{6789762e-ebe9-33e6-8167-d529a7b5a473}"
          },
          {
            "Id": "{a3bfca82-750c-358f-a988-00ee20f634d4}"
          },
          {
            "Id": "{b624d53f-88ef-3e22-81a1-23351da1f4af}"
          },
          {
            "Id": "{607562fd-74b5-35cf-aa7d-8a239f20bbc1}"
          },
          {
            "Id": "{f51b1982-3085-31f5-a159-a94f9e7b3da3}"
          },
          {
            "Id": "{2fe6aa94-1510-3275-b95b-4b9552801f3b}"
          },
          {
            "Id": "{e0dbe6c2-0cd9-3ca7-a376-e74c2efc04f9}"
          },
          {
            "Id": "{81f21d51-bbf3-30bf-9a79-33290c505d52}"
          },
          {
            "Id": "{dab8936d-e654-3f91-a235-29ef06fdd9bd}"
          },
          {
            "Id": "{c1384ad2-0c45-32d8-b136-73a8fd5fcdf2}"
          }
        ],
        "Phases": [],
        "Type": "Junction"
      },
      "type": "Feature"
    },
    {
      "geometry": {
        "coordinates": [
          [
            [
              [
                7.096712676067871e-05,
                2.4149270398512966e-05,
                0
              ],
              [
                7.096712676067872e-05,
                2.415147833180654e-05,
                0
              ],
              [
                7.096712676067872e-05,
                2.4153134281776725e-05,
                0
              ],
              [
                7.096712676067978e-05,
                2.6140826229320618e-05,
                0
              ],
              [
                7.096712676068035e-05,
                2.7131084311490486e-05,
                0
              ],
              [
                7.096712676068593e-05,
                3.5451128945017014e-05,
                0
              ],
              [
                6.917038653482513e-05,
                3.545112894501838e-05,
                0
              ],
              [
                6.692459832453191e-05,
                3.5451128945020036e-05,
                0
              ],
              [
                6.467881011422794e-05,
                3.545112894502165e-05,
                0
              ],
              [
                6.37801658572316e-05,
                3.545112894502227e-05,
                0
              ],
              [
                6.369682606035792e-05,
                3.452379696171928e-05,
                0
              ],
              [
                6.344899982230726e-05,
                3.3626272077879737e-05,
                0
              ],
              [
                6.313154099082887e-05,
                3.293960482357698e-05,
                0
              ],
              [
                6.271703515903758e-05,
                3.2306479951643545e-05,
                0
              ],
              [
                6.22822426661764e-05,
                3.1808039010618416e-05,
                0
              ],
              [
                6.228059780176553e-05,
                3.180638306064824e-05,
                0
              ],
              [
                6.176465866458449e-05,
                3.135210078549471e-05,
                0
              ],
              [
                6.119334242554173e-05,
                3.097123229235272e-05,
                0
              ],
              [
                6.057651827110247e-05,
                3.067095336442636e-05,
                0
              ],
              [
                5.992515196401646e-05,
                3.0456231851626203e-05,
                0
              ],
              [
                5.866025123131044e-05,
                3.0296156687842432e-05,
                0
              ],
              [
                5.866025123130928e-05,
                2.8035232995217675e-05,
                0
              ],
              [
                5.8660251231308195e-05,
                2.5774309302592915e-05,
                0
              ],
              [
                5.928858943663132e-05,
                2.577430930259262e-05,
                0
              ],
              [
                6.020258576147033e-05,
                2.5679920154291696e-05,
                0
              ],
              [
                6.107765362857478e-05,
                2.5400616592653563e-05,
                0
              ],
              [
                6.193791771596535e-05,
                2.4904383584921338e-05,
                0
              ],
              [
                6.246482261588767e-05,
                2.445010130976726e-05,
                0
              ],
              [
                6.288919763414082e-05,
                2.3956628218652228e-05,
                0
              ],
              [
                6.33903329916154e-05,
                2.3095534234156315e-05,
                0
              ],
              [
                6.368202228064807e-05,
                2.2194697450376096e-05,
                0
              ],
              [
                6.378016585722383e-05,
                2.125246191734135e-05,
                0
              ],
              [
                6.467881011422007e-05,
                2.1252461917340978e-05,
                0
              ],
              [
                6.692459832452377e-05,
                2.1252461917340013e-05,
                0
              ],
              [
                6.91703865348167e-05,
                2.125246191733902e-05,
                0
              ],
              [
                7.09671267606773e-05,
                2.1252461917338197e-05,
                0
              ],
              [
                7.096712676067772e-05,
                2.2163786384262654e-05,
                0
              ],
              [
                7.096712676067821e-05,
                2.3155700416402714e-05,
                0
              ],
              [
                7.096712676067871e-05,
                2.4149270398512966e-05,
                0
              ]
            ]
          ]
        ],
        "type": "MultiPolygon"
      },
      "properties": {
        "Crosswalks": [],
        "Gates": [
          {
            "Id": "{cc2aa3e8-87a7-458e-9c1a-670635d45c5e}"
          },
          {
            "Id": "{4b14cc1e-ce81-4a91-8072-83513c33df81}"
          },
          {
            "Id": "{135c523c-45b9-4bb5-8dc4-611f46650a7f}"
          },
          {
            "Id": "{6717464a-665b-40bf-a28c-9570e42cbc9d}"
          },
          {
            "Id": "{cfefcb14-0633-4cfb-97bf-db5231e7f713}"
          },
          {
            "Id": "{e6d44530-5a8a-43b1-90e6-a1f9e4834415}"
          }
        ],
        "Id": "{a222e7d6-ae3f-4fe8-81c6-303b70c8dd5d}",
        "Lanes": [
          {
            "Id": "{cc7ad28e-31bb-3ba0-b764-26134a9c0cc5}"
          },
          {
            "Id": "{82bb4345-b8e5-3140-9bef-502824194b4c}"
          },
          {
            "Id": "{8255e25d-c32e-3396-9260-b0939027a091}"
          },
          {
            "Id": "{96e99a25-5ea9-3370-bf6a-ca739ed8ceff}"
          },
          {
            "Id": "{cd7239e3-c782-3548-b03b-c7a0eb4eb08e}"
          },
          {
            "Id": "{fe4fa9df-01f2-3827-8962-f9bbf086bfc1}"
          },
          {
            "Id": "{7fbba338-806a-3254-bab8-1d5c1b9bc361}"
          },
          {
            "Id": "{b86ebae7-5bd7-3cbd-8ad0-a2a5e199c473}"
          },
          {
            "Id": "{2d9b7396-75ec-358f-a5f1-ba34b6bca5a4}"
          },
          {
            "Id": "{efebe81d-afa6-342a-848b-e545cda75a02}"
          },
          {
            "Id": "{5792a6d9-dc0d-3e85-a96c-2bdf591270d7}"
          },
          {
            "Id": "{13685bcf-8ecd-3ebc-a571-06f1a5f5f2da}"
          },
          {
            "Id": "{235949ca-80d5-3947-899f-cbbfd4e1d015}"
          },
          {
            "Id": "{ce4ab9c1-c2bf-3d5c-808c-fc7e5b97ed75}"
          },
          {
            "Id": "{02ded283-f52b-3fc2-b4e2-2dddf2bdb289}"
          },
          {
            "Id": "{c8f7516e-8add-3a8f-8554-3588eca00744}"
          },
          {
            "Id": "{84c31fc3-f8c7-366c-a4f4-48e8186e65be}"
          },
          {
            "Id": "{02200d70-8145-380c-b8c7-a73c4f8ebaa6}"
          },
          {
            "Id": "{e823f108-1b63-3703-938e-d1b2c0c63b9a}"
          },
          {
            "Id": "{ba73e649-38b6-3560-abbc-17151e01b345}"
          },
          {
            "Id": "{7632f752-06f5-3494-804d-715cd858c96c}"
          },
          {
            "Id": "{f1a794ae-656d-3656-a0aa-51614ff70e98}"
          },
          {
            "Id": "{fd491c5a-8624-3c9f-a966-8a21c55d829e}"
          },
          {
            "Id": "{bfde17cd-2a65-3a42-b67c-6b3658f6f7f8}"
          },
          {
            "Id": "{8fd291c0-fd9a-3d8c-8829-25d6888838e5}"
          },
          {
            "Id": "{7aa0615d-0a7d-3265-ac8e-33a1d5abffa5}"
          }
        ],
        "Phases": [],
        "Type": "Junction"
      },
      "type": "Feature"
    },
    {
      "geometry": {
        "coordinates": [
          [
            [
              [
                3.8529852271088464e-05,
                4.3875498426688976e-05,
                0
              ],
              [
                3.919492578160716e-05,
                4.5043495138992174e-05,
                0
              ],
              [
                3.9635201155838076e-05,
                4.554855987989826e-05,
                0
              ],
              [
                3.966535700339194e-05,
                4.5578366979361555e-05,
                0
              ],
              [
                4.071313563373684e-05,
                4.637211899840278e-05,
                0
              ],
              [
                4.1928690434080414e-05,
                4.6866144072840465e-05,
                0
              ],
              [
                4.3187559997275194e-05,
                4.7027323203271e-05,
                0
              ],
              [
                4.3187559997275756e-05,
                4.7931471886991754e-05,
                0
              ],
              [
                4.31875599972772e-05,
                5.019239557961705e-05,
                0
              ],
              [
                4.318755999727872e-05,
                5.245331927224234e-05,
                0
              ],
              [
                4.318755999727998e-05,
                5.4262168623007244e-05,
                0
              ],
              [
                4.204657238360243e-05,
                5.426216862300806e-05,
                0
              ],
              [
                4.081676209168752e-05,
                5.4262168623008904e-05,
                0
              ],
              [
                3.962094566428245e-05,
                5.42621686230097e-05,
                0
              ],
              [
                3.9595724409966545e-05,
                5.4262168623009724e-05,
                0
              ],
              [
                3.719531894495443e-05,
                5.4262168623011255e-05,
                0
              ],
              [
                3.5932611364792823e-05,
                5.426216862301203e-05,
                0
              ],
              [
                3.460465749630159e-05,
                5.42621686230128e-05,
                0
              ],
              [
                3.22300215737369e-05,
                5.426216862301412e-05,
                0
              ],
              [
                3.220480031943163e-05,
                5.4262168623014135e-05,
                0
              ],
              [
                3.099089038348562e-05,
                5.426216862301477e-05,
                0
              ],
              [
                2.9779173600103403e-05,
                5.426216862301539e-05,
                0
              ],
              [
                2.8535656104748473e-05,
                5.426216862301599e-05,
                0
              ],
              [
                2.8535656104747643e-05,
                5.245331927225079e-05,
                0
              ],
              [
                2.853565610474664e-05,
                5.019239557962514e-05,
                0
              ],
              [
                2.8535656104745675e-05,
                4.793147188699948e-05,
                0
              ],
              [
                2.8535656104745312e-05,
                4.7027323203278576e-05,
                0
              ],
              [
                2.930709751390201e-05,
                4.696826098767499e-05,
                0
              ],
              [
                3.0060993702660105e-05,
                4.6793834257481874e-05,
                0
              ],
              [
                3.1109320621141436e-05,
                4.6330168265829674e-05,
                0
              ],
              [
                3.202989640362687e-05,
                4.5644052994849386e-05,
                0
              ],
              [
                3.2167516726087786e-05,
                4.5509921047264344e-05,
                0
              ],
              [
                3.21757410481501e-05,
                4.5501641297413424e-05,
                0
              ],
              [
                3.298830406759392e-05,
                4.442748175008656e-05,
                0
              ],
              [
                3.349601888271213e-05,
                4.317779150592025e-05,
                0
              ],
              [
                3.3665439917134564e-05,
                4.185027161315541e-05,
                0
              ],
              [
                3.591122812743711e-05,
                4.184475177992046e-05,
                0
              ],
              [
                3.815701633773692e-05,
                4.183867996336206e-05,
                0
              ],
              [
                3.8157016337737004e-05,
                4.197557182756399e-05,
                0
              ],
              [
                3.825241847362093e-05,
                4.2943750576798555e-05,
                0
              ],
              [
                3.8529852271088464e-05,
                4.3875498426688976e-05,
                0
              ]
            ]
          ]
        ],
        "type": "MultiPolygon"
      },
      "properties": {
        "Crosswalks": [
          {
            "Id": "{9dc3443f-a737-4936-8b53-77759edfad0d}"
          },
          {
            "Id": "{c610b741-9436-4e3e-a88e-1ef2997398c1}"
          },
          {
            "Id": "{97ccd0b3-0183-4bdf-9817-e226cb5dbc75}"
          },
          {
            "Id": "{82dfa984-2676-4dc1-b089-5f0b4eff3d50}"
          }
        ],
        "Gates": [
          {
            "Id": "{2b3ceff9-3c8b-4d4e-99a0-743ee69fc3e5}"
          },
          {
            "Id": "{9f518753-caa6-4dd9-a7d6-4f8c3543fcde}"
          },
          {
            "Id": "{49fa1c2c-3e31-4598-a806-ede5ba37e795}"
          },
          {
            "Id": "{9c01ecff-26fe-4f7a-9ee7-1fe4903a4d6b}"
          },
          {
            "Id": "{8d8bf84d-54f8-4c9f-980f-bf20cf284313}"
          },
          {
            "Id": "{ebf58894-8f32-4668-ad07-f43841d09cd6}"
          },
          {
            "Id": "{c91d57a2-56cf-4ed6-950a-25927193478c}"
          },
          {
            "Id": "{ff086390-2810-4979-b2f2-11fcf0b10ee9}"
          },
          {
            "Id": "{c3ef0326-817d-4370-8dfe-ab6a6df3dfd0}"
          },
          {
            "Id": "{29aab149-b5b3-4866-ab10-16122b7631dc}"
          },
          {
            "Id": "{1d264c76-f0a6-4489-8e2e-546c8aedb79a}"
          },
          {
            "Id": "{54c242fa-b768-41c1-b048-d3b060fab6e2}"
          }
        ],
        "Id": "{4775310a-e1f8-43c1-b52a-691705475c07}",
        "Lanes": [
          {
            "Id": "{2ad6fc0b-5f8f-326a-8b08-3b46886cb124}"
          },
          {
            "Id": "{61233b2c-e5d4-336b-b31b-0463a10b0e9c}"
          },
          {
            "Id": "{46074810-9d02-30c5-a7f2-622cd6212e3e}"
          },
          {
            "Id": "{771fe9b2-81f1-3da9-bf3f-cf0dc5567a34}"
          },
          {
            "Id": "{fd442275-8836-3f6a-a64c-23440798eef2}"
          },
          {
            "Id": "{3f396bee-445b-3efa-bcfb-a8862c7904ec}"
          },
          {
            "Id": "{ab0e36c9-40d8-3502-8e27-35c4be0cdce8}"
          },
          {
            "Id": "{a7de5599-d70e-3ba5-882d-662f24067495}"
          },
          {
            "Id": "{f234b490-577f-3960-92d6-1d34fe15733f}"
          },
          {
            "Id": "{b27b77ed-1112-39bf-a140-ba4159650d33}"
          },
          {
            "Id": "{3014a4cb-2cdb-31dd-9ccc-8ce732b10493}"
          },
          {
            "Id": "{0bc2f83b-65da-3fae-95c3-a1fb15ad03fc}"
          },
          {
            "Id": "{317261be-5a4c-36c7-962d-a6c3b040e2fb}"
          },
          {
            "Id": "{0d179c16-54d0-3a6b-93f4-2dbbcfb1eec8}"
          },
          {
            "Id": "{c9e82a50-36a6-3781-a258-001c7d22f858}"
          },
          {
            "Id": "{688bc956-5a6a-3f66-8532-482405eb32de}"
          },
          {
            "Id": "{f81d12b2-eb71-3a01-8a13-fba7e30cf898}"
          },
          {
            "Id": "{becf583d-91ca-3e65-ac66-f66089686169}"
          },
          {
            "Id": "{6d16f79a-a358-3d03-beb1-20ebacd4dbdc}"
          },
          {
            "Id": "{78051476-0521-3558-87d5-ae9abf0d691f}"
          },
          {
            "Id": "{9fc74ac3-4aa6-3cd4-981c-48e62424cfdb}"
          },
          {
            "Id": "{30e9a4a9-d292-369e-8c47-af8817e7bee2}"
          },
          {
            "Id": "{90a5fd41-0552-3aa1-89b4-08079c2711d8}"
          },
          {
            "Id": "{2a9b81d7-3aa6-3059-8736-2e4ed8205af7}"
          },
          {
            "Id": "{dbf76e61-e450-32e2-b26b-4b1fd1dc9ddd}"
          },
          {
            "Id": "{17f9fc39-fad1-30ff-b81d-b6876501008d}"
          },
          {
            "Id": "{571b1208-4d36-3004-a2a4-c2abb4d68094}"
          },
          {
            "Id": "{75e15336-38ec-3d6a-b048-455d68b9a5d9}"
          },
          {
            "Id": "{40138542-df3a-3174-9d36-9d5838c99066}"
          },
          {
            "Id": "{6b249816-be3f-3c6d-a125-96bf25d13f79}"
          },
          {
            "Id": "{bd4214ec-9d63-3774-aa0a-ff3ed652f926}"
          },
          {
            "Id": "{9d6d87d3-9ff9-3441-899b-d20064845bdb}"
          },
          {
            "Id": "{879abafb-ba8c-3f89-ab51-9ed730a23045}"
          },
          {
            "Id": "{0c79d649-1481-339f-b8f1-83687784b288}"
          },
          {
            "Id": "{79d326fe-a5f5-3181-b911-df4c705e0284}"
          },
          {
            "Id": "{5fa5540b-082e-346d-ba23-7987c2216997}"
          },
          {
            "Id": "{0863c21f-0a5d-39f8-9f83-8664a19dd3ca}"
          },
          {
            "Id": "{553f22e6-065c-38c2-97b6-64b8e34c2d25}"
          },
          {
            "Id": "{3a24439d-fac6-3a8b-84c4-c7d9a74c4ce3}"
          },
          {
            "Id": "{4688b820-5ead-3b30-b8f7-b9edf48a7c08}"
          },
          {
            "Id": "{5e908d81-9ee6-3afb-b55c-13d1d315612b}"
          },
          {
            "Id": "{556e6c6a-2943-35ac-b9eb-b521eab67126}"
          },
          {
            "Id": "{3f89e5c6-67a5-3601-9668-658e157d4b2a}"
          },
          {
            "Id": "{e2743ee3-0e29-34e0-8984-a16dfe626505}"
          },
          {
            "Id": "{39e1d50a-8d95-3e1f-a4c2-caa86b32262f}"
          },
          {
            "Id": "{4b682127-60bd-33a1-966b-faf4f5c750d1}"
          },
          {
            "Id": "{0e958036-e9ea-3f34-ad72-7c42abb9dafc}"
          },
          {
            "Id": "{65f523fc-2e5f-3565-9a92-f5c3cef60e28}"
          },
          {
            "Id": "{92534da4-da6b-33d9-9b33-3c8a294b3072}"
          },
          {
            "Id": "{8842f179-8138-3b45-bf5d-dc904892bd2e}"
          },
          {
            "Id": "{aac5c63d-4c7d-3bb4-a30d-fa6f3c312af7}"
          },
          {
            "Id": "{ea22971c-4481-361a-bb39-6a2d1e6d4122}"
          },
          {
            "Id": "{9153a3be-1116-3149-9e76-3f7f86502e6a}"
          },
          {
            "Id": "{bc5eca94-5cf3-3a2d-b48a-c410b39a8eb2}"
          },
          {
            "Id": "{2342449c-9957-3f3e-a5cb-cdba7c6edd2c}"
          },
          {
            "Id": "{e1a3112b-e4c3-3bd5-92fd-6827419bcc2b}"
          },
          {
            "Id": "{d9edb4c4-9f70-366e-b2bd-d34ab26a217b}"
          },
          {
            "Id": "{6e1f1f12-282d-3d66-a0c4-a7622a684b9f}"
          },
          {
            "Id": "{925d0f30-1e15-31b8-a611-04e99138d8fc}"
          },
          {
            "Id": "{fbf399da-ef0f-3070-981d-bb93eb650daf}"
          },
          {
            "Id": "{ec7f2b0f-c388-365e-9044-4fa5e3208437}"
          },
          {
            "Id": "{035e6481-1b49-3a20-a9a8-ed4f89ce62d2}"
          },
          {
            "Id": "{54cc0275-26a1-36d3-a334-0918d57a2d24}"
          },
          {
            "Id": "{c7644629-1580-3100-a849-f64e6a4ed85b}"
          },
          {
            "Id": "{2808ab8e-0a60-339d-80b4-6b1e1e4a42ac}"
          },
          {
            "Id": "{2a9bc542-0e7f-32ab-a1cd-716779783e42}"
          },
          {
            "Id": "{97d85369-9c81-32c9-b684-1fb5b9835940}"
          }
        ],
        "Phases": [],
        "Type": "Junction"
      },
      "type": "Feature"
    },
    {
      "geometry": {
        "coordinates": [
          [
            [
              [
                8.234191245668713e-06,
                2.374411463915943e-05,
                0
              ],
              [
                8.681594365687798e-06,
                2.425966706321034e-05,
                0
              ],
              [
                8.685980670786102e-06,
                2.4264634913120888e-05,
                0
              ],
              [
                9.203016384243766e-06,
                2.471946917159833e-05,
                0
              ],
              [
                9.775429199563194e-06,
                2.5100889648064243e-05,
                0
              ],
              [
                1.0393898218416141e-05,
                2.540116857599107e-05,
                0
              ],
              [
                1.1046361101781615e-05,
                2.561589008879167e-05,
                0
              ],
              [
                1.2306875529392533e-05,
                2.5774309302605915e-05,
                0
              ],
              [
                1.232222759722727e-05,
                2.5774309302605915e-05,
                0
              ],
              [
                1.2322227597227497e-05,
                2.8035232995231813e-05,
                0
              ],
              [
                1.2322227597227741e-05,
                3.029615668785771e-05,
                0
              ],
              [
                1.1092965593447222e-05,
                3.0446848135144675e-05,
                0
              ],
              [
                9.934981047516168e-06,
                3.089009074383098e-05,
                0
              ],
              [
                9.567079707403552e-06,
                3.1105364239955066e-05,
                0
              ],
              [
                8.666242297845622e-06,
                3.184005404339388e-05,
                0
              ],
              [
                8.664597433440086e-06,
                3.184170999336407e-05,
                0
              ],
              [
                8.662952569021228e-06,
                3.184336594333424e-05,
                0
              ],
              [
                8.646503924904585e-06,
                3.185992544303611e-05,
                0
              ],
              [
                7.870676210657682e-06,
                3.289765409101877e-05,
                0
              ],
              [
                7.378861751521343e-06,
                3.4098217819402934e-05,
                0
              ],
              [
                7.239048276509936e-06,
                3.4818004073110025e-05,
                0
              ],
              [
                7.202312971312688e-06,
                3.5550485943255196e-05,
                0
              ],
              [
                6.304217002444762e-06,
                3.556980535957409e-05,
                0
              ],
              [
                4.058977080284265e-06,
                3.561782790870958e-05,
                0
              ],
              [
                1.8137371581237598e-06,
                3.566585045784502e-05,
                0
              ],
              [
                1.7545220393219604e-08,
                3.57044892904827e-05,
                0
              ],
              [
                0,
                3.327962655080843e-05,
                0
              ],
              [
                0,
                2.713108431151144e-05,
                0
              ],
              [
                0,
                2.595535983268008e-05,
                0
              ],
              [
                0,
                2.3603910875017344e-05,
                0
              ],
              [
                0,
                2.2409970946513947e-05,
                0
              ],
              [
                0,
                2.125246191735461e-05,
                0
              ],
              [
                0,
                2.0619889028743933e-05,
                0
              ],
              [
                1.7967402258725945e-06,
                2.0619889028743923e-05,
                0
              ],
              [
                4.042528436161776e-06,
                2.0619889028743886e-05,
                0
              ],
              [
                6.288316646458944e-06,
                2.061988902874381e-05,
                0
              ],
              [
                7.186412615329423e-06,
                2.0619889028743774e-05,
                0
              ],
              [
                7.2894907851409515e-06,
                2.164878594355205e-05,
                0
              ],
              [
                7.594338989463828e-06,
                2.2635732125782307e-05,
                0
              ],
              [
                8.234191245668713e-06,
                2.374411463915943e-05,
                0
              ]
            ]
          ]
        ],
        "type": "MultiPolygon"
      },
      "properties": {
        "Crosswalks": [],
        "Gates": [
          {
            "Id": "{bd27a99f-c0f0-48b0-ad07-0b803c240d56}"
          },
          {
            "Id": "{7f2e5a9c-6049-4360-ab66-84a8e009272f}"
          },
          {
            "Id": "{91d5c89f-746c-4884-8a4c-f9c833d652a7}"
          },
          {
            "Id": "{0330a183-b44b-4d56-b46d-b9df1e5de5d1}"
          },
          {
            "Id": "{1c516994-3b8a-4d8a-924c-7fbf85689268}"
          },
          {
            "Id": "{c374dad5-3b0d-4964-81f5-229124e2a32c}"
          }
        ],
        "Id": "{a6a7186f-4129-4e62-8abd-45c176f3087a}",
        "Lanes": [
          {
            "Id": "{3065ec27-04f8-3b9a-b634-ace9058c6393}"
          },
          {
            "Id": "{b1ea243f-1da3-3595-b06c-17b96d4fe95b}"
          },
          {
            "Id": "{54023330-459e-323c-beae-81df9fbde295}"
          },
          {
            "Id": "{261467b3-d276-3429-8b63-dbb6fc6b7d69}"
          },
          {
            "Id": "{27a579e1-75c2-36d9-a604-a8d514b7006a}"
          },
          {
            "Id": "{30cc3cf6-75ca-3a2b-b980-0f8f4653d60d}"
          },
          {
            "Id": "{411e73c7-9247-3a25-b8b6-da9c43abd266}"
          },
          {
            "Id": "{f80ac171-84f7-3b43-9e73-825cc425e8b2}"
          },
          {
            "Id": "{23137bee-820e-35c9-ac6b-a2b0b0f41b3e}"
          },
          {
            "Id": "{adc06811-5be9-3dcd-8b33-acf3b49e17e6}"
          },
          {
            "Id": "{d001c7dc-d19b-3951-b23d-f82aca829c1f}"
          },
          {
            "Id": "{4b4556f1-8058-34cb-8204-7c82f1111c3c}"
          },
          {
            "Id": "{922eb5b8-6caa-3cdf-ac51-5f9e06010600}"
          },
          {
            "Id": "{82e38702-6749-3f64-8322-9e294a1ba678}"
          },
          {
            "Id": "{f4f21d68-e750-323f-ac32-6412afdce678}"
          },
          {
            "Id": "{a782249b-4bc8-347f-9f53-889e7a855944}"
          },
          {
            "Id": "{7aa3b7f6-14d4-324f-b814-3bfa8a5d683e}"
          },
          {
            "Id": "{c43e7be6-e80f-3a80-a49c-b5810ef4ae36}"
          },
          {
            "Id": "{b1ef36e0-b0ba-3640-9807-d0c7040ff544}"
          },
          {
            "Id": "{09cf9e69-26cd-39ea-803d-93b4d530c4bb}"
          },
          {
            "Id": "{dde3a446-09b7-392e-b739-06a50fc44f45}"
          },
          {
            "Id": "{91ca2aef-915a-396f-8959-0f8db7572024}"
          },
          {
            "Id": "{eb33229a-479e-3132-ba64-005301592fbd}"
          },
          {
            "Id": "{b0357da4-57a6-3bc8-bb34-6efb592d514e}"
          },
          {
            "Id": "{e33820e6-6026-33e3-b139-9fc2201d57ef}"
          },
          {
            "Id": "{d363f06e-4ae5-305d-8270-a8b39b66cfd1}"
          }
        ],
        "Phases": [],
        "Type": "Junction"
      },
      "type": "Feature"
    },
    {
      "geometry": {
        "coordinates": [
          [
            [
              4.090284332922722e-05,
              2.9412431387095464e-05,
              0
            ],
            [
              4.081127921030144e-05,
              2.6429513507469637e-05,
              0
            ],
            [
              4.080579632892917e-05,
              2.6249014960719518e-05,
              0
            ],
            [
              4.0792089125499825e-05,
              2.579694061885913e-05,
              0
            ],
            [
              4.0772899040684884e-05,
              2.5163815746925222e-05,
              0
            ],
            [
              4.0907229634321425e-05,
              2.5159951863661416e-05,
              0
            ],
            [
              4.290190187774905e-05,
              2.5722422870200125e-05,
              0
            ],
            [
              4.293534745411967e-05,
              2.6807070100670995e-05,
              0
            ],
            [
              4.3043360217165023e-05,
              3.0323203870696147e-05,
              0
            ],
            [
              4.107665066874632e-05,
              3.067371328105267e-05,
              0
            ],
            [
              4.094177178697547e-05,
              3.067812914763987e-05,
              0
            ],
            [
              4.090284332922722e-05,
              2.9412431387095464e-05,
              0
            ]
          ]
        ],
        "type": "Polygon"
      },
      "properties": {
        "Id": "{9dc3443f-a737-4936-8b53-77759edfad0d}",
        "Type": "Crosswalk"
      },
      "type": "Feature"
    },
    {
      "geometry": {
        "coordinates": [
          [
            [
              3.405472449460151e-05,
              3.442057608025978e-05,
              0
            ],
            [
              3.3517950408208206e-05,
              3.442443996352374e-05,
              0
            ],
            [
              3.261217840541708e-05,
              3.244171586588951e-05,
              0
            ],
            [
              3.261108182914046e-05,
              3.230592796833437e-05,
              0
            ],
            [
              3.8795772017655665e-05,
              3.225845740252023e-05,
              0
            ],
            [
              3.9244820002088176e-05,
              3.225514550257968e-05,
              0
            ],
            [
              3.9245916578364796e-05,
              3.239093340013481e-05,
              0
            ],
            [
              3.827654315165377e-05,
              3.4388009064177885e-05,
              0
            ],
            [
              3.7647656658196115e-05,
              3.439297691408868e-05,
              0
            ],
            [
              3.513265897249706e-05,
              3.4412296330408476e-05,
              0
            ],
            [
              3.405472449460151e-05,
              3.442057608025978e-05,
              0
            ]
          ]
        ],
        "type": "Polygon"
      },
      "properties": {
        "Id": "{c610b741-9436-4e3e-a88e-1ef2997398c1}",
        "Type": "Crosswalk"
      },
      "type": "Feature"
    },
    {
      "geometry": {
        "coordinates": [
          [
            [
              2.9142611072708578e-05,
              3.03474911369302e-05,
              0
            ],
            [
              2.9146449089669805e-05,
              2.9895416795069748e-05,
              0
            ],
            [
              2.9151931971036524e-05,
              2.926229192313575e-05,
              0
            ],
            [
              2.916892890329497e-05,
              2.7363469290657172e-05,
              0
            ],
            [
              2.917057376770313e-05,
              2.718241876058363e-05,
              0
            ],
            [
              2.9182087818594867e-05,
              2.5916169016715642e-05,
              0
            ],
            [
              2.9184280971145303e-05,
              2.570144750391502e-05,
              0
            ],
            [
              3.116689087554118e-05,
              2.4956822000654792e-05,
              0
            ],
            [
              3.1301769757317346e-05,
              2.495847795062494e-05,
              0
            ],
            [
              3.129848002849039e-05,
              2.5361425776703245e-05,
              0
            ],
            [
              3.128148309623994e-05,
              2.7260248409181788e-05,
              0
            ],
            [
              3.1252972113100485e-05,
              3.0425872768851684e-05,
              0
            ],
            [
              3.125132724869234e-05,
              3.060637131560183e-05,
              0
            ],
            [
              3.124694094358884e-05,
              3.105844565746226e-05,
              0
            ],
            [
              3.111261034995228e-05,
              3.105734169081552e-05,
              0
            ],
            [
              2.9142611072708578e-05,
              3.03474911369302e-05,
              0
            ]
          ]
        ],
        "type": "Polygon"
      },
      "properties": {
        "Id": "{97ccd0b3-0183-4bdf-9817-e226cb5dbc75}",
        "Type": "Crosswalk"
      },
      "type": "Feature"
    },
    {
      "geometry": {
        "coordinates": [
          [
            [
              3.198000218313277e-05,
              2.431707332883988e-05,
              0
            ],
            [
              3.32580618311309e-05,
              2.2326069481354118e-05,
              0
            ],
            [
              3.388694832458852e-05,
              2.2324965514707178e-05,
              0
            ],
            [
              3.433599630902102e-05,
              2.232441353138368e-05,
              0
            ],
            [
              3.8108766981643034e-05,
              2.231999766479559e-05,
              0
            ],
            [
              3.843225698264091e-05,
              2.23199976647955e-05,
              0
            ],
            [
              3.9739375901911886e-05,
              2.43076896123401e-05,
              0
            ],
            [
              3.973937590191193e-05,
              2.4443477509895228e-05,
              0
            ],
            [
              3.952609181651925e-05,
              2.444402949321869e-05,
              0
            ],
            [
              3.198055047126442e-05,
              2.4452861226395025e-05,
              0
            ],
            [
              3.198000218313277e-05,
              2.431707332883988e-05,
              0
            ]
          ]
        ],
        "type": "Polygon"
      },
      "properties": {
        "Id": "{82dfa984-2676-4dc1-b089-5f0b4eff3d50}",
        "Type": "Crosswalk"
      },
      "type": "Feature"
    },
    {
      "geometry": {
        "coordinates": [
          [
            [
              [
                2.6679152471910236e-05,
                3.201448077358358e-05,
                0
              ],
              [
                2.848247215542357e-05,
                3.201448077358308e-05,
                0
              ],
              [
                2.852852835895178e-05,
                3.2014480773583077e-05,
                0
              ],
              [
                2.9541764836652088e-05,
                3.216958808745676e-05,
                0
              ],
              [
                3.021067636413156e-05,
                3.2461035282209086e-05,
                0
              ],
              [
                3.0803375840534384e-05,
                3.288882235783998e-05,
                0
              ],
              [
                3.093935129857386e-05,
                3.301798645551435e-05,
                0
              ],
              [
                3.113454187544979e-05,
                3.323105201834473e-05,
                0
              ],
              [
                3.1505184656244665e-05,
                3.376923575865465e-05,
                0
              ],
              [
                3.17683629621431e-05,
                3.436813766453806e-05,
                0
              ],
              [
                3.194217030166211e-05,
                3.54428491951879e-05,
                0
              ],
              [
                3.194217030166213e-05,
                3.547983207785538e-05,
                0
              ],
              [
                3.1957522369507065e-05,
                4.14302123040526e-05,
                0
              ],
              [
                3.1958618945783814e-05,
                4.1854687479743295e-05,
                0
              ],
              [
                3.1845671589499505e-05,
                4.27400687304688e-05,
                0
              ],
              [
                3.1506829520667135e-05,
                4.3574115532118655e-05,
                0
              ],
              [
                3.096457255289119e-05,
                4.429114186920889e-05,
                0
              ],
              [
                3.095908967152164e-05,
                4.429666170244284e-05,
                0
              ],
              [
                3.086697726445461e-05,
                4.438608300083286e-05,
                0
              ],
              [
                3.0252894550708123e-05,
                4.4843677175927506e-05,
                0
              ],
              [
                2.955327888753796e-05,
                4.515333982035235e-05,
                0
              ],
              [
                2.853565610474462e-05,
                4.530899911755014e-05,
                0
              ],
              [
                2.8535656104745268e-05,
                4.69367979382418e-05,
                0
              ],
              [
                2.8535656104745312e-05,
                4.7027323203278576e-05,
                0
              ],
              [
                2.8519755748762947e-05,
                4.7027323203278576e-05,
                0
              ],
              [
                2.084207696243007e-05,
                4.702732320328131e-05,
                0
              ],
              [
                1.766529549502842e-05,
                4.6982060570763796e-05,
                0
              ],
              [
                1.618272437182785e-05,
                4.6879943655936096e-05,
                0
              ],
              [
                1.47769135878356e-05,
                4.669006139268853e-05,
                0
              ],
              [
                1.3459377193954386e-05,
                4.639419833134908e-05,
                0
              ],
              [
                1.2246015546153245e-05,
                4.597855488883288e-05,
                0
              ],
              [
                1.1157663593652466e-05,
                4.543871519855275e-05,
                0
              ],
              [
                1.021844601448607e-05,
                4.477909512709588e-05,
                0
              ],
              [
                9.80010216574947e-06,
                4.4396018700659795e-05,
                0
              ],
              [
                9.224947909734438e-06,
                4.3727014912705134e-05,
                0
              ],
              [
                8.718877959031702e-06,
                4.295037437668844e-05,
                0
              ],
              [
                8.227063499889785e-06,
                4.1930861178377924e-05,
                0
              ],
              [
                7.841068651238821e-06,
                4.0803711232005374e-05,
                0
              ],
              [
                7.566376294461684e-06,
                3.9632954603084605e-05,
                0
              ],
              [
                7.3777651752451156e-06,
                3.838933617547569e-05,
                0
              ],
              [
                7.203409547586601e-06,
                3.5608444192211674e-05,
                0
              ],
              [
                7.202312971312688e-06,
                3.5550485943255196e-05,
                0
              ],
              [
                7.292232225823942e-06,
                3.5548278009961615e-05,
                0
              ],
              [
                8.908585654526621e-06,
                3.5514055043910984e-05,
                0
              ],
              [
                9.025919315906853e-06,
                3.454808422796973e-05,
                0
              ],
              [
                9.3537956219924e-06,
                3.3748812375693736e-05,
                0
              ],
              [
                9.869734759176094e-06,
                3.305883322144993e-05,
                0
              ],
              [
                9.880700521920525e-06,
                3.304724157165862e-05,
                0
              ],
              [
                9.882345386336718e-06,
                3.3046137605011846e-05,
                0
              ],
              [
                9.883441962613293e-06,
                3.3044481655041654e-05,
                0
              ],
              [
                1.0484365761072993e-05,
                3.2554320463866835e-05,
                0
              ],
              [
                1.0729998846572709e-05,
                3.241080479978411e-05,
                0
              ],
              [
                1.1501988543866306e-05,
                3.211494173844432e-05,
                0
              ],
              [
                1.2322227597227941e-05,
                3.201448077358633e-05,
                0
              ],
              [
                1.4239591213297367e-05,
                3.201448077358608e-05,
                0
              ],
              [
                1.4239591213297594e-05,
                3.362461612792927e-05,
                0
              ],
              [
                1.4745661164013492e-05,
                3.362461612792918e-05,
                0
              ],
              [
                1.6787486187240997e-05,
                3.362461612792885e-05,
                0
              ],
              [
                1.6974452442049233e-05,
                3.362461612792882e-05,
                0
              ],
              [
                1.8267315869761855e-05,
                3.362461612792859e-05,
                0
              ],
              [
                2.2284074763473606e-05,
                3.3624616127927746e-05,
                0
              ],
              [
                2.229504052621803e-05,
                3.3624616127927746e-05,
                0
              ],
              [
                2.2295040526217675e-05,
                3.2014480773584635e-05,
                0
              ],
              [
                2.6679152471910236e-05,
                3.201448077358358e-05,
                0
              ]
            ]
          ]
        ],
        "type": "MultiPolygon"
      },
      "properties": {
        "Id": "{32e20aa1-c2d8-4e7c-a3bc-ae7849c8ecb7}",
        "Type": "Surface"
      },
      "type": "Feature"
    },
    {
      "geometry": {
        "coordinates": [
          [
            [
              [
                7.545541345247846e-06,
                1.4578431554185442e-05,
                0
              ],
              [
                7.823523430846494e-06,
                1.3018526682271151e-05,
                0
              ],
              [
                8.256122771167697e-06,
                1.1657887790102459e-05,
                0
              ],
              [
                8.516011348233535e-06,
                1.1120808016439114e-05,
                0
              ],
              [
                8.801121179615295e-06,
                1.0673149541165757e-05,
                0
              ],
              [
                9.099938214439579e-06,
                1.0321536164163131e-05,
                0
              ],
              [
                9.39711038483968e-06,
                1.0069831768695003e-05,
                0
              ],
              [
                9.678382199260097e-06,
                9.915828421467791e-06,
                0
              ],
              [
                9.925660149175986e-06,
                9.849038439336988e-06,
                0
              ],
              [
                1.0516166473025507e-05,
                9.738089791334574e-06,
                0
              ],
              [
                1.109790018668641e-05,
                9.660260142735862e-06,
                0
              ],
              [
                1.1816705934660657e-05,
                9.596782060545415e-06,
                0
              ],
              [
                1.2686839208519725e-05,
                9.5504154613802e-06,
                0
              ],
              [
                1.371926577102137e-05,
                9.513984562036092e-06,
                0
              ],
              [
                1.4314158399971852e-05,
                9.500736962274587e-06,
                0
              ],
              [
                1.7878579580420797e-05,
                9.495769112363869e-06,
                0
              ],
              [
                2.0994501064590097e-05,
                9.495769112363691e-06,
                0
              ],
              [
                2.473876075406936e-05,
                9.495769112363442e-06,
                0
              ],
              [
                3.591945244948507e-05,
                9.495769112362456e-06,
                0
              ],
              [
                3.593261136477731e-05,
                9.495769112362454e-06,
                0
              ],
              [
                3.9660422410142085e-05,
                9.495769112362043e-06,
                0
              ],
              [
                4.693401283930087e-05,
                9.495769112361126e-06,
                0
              ],
              [
                4.6936754279988315e-05,
                9.495769112361126e-06,
                0
              ],
              [
                5.057519435897029e-05,
                9.495769112360604e-06,
                0
              ],
              [
                5.23708380085655e-05,
                9.497425062330524e-06,
                0
              ],
              [
                5.401954043736355e-05,
                9.526128195146798e-06,
                0
              ],
              [
                5.553171911997989e-05,
                9.62438122671082e-06,
                0
              ],
              [
                5.685967298847288e-05,
                9.81923133986894e-06,
                0
              ],
              [
                5.742276490546107e-05,
                9.936251804428528e-06,
                0
              ],
              [
                5.8419004450896605e-05,
                1.0174708600134867e-05,
                0
              ],
              [
                5.928529970780461e-05,
                1.0437452662070591e-05,
                0
              ],
              [
                6.0410935253638734e-05,
                1.0930925753185238e-05,
                0
              ],
              [
                6.085450035669622e-05,
                1.123948443096278e-05,
                0
              ],
              [
                6.130300005298899e-05,
                1.165291994018531e-05,
                0
              ],
              [
                6.173943741026078e-05,
                1.217012831420603e-05,
                0
              ],
              [
                6.214900864881119e-05,
                1.2784485753144219e-05,
                0
              ],
              [
                6.259860492138597e-05,
                1.3661035270694856e-05,
                0
              ],
              [
                6.297637544797179e-05,
                1.4655709219451958e-05,
                0
              ],
              [
                6.33612737203382e-05,
                1.614496022597067e-05,
                0
              ],
              [
                6.360964824653106e-05,
                1.7774966979955035e-05,
                0
              ],
              [
                6.373794767065365e-05,
                1.944306058325366e-05,
                0
              ],
              [
                6.378016585722382e-05,
                2.1168008468861972e-05,
                0
              ],
              [
                6.378016585722383e-05,
                2.125246191734135e-05,
                0
              ],
              [
                6.369079489084962e-05,
                2.1252461917341388e-05,
                0
              ],
              [
                6.207334488587416e-05,
                2.125246191734206e-05,
                0
              ],
              [
                6.20124849026378e-05,
                2.183701225681705e-05,
                0
              ],
              [
                6.183154981732842e-05,
                2.2395619380092545e-05,
                0
              ],
              [
                6.152067044349416e-05,
                2.2928835270491944e-05,
                0
              ],
              [
                6.125804042574114e-05,
                2.3235186014976107e-05,
                0
              ],
              [
                6.093126069591376e-05,
                2.3516697509907552e-05,
                0
              ],
              [
                6.039777633833992e-05,
                2.3824152221038628e-05,
                0
              ],
              [
                5.985497108243776e-05,
                2.3997474984584804e-05,
                0
              ],
              [
                5.9288589436630546e-05,
                2.4055985216864887e-05,
                0
              ],
              [
                5.866025123130743e-05,
                2.405598521686516e-05,
                0
              ],
              [
                4.5813860174839536e-05,
                2.4055985216870115e-05,
                0
              ],
              [
                4.4411887407817394e-05,
                2.4055985216870582e-05,
                0
              ],
              [
                4.372488237180532e-05,
                2.40559852168708e-05,
                0
              ],
              [
                4.3261030607664425e-05,
                2.4055985216870952e-05,
                0
              ],
              [
                4.3223747014330184e-05,
                2.4055985216870965e-05,
                0
              ],
              [
                4.236677265576615e-05,
                2.3946140535515663e-05,
                0
              ],
              [
                4.154214729729037e-05,
                2.3609982691568442e-05,
                0
              ],
              [
                4.0831565871378404e-05,
                2.3070694984611867e-05,
                0
              ],
              [
                4.08134723628429e-05,
                2.3052479534939845e-05,
                0
              ],
              [
                4.046256795498385e-05,
                2.263959600904058e-05,
                0
              ],
              [
                4.007273508938494e-05,
                2.1941337104946183e-05,
                0
              ],
              [
                3.987754451251162e-05,
                2.1297724549867813e-05,
                0
              ],
              [
                3.98101050716207e-05,
                2.0628168778589845e-05,
                0
              ],
              [
                3.981010507162069e-05,
                2.0581802179424674e-05,
                0
              ],
              [
                3.981010507162067e-05,
                2.0482445181213597e-05,
                0
              ],
              [
                3.980571876652462e-05,
                1.8758601262251405e-05,
                0
              ],
              [
                3.980846020721205e-05,
                1.8735969945992213e-05,
                0
              ],
              [
                3.983203659711709e-05,
                1.8694571196737594e-05,
                0
              ],
              [
                3.985232325819507e-05,
                1.867911566368254e-05,
                0
              ],
              [
                3.989508973290419e-05,
                1.8668075997214626e-05,
                0
              ],
              [
                3.989563802103582e-05,
                1.8668075997214626e-05,
                0
              ],
              [
                3.9895089732903837e-05,
                1.7040277176523147e-05,
                0
              ],
              [
                3.9895089732903816e-05,
                1.6949751911486392e-05,
                0
              ],
              [
                4.0759740125387844e-05,
                1.694975191148621e-05,
                0
              ],
              [
                4.351543630335611e-05,
                1.694809596151542e-05,
                0
              ],
              [
                4.35198226084638e-05,
                2.237409203048677e-05,
                0
              ],
              [
                4.352037089659823e-05,
                2.282671835567054e-05,
                0
              ],
              [
                4.553587808923785e-05,
                2.282451042237634e-05,
                0
              ],
              [
                4.852350014927645e-05,
                2.28195425724648e-05,
                0
              ],
              [
                5.1889989312177147e-05,
                2.281181480593609e-05,
                0
              ],
              [
                5.352662940195164e-05,
                2.2806846956024935e-05,
                0
              ],
              [
                5.8522082620714374e-05,
                2.2790287456321133e-05,
                0
              ],
              [
                5.852043775630332e-05,
                2.2337661131137463e-05,
                0
              ],
              [
                5.8500151095223334e-05,
                1.645959072030712e-05,
                0
              ],
              [
                5.849083019688905e-05,
                1.374659268582208e-05,
                0
              ],
              [
                5.848150929854423e-05,
                1.1033042668013646e-05,
                0
              ],
              [
                5.349099067302504e-05,
                1.1050154151039829e-05,
                0
              ],
              [
                5.1858736888343615e-05,
                1.105457001762728e-05,
                0
              ],
              [
                4.85010203356424e-05,
                1.1062849767478772e-05,
                0
              ],
              [
                4.5521074309524e-05,
                1.10678176173898e-05,
                0
              ],
              [
                4.3510501710125086e-05,
                1.1069473567360287e-05,
                0
              ],
              [
                4.075809526097597e-05,
                1.1071129517330865e-05,
                0
              ],
              [
                3.989508973290282e-05,
                1.1071129517330982e-05,
                0
              ],
              [
                3.842183950802859e-05,
                1.107112951733118e-05,
                0
              ],
              [
                3.7279755318074884e-05,
                1.1070577534007931e-05,
                0
              ],
              [
                3.727482072483696e-05,
                1.1070577534007931e-05,
                0
              ],
              [
                3.33337255940714e-05,
                1.106671365074464e-05,
                0
              ],
              [
                3.182154691145195e-05,
                1.1064505717451227e-05,
                0
              ],
              [
                2.9444717836340375e-05,
                1.106064183418771e-05,
                0
              ],
              [
                2.8245063391974353e-05,
                1.105843390089425e-05,
                0
              ],
              [
                2.5750900655493066e-05,
                1.1054570017630713e-05,
                0
              ],
              [
                2.067813880937803e-05,
                1.1046290267780187e-05,
                0
              ],
              [
                2.063043774143098e-05,
                1.1045738284456797e-05,
                0
              ],
              [
                1.5557675895323776e-05,
                1.103745853460618e-05,
                0
              ],
              [
                1.3025681277360438e-05,
                1.1033042668019143e-05,
                0
              ],
              [
                1.3021294972262266e-05,
                1.3746592685828935e-05,
                0
              ],
              [
                1.3016908667164125e-05,
                1.645959072031533e-05,
                0
              ],
              [
                1.300923263324176e-05,
                2.0981438105567118e-05,
                0
              ],
              [
                1.554122725120256e-05,
                2.0985853972154045e-05,
                0
              ],
              [
                2.0614537385457618e-05,
                2.099413372200438e-05,
                0
              ],
              [
                2.066169016525972e-05,
                2.0994133722004372e-05,
                0
              ],
              [
                2.5734452011372337e-05,
                2.1002413471854543e-05,
                0
              ],
              [
                2.8228614747861728e-05,
                2.1006829338441267e-05,
                0
              ],
              [
                2.823519420550453e-05,
                1.693705629505037e-05,
                0
              ],
              [
                2.9434848649881265e-05,
                1.6939264228343773e-05,
                0
              ],
              [
                3.1812774301256135e-05,
                1.6943128111607152e-05,
                0
              ],
              [
                3.181277430125615e-05,
                1.7033101393320532e-05,
                0
              ],
              [
                3.181003286057165e-05,
                1.8661452197335545e-05,
                0
              ],
              [
                3.183306096233442e-05,
                1.866421211395252e-05,
                0
              ],
              [
                3.187363428450106e-05,
                1.86873954135351e-05,
                0
              ],
              [
                3.187418257263536e-05,
                1.8687947396858497e-05,
                0
              ],
              [
                3.188953464047542e-05,
                1.87083707798241e-05,
                0
              ],
              [
                3.1900500403225194e-05,
                1.8751425479048906e-05,
                0
              ],
              [
                3.1900500403225194e-05,
                1.8778472661895255e-05,
                0
              ],
              [
                3.190488670831849e-05,
                2.0502316580857593e-05,
                0
              ],
              [
                3.190488670831851e-05,
                2.060167357906868e-05,
                0
              ],
              [
                3.177658728420198e-05,
                2.154611704539742e-05,
                0
              ],
              [
                3.143664863908761e-05,
                2.235090873090729e-05,
                0
              ],
              [
                3.0905905722193015e-05,
                2.3044199785091433e-05,
                0
              ],
              [
                3.086862212886676e-05,
                2.3080630684435502e-05,
                0
              ],
              [
                3.071729460297398e-05,
                2.322028246525446e-05,
                0
              ],
              [
                3.0251249686282597e-05,
                2.356030419246583e-05,
                0
              ],
              [
                2.9735310549104328e-05,
                2.381697643784459e-05,
                0
              ],
              [
                2.9120131259081247e-05,
                2.399581903462468e-05,
                0
              ],
              [
                2.8482472155421646e-05,
                2.405598521687486e-05,
                0
              ],
              [
                2.6679152471908434e-05,
                2.4055985216875228e-05,
                0
              ],
              [
                2.2295040526216168e-05,
                2.4055985216876024e-05,
                0
              ],
              [
                2.2284074763471742e-05,
                2.4055985216876024e-05,
                0
              ],
              [
                1.826731586976033e-05,
                2.4055985216876624e-05,
                0
              ],
              [
                1.6974452442047817e-05,
                2.4055985216876793e-05,
                0
              ],
              [
                1.6787486187239597e-05,
                2.4055985216876813e-05,
                0
              ],
              [
                1.474566116401226e-05,
                2.4055985216877054e-05,
                0
              ],
              [
                1.4239591213296405e-05,
                2.4055985216877108e-05,
                0
              ],
              [
                1.232222759722711e-05,
                2.405598521687729e-05,
                0
              ],
              [
                1.2306875529392374e-05,
                2.405598521687729e-05,
                0
              ],
              [
                1.1466349814934123e-05,
                2.3950556402108926e-05,
                0
              ],
              [
                1.0619244642837727e-05,
                2.3607222774957308e-05,
                0
              ],
              [
                9.893311149082975e-06,
                2.3049719618328406e-05,
                0
              ],
              [
                9.89002142025858e-06,
                2.3046407718388046e-05,
                0
              ],
              [
                9.591752673573861e-06,
                2.2702522107912975e-05,
                0
              ],
              [
                9.16518450277771e-06,
                2.1963968421210492e-05,
                0
              ],
              [
                8.96176960384214e-06,
                2.1305452316400267e-05,
                0
              ],
              [
                8.893233586682765e-06,
                2.0619889028743682e-05,
                0
              ],
              [
                7.276331869837999e-06,
                2.0619889028743767e-05,
                0
              ],
              [
                7.186412615329423e-06,
                2.0619889028743774e-05,
                0
              ],
              [
                7.186412615329397e-06,
                2.004969025567673e-05,
                0
              ],
              [
                7.284556191900176e-06,
                1.729750140522924e-05,
                0
              ],
              [
                7.545541345247846e-06,
                1.4578431554185442e-05,
                0
              ]
            ]
          ]
        ],
        "type": "MultiPolygon"
      },
      "properties": {
        "Id": "{75571ac6-b229-4751-9939-dbc6fe18bc3f}",
        "Type": "Surface"
      },
      "type": "Feature"
    },
    {
      "geometry": {
        "coordinates": [
          [
            [
              [
                4.1552564771909664e-05,
                4.4876244192002226e-05,
                0
              ],
              [
                4.0860625142656545e-05,
                4.43518600347775e-05,
                0
              ],
              [
                4.084033848157853e-05,
                4.433198863513529e-05,
                0
              ],
              [
                4.0549745768821685e-05,
                4.3998038724481556e-05,
                0
              ],
              [
                4.0110018682719604e-05,
                4.322636603837578e-05,
                0
              ],
              [
                3.9926890444877755e-05,
                4.261090463279059e-05,
                0
              ],
              [
                3.9863837309090295e-05,
                4.197115596097597e-05,
                0
              ],
              [
                3.986383730909023e-05,
                4.183426409677404e-05,
                0
              ],
              [
                3.9862740732813444e-05,
                4.141034090440679e-05,
                0
              ],
              [
                3.984738866496263e-05,
                3.545996067821007e-05,
                0
              ],
              [
                3.996691547889568e-05,
                3.455029216125528e-05,
                0
              ],
              [
                4.0306854123999226e-05,
                3.372949295936696e-05,
                0
              ],
              [
                4.0844176498537144e-05,
                3.30240582720681e-05,
                0
              ],
              [
                4.0895715583437524e-05,
                3.2973275806315745e-05,
                0
              ],
              [
                4.1293772771111776e-05,
                3.2642637795602055e-05,
                0
              ],
              [
                4.191991782388181e-05,
                3.229102441859926e-05,
                0
              ],
              [
                4.2576767012345355e-05,
                3.2084582655649314e-05,
                0
              ],
              [
                4.3261030607667345e-05,
                3.2014480773577886e-05,
                0
              ],
              [
                4.372488237180827e-05,
                3.201448077357768e-05,
                0
              ],
              [
                4.4411887407820396e-05,
                3.20144807735774e-05,
                0
              ],
              [
                4.581386017484263e-05,
                3.201448077357677e-05,
                0
              ],
              [
                5.866025123131139e-05,
                3.2014480773570175e-05,
                0
              ],
              [
                5.950351838644078e-05,
                3.2121013554984866e-05,
                0
              ],
              [
                6.034897869412608e-05,
                3.246489916545926e-05,
                0
              ],
              [
                6.107381561160956e-05,
                3.3021298355440676e-05,
                0
              ],
              [
                6.107491218788877e-05,
                3.3022402322087466e-05,
                0
              ],
              [
                6.136495661251123e-05,
                3.3354696282770894e-05,
                0
              ],
              [
                6.185238476654964e-05,
                3.4234557700261716e-05,
                0
              ],
              [
                6.20179677840116e-05,
                3.483290762282143e-05,
                0
              ],
              [
                6.207334488588172e-05,
                3.5451128945023445e-05,
                0
              ],
              [
                6.369079489085737e-05,
                3.545112894502233e-05,
                0
              ],
              [
                6.37801658572316e-05,
                3.545112894502227e-05,
                0
              ],
              [
                6.378016585723245e-05,
                3.66478287901419e-05,
                0
              ],
              [
                6.37801658572339e-05,
                3.8660911970562224e-05,
                0
              ],
              [
                6.374123739949061e-05,
                4.099469746187489e-05,
                0
              ],
              [
                6.365625273820485e-05,
                4.203353007650372e-05,
                0
              ],
              [
                6.350382863604427e-05,
                4.2981285442772474e-05,
                0
              ],
              [
                6.323078114367905e-05,
                4.3956639975211074e-05,
                0
              ],
              [
                6.285630034592117e-05,
                4.477467926048231e-05,
                0
              ],
              [
                6.229156356452266e-05,
                4.5528136496916514e-05,
                0
              ],
              [
                6.22784046492304e-05,
                4.5541384096678e-05,
                0
              ],
              [
                6.179536280029113e-05,
                4.593770812287581e-05,
                0
              ],
              [
                6.11862146797643e-05,
                4.62838016666448e-05,
                0
              ],
              [
                6.0461926050418236e-05,
                4.656531316157672e-05,
                0
              ],
              [
                5.963510753940825e-05,
                4.677506682446742e-05,
                0
              ],
              [
                5.87156283331809e-05,
                4.691416662196367e-05,
                0
              ],
              [
                5.771226104195943e-05,
                4.699199627056317e-05,
                0
              ],
              [
                5.5470310848629446e-05,
                4.702732320326225e-05,
                0
              ],
              [
                5.3910431098062905e-05,
                4.7027323203263485e-05,
                0
              ],
              [
                4.325938574326425e-05,
                4.702732320327096e-05,
                0
              ],
              [
                4.3187559997275194e-05,
                4.7027323203271e-05,
                0
              ],
              [
                4.318755999727514e-05,
                4.693679793823424e-05,
                0
              ],
              [
                4.318755999727416e-05,
                4.5308999117542837e-05,
                0
              ],
              [
                4.235580689302848e-05,
                4.5202466336128125e-05,
                0
              ],
              [
                4.1552564771909664e-05,
                4.4876244192002226e-05,
                0
              ]
            ]
          ]
        ],
        "type": "MultiPolygon"
      },
      "properties": {
        "Id": "{b61fa525-398d-48e1-be4a-9a54130d95a9}",
        "Type": "Surface"
      },
      "type": "Feature"
    },
    {
      "geometry": {
        "coordinates": [
          [
            3.58530402229923e-05,
            1.8741251676618035e-05,
            0
          ],
          [
            3.3607259173229744e-05,
            1.8746961056350644e-05,
            0
          ]
        ],
        "type": "LineString"
      },
      "properties": {
        "Id": "{06edd751-23aa-46f1-a086-bef689f232d6}",
        "Lane": {
          "Id": "{c1384ad2-0c45-32d8-b136-73a8fd5fcdf2}"
        },
        "Signals": [],
        "TurnRelation": "Right",
        "Type": "Gate"
      },
      "type": "Feature"
    },
    {
      "geometry": {
        "coordinates": [
          [
            3.3329854649020586e-05,
            1.3779870082277633e-05,
            0
          ],
          [
            3.333351710409281e-05,
            1.1066764156554672e-05,
            0
          ]
        ],
        "type": "LineString"
      },
      "properties": {
        "Id": "{da015693-a990-4a6e-b52c-c8ae9f74d760}",
        "Lane": {
          "Id": "{a3bfca82-750c-358f-a988-00ee20f634d4}"
        },
        "Signals": [],
        "TurnRelation": "Left",
        "Type": "Gate"
      },
      "type": "Feature"
    },
    {
      "geometry": {
        "coordinates": [
          [
            3.585254821440175e-05,
            1.8545102995682888e-05,
            0
          ],
          [
            3.36067671646392e-05,
            1.8550812375415493e-05,
            0
          ]
        ],
        "type": "LineString"
      },
      "properties": {
        "Id": "{266789a9-b20d-48d5-9d91-1012bd9c04e7}",
        "Lane": {
          "Id": "{6789762e-ebe9-33e6-8167-d529a7b5a473}"
        },
        "Signals": [],
        "TurnRelation": "Left",
        "Type": "Gate"
      },
      "type": "Feature"
    },
    {
      "geometry": {
        "coordinates": [
          [
            3.3329854649020586e-05,
            1.3779870082277633e-05,
            0
          ],
          [
            3.333351710409281e-05,
            1.1066764156554672e-05,
            0
          ]
        ],
        "type": "LineString"
      },
      "properties": {
        "Id": "{1a4232b1-40e4-42a4-8b8c-28a2978ad385}",
        "Lane": {
          "Id": "{251646c6-ab00-3c9c-86e8-4a18ec32fba7}"
        },
        "Signals": [],
        "TurnRelation": "Straight",
        "Type": "Gate"
      },
      "type": "Feature"
    },
    {
      "geometry": {
        "coordinates": [
          [
            3.9895197684494733e-05,
            1.3784420794250387e-05,
            0
          ],
          [
            3.9895293862884334e-05,
            1.6497529223673068e-05,
            0
          ]
        ],
        "type": "LineString"
      },
      "properties": {
        "Id": "{ebc25043-2b0d-4e8c-9379-1e22d02d32f3}",
        "Lane": {
          "Id": "{a902bcc4-cd8c-39b3-a497-b72c70289c47}"
        },
        "Signals": [],
        "TurnRelation": "Right",
        "Type": "Gate"
      },
      "type": "Feature"
    },
    {
      "geometry": {
        "coordinates": [
          [
            3.842121406372948e-05,
            1.3784230413140794e-05,
            0
          ],
          [
            3.8420426382263245e-05,
            1.6497338728403353e-05,
            0
          ]
        ],
        "type": "LineString"
      },
      "properties": {
        "Id": "{61a0206d-227b-4ccd-b757-2bb16ab7a4c2}",
        "Lane": {
          "Id": "{70d6262f-cf98-39bb-b6c6-cd47fcd6e62d}"
        },
        "Signals": [],
        "TurnRelation": "Straight",
        "Type": "Gate"
      },
      "type": "Feature"
    },
    {
      "geometry": {
        "coordinates": [
          [
            6.448786637008053e-05,
            4.779328647128931e-05,
            0
          ],
          [
            6.29096674224403e-05,
            4.618475341112472e-05,
            0
          ]
        ],
        "type": "LineString"
      },
      "properties": {
        "Id": "{cc2aa3e8-87a7-458e-9c1a-670635d45c5e}",
        "Lane": {
          "Id": "{bfde17cd-2a65-3a42-b67c-6b3658f6f7f8}"
        },
        "Signals": [],
        "TurnRelation": "Right",
        "Type": "Gate"
      },
      "type": "Feature"
    },
    {
      "geometry": {
        "coordinates": [
          [
            6.448786637008053e-05,
            4.779328647128931e-05,
            0
          ],
          [
            6.29096674224403e-05,
            4.618475341112472e-05,
            0
          ]
        ],
        "type": "LineString"
      },
      "properties": {
        "Id": "{4b14cc1e-ce81-4a91-8072-83513c33df81}",
        "Lane": {
          "Id": "{82bb4345-b8e5-3140-9bef-502824194b4c}"
        },
        "Signals": [],
        "TurnRelation": "Straight",
        "Type": "Gate"
      },
      "type": "Feature"
    },
    {
      "geometry": {
        "coordinates": [
          [
            6.692448866688977e-05,
            2.3155641480685273e-05,
            0
          ],
          [
            6.917027687719339e-05,
            2.315564148068419e-05,
            0
          ]
        ],
        "type": "LineString"
      },
      "properties": {
        "Id": "{135c523c-45b9-4bb5-8dc4-611f46650a7f}",
        "Lane": {
          "Id": "{8255e25d-c32e-3396-9260-b0939027a091}"
        },
        "Signals": [],
        "TurnRelation": "Straight",
        "Type": "Gate"
      },
      "type": "Feature"
    },
    {
      "geometry": {
        "coordinates": [
          [
            5.946847078067027e-05,
            2.803545316157666e-05,
            0
          ],
          [
            5.946847072218507e-05,
            2.577452946895194e-05,
            0
          ]
        ],
        "type": "LineString"
      },
      "properties": {
        "Id": "{6717464a-665b-40bf-a28c-9570e42cbc9d}",
        "Lane": {
          "Id": "{2d9b7396-75ec-358f-a5f1-ba34b6bca5a4}"
        },
        "Signals": [],
        "TurnRelation": "Left",
        "Type": "Gate"
      },
      "type": "Feature"
    },
    {
      "geometry": {
        "coordinates": [
          [
            5.92888089273357e-05,
            2.8035453166286795e-05,
            0
          ],
          [
            5.928880886885053e-05,
            2.5774529473662062e-05,
            0
          ]
        ],
        "type": "LineString"
      },
      "properties": {
        "Id": "{cfefcb14-0633-4cfb-97bf-db5231e7f713}",
        "Lane": {
          "Id": "{7aa0615d-0a7d-3265-ac8e-33a1d5abffa5}"
        },
        "Signals": [],
        "TurnRelation": "Right",
        "Type": "Gate"
      },
      "type": "Feature"
    },
    {
      "geometry": {
        "coordinates": [
          [
            6.692448866688979e-05,
            2.3155641480685273e-05,
            0
          ],
          [
            6.91702768771934e-05,
            2.315564148068419e-05,
            0
          ]
        ],
        "type": "LineString"
      },
      "properties": {
        "Id": "{e6d44530-5a8a-43b1-90e6-a1f9e4834415}",
        "Lane": {
          "Id": "{efebe81d-afa6-342a-848b-e545cda75a02}"
        },
        "Signals": [],
        "TurnRelation": "Left",
        "Type": "Gate"
      },
      "type": "Feature"
    },
    {
      "geometry": {
        "coordinates": [
          [
            4.372483486165506e-05,
            2.8035453574321695e-05,
            0
          ],
          [
            4.3724834920140014e-05,
            3.0296377266946974e-05,
            0
          ]
        ],
        "type": "LineString"
      },
      "properties": {
        "Id": "{2b3ceff9-3c8b-4d4e-99a0-743ee69fc3e5}",
        "Lane": {
          "Id": "{4b682127-60bd-33a1-966b-faf4f5c750d1}"
        },
        "Signals": [],
        "TurnRelation": "Straight",
        "Type": "Gate"
      },
      "type": "Feature"
    },
    {
      "geometry": {
        "coordinates": [
          [
            4.372483486165506e-05,
            2.8035453574321695e-05,
            0
          ],
          [
            4.3724834920140014e-05,
            3.0296377266946974e-05,
            0
          ]
        ],
        "type": "LineString"
      },
      "properties": {
        "Id": "{9f518753-caa6-4dd9-a7d6-4f8c3543fcde}",
        "Lane": {
          "Id": "{97d85369-9c81-32c9-b684-1fb5b9835940}"
        },
        "Signals": [],
        "TurnRelation": "Left",
        "Type": "Gate"
      },
      "type": "Feature"
    },
    {
      "geometry": {
        "coordinates": [
          [
            3.588011699647259e-05,
            2.953592764317956e-05,
            0
          ],
          [
            3.812589804623794e-05,
            2.953021826344664e-05,
            0
          ]
        ],
        "type": "LineString"
      },
      "properties": {
        "Id": "{49fa1c2c-3e31-4598-a806-ede5ba37e795}",
        "Lane": {
          "Id": "{3a24439d-fac6-3a8b-84c4-c7d9a74c4ce3}"
        },
        "Signals": [],
        "TurnRelation": "Straight",
        "Type": "Gate"
      },
      "type": "Feature"
    },
    {
      "geometry": {
        "coordinates": [
          [
            3.588011699647259e-05,
            2.953592764317956e-05,
            0
          ],
          [
            3.812589804623794e-05,
            2.953021826344664e-05,
            0
          ]
        ],
        "type": "LineString"
      },
      "properties": {
        "Id": "{9c01ecff-26fe-4f7a-9ee7-1fe4903a4d6b}",
        "Lane": {
          "Id": "{2a9bc542-0e7f-32ab-a1cd-716779783e42}"
        },
        "Signals": [],
        "TurnRelation": "Left",
        "Type": "Gate"
      },
      "type": "Feature"
    },
    {
      "geometry": {
        "coordinates": [
          [
            3.127839056235318e-05,
            2.803545378855762e-05,
            0
          ],
          [
            3.1278390562352595e-05,
            2.5774530095932e-05,
            0
          ]
        ],
        "type": "LineString"
      },
      "properties": {
        "Id": "{8d8bf84d-54f8-4c9f-980f-bf20cf284313}",
        "Lane": {
          "Id": "{0863c21f-0a5d-39f8-9f83-8664a19dd3ca}"
        },
        "Signals": [],
        "TurnRelation": "Left",
        "Type": "Gate"
      },
      "type": "Feature"
    },
    {
      "geometry": {
        "coordinates": [
          [
            3.5909926728887895e-05,
            4.1420150194098376e-05,
            0
          ],
          [
            3.815570777865621e-05,
            4.141444081436517e-05,
            0
          ]
        ],
        "type": "LineString"
      },
      "properties": {
        "Id": "{ebf58894-8f32-4668-ad07-f43841d09cd6}",
        "Lane": {
          "Id": "{90a5fd41-0552-3aa1-89b4-08079c2711d8}"
        },
        "Signals": [],
        "TurnRelation": "Right",
        "Type": "Gate"
      },
      "type": "Feature"
    },
    {
      "geometry": {
        "coordinates": [
          [
            4.081696198839699e-05,
            5.0192505976283254e-05,
            0
          ],
          [
            4.081696198839843e-05,
            5.245342966890861e-05,
            0
          ]
        ],
        "type": "LineString"
      },
      "properties": {
        "Id": "{c91d57a2-56cf-4ed6-950a-25927193478c}",
        "Lane": {
          "Id": "{30e9a4a9-d292-369e-8c47-af8817e7bee2}"
        },
        "Signals": [],
        "TurnRelation": "Left",
        "Type": "Gate"
      },
      "type": "Feature"
    },
    {
      "geometry": {
        "coordinates": [
          [
            3.127839056235318e-05,
            2.803545378855762e-05,
            0
          ],
          [
            3.1278390562352595e-05,
            2.5774530095932e-05,
            0
          ]
        ],
        "type": "LineString"
      },
      "properties": {
        "Id": "{ff086390-2810-4979-b2f2-11fcf0b10ee9}",
        "Lane": {
          "Id": "{0e958036-e9ea-3f34-ad72-7c42abb9dafc}"
        },
        "Signals": [],
        "TurnRelation": "Straight",
        "Type": "Gate"
      },
      "type": "Feature"
    },
    {
      "geometry": {
        "coordinates": [
          [
            3.5909926728887895e-05,
            4.1420150194098376e-05,
            0
          ],
          [
            3.815570777865621e-05,
            4.141444081436517e-05,
            0
          ]
        ],
        "type": "LineString"
      },
      "properties": {
        "Id": "{c3ef0326-817d-4370-8dfe-ab6a6df3dfd0}",
        "Lane": {
          "Id": "{9d6d87d3-9ff9-3441-899b-d20064845bdb}"
        },
        "Signals": [],
        "TurnRelation": "Left",
        "Type": "Gate"
      },
      "type": "Feature"
    },
    {
      "geometry": {
        "coordinates": [
          [
            4.081696198839699e-05,
            5.0192505976283254e-05,
            0
          ],
          [
            4.081696198839843e-05,
            5.245342966890861e-05,
            0
          ]
        ],
        "type": "LineString"
      },
      "properties": {
        "Id": "{29aab149-b5b3-4866-ab10-16122b7631dc}",
        "Lane": {
          "Id": "{46074810-9d02-30c5-a7f2-622cd6212e3e}"
        },
        "Signals": [],
        "TurnRelation": "Straight",
        "Type": "Gate"
      },
      "type": "Feature"
    },
    {
      "geometry": {
        "coordinates": [
          [
            2.8535846211099026e-05,
            5.0192505976289834e-05,
            0
          ],
          [
            2.853584621109806e-05,
            4.793158228366418e-05,
            0
          ]
        ],
        "type": "LineString"
      },
      "properties": {
        "Id": "{1d264c76-f0a6-4489-8e2e-546c8aedb79a}",
        "Lane": {
          "Id": "{78051476-0521-3558-87d5-ae9abf0d691f}"
        },
        "Signals": [],
        "TurnRelation": "Right",
        "Type": "Gate"
      },
      "type": "Feature"
    },
    {
      "geometry": {
        "coordinates": [
          [
            3.099075759494934e-05,
            5.0192505976288716e-05,
            0
          ],
          [
            3.09907575949483e-05,
            4.79315822836631e-05,
            0
          ]
        ],
        "type": "LineString"
      },
      "properties": {
        "Id": "{54c242fa-b768-41c1-b048-d3b060fab6e2}",
        "Lane": {
          "Id": "{61233b2c-e5d4-336b-b31b-0463a10b0e9c}"
        },
        "Signals": [],
        "TurnRelation": "Straight",
        "Type": "Gate"
      },
      "type": "Feature"
    },
    {
      "geometry": {
        "coordinates": [
          [
            8.238464569114121e-06,
            4.7238186196829294e-05,
            0
          ],
          [
            6.810510978708748e-06,
            4.8983221299879e-05,
            0
          ]
        ],
        "type": "LineString"
      },
      "properties": {
        "Id": "{bd27a99f-c0f0-48b0-ad07-0b803c240d56}",
        "Lane": {
          "Id": "{c43e7be6-e80f-3a80-a49c-b5810ef4ae36}"
        },
        "Signals": [],
        "TurnRelation": "Straight",
        "Type": "Gate"
      },
      "type": "Feature"
    },
    {
      "geometry": {
        "coordinates": [
          [
            4.042418778537609e-06,
            2.2410139128932734e-05,
            0
          ],
          [
            6.288206988834804e-06,
            2.241013912893266e-05,
            0
          ]
        ],
        "type": "LineString"
      },
      "properties": {
        "Id": "{7f2e5a9c-6049-4360-ab66-84a8e009272f}",
        "Lane": {
          "Id": "{7aa3b7f6-14d4-324f-b814-3bfa8a5d683e}"
        },
        "Signals": [],
        "TurnRelation": "Straight",
        "Type": "Gate"
      },
      "type": "Feature"
    },
    {
      "geometry": {
        "coordinates": [
          [
            8.238464569114118e-06,
            4.7238186196829294e-05,
            0
          ],
          [
            6.810510978708742e-06,
            4.898322129987899e-05,
            0
          ]
        ],
        "type": "LineString"
      },
      "properties": {
        "Id": "{91d5c89f-746c-4884-8a4c-f9c833d652a7}",
        "Lane": {
          "Id": "{b0357da4-57a6-3bc8-bb34-6efb592d514e}"
        },
        "Signals": [],
        "TurnRelation": "Left",
        "Type": "Gate"
      },
      "type": "Feature"
    },
    {
      "geometry": {
        "coordinates": [
          [
            4.042418778537566e-06,
            2.061962407674863e-05,
            0
          ],
          [
            6.288206988834735e-06,
            2.061962407674857e-05,
            0
          ]
        ],
        "type": "LineString"
      },
      "properties": {
        "Id": "{0330a183-b44b-4d56-b46d-b9df1e5de5d1}",
        "Lane": {
          "Id": "{23137bee-820e-35c9-ac6b-a2b0b0f41b3e}"
        },
        "Signals": [],
        "TurnRelation": "Right",
        "Type": "Gate"
      },
      "type": "Feature"
    },
    {
      "geometry": {
        "coordinates": [
          [
            1.232222027192415e-05,
            2.8035453788561166e-05,
            0
          ],
          [
            1.2322220271924393e-05,
            3.0296377481187065e-05,
            0
          ]
        ],
        "type": "LineString"
      },
      "properties": {
        "Id": "{1c516994-3b8a-4d8a-924c-7fbf85689268}",
        "Lane": {
          "Id": "{d363f06e-4ae5-305d-8270-a8b39b66cfd1}"
        },
        "Signals": [],
        "TurnRelation": "Right",
        "Type": "Gate"
      },
      "type": "Feature"
    },
    {
      "geometry": {
        "coordinates": [
          [
            1.036132440926e-05,
            2.803545378856136e-05,
            0
          ],
          [
            1.0361324409260207e-05,
            3.029637748118727e-05,
            0
          ]
        ],
        "type": "LineString"
      },
      "properties": {
        "Id": "{c374dad5-3b0d-4964-81f5-229124e2a32c}",
        "Lane": {
          "Id": "{e33820e6-6026-33e3-b139-9fc2201d57ef}"
        },
        "Signals": [],
        "TurnRelation": "Left",
        "Type": "Gate"
      },
      "type": "Feature"
    }
  ],
  "type": "FeatureCollection"
}